journal_normalized,in_db,db_count,in_tqcc,tqcc_value
20 et 21-revue dhistoire,0,0,1,0
2d materials,0,0,1,10
3 biotech,0,0,1,6
3d printing and additive manufacturing,0,0,1,6
4or-a quarterly journal of operations research,0,0,1,2
aapg bulletin,0,0,1,7
aaps journal,0,0,1,6
aaps pharmscitech,0,0,1,9
aatcc journal of research,0,0,1,3
ab imperio-studies of new imperial history and nationalism in the post-soviet space,0,0,1,0
abacus-a journal of accounting finance and business studies,0,0,1,2
abdominal radiology,0,0,1,11
academia-revista latinoamericana de administracion,0,0,1,4
academic emergency medicine,0,0,1,3
academic medicine,0,0,1,4
academic pediatrics,0,0,1,3
academic psychiatry,0,0,1,2
academic radiology,0,0,1,6
academy of management annals,0,0,1,39
academy of management discoveries,0,0,1,10
academy of management journal,0,0,1,28
academy of management learning and education,0,0,1,9
academy of management perspectives,0,0,1,9
academy of management review,0,0,1,19
acadiensis,0,0,1,0
acarologia,0,0,1,2
accident analysis and prevention,0,0,1,16
accountability in research-policies and quality assurance,0,0,1,5
accounting and business research,0,0,1,4
accounting and finance,0,0,1,5
accounting auditing and accountability journal,0,0,1,8
accounting forum,0,0,1,9
accounting horizons,0,0,1,3
accounting organizations and society,0,0,1,11
accounting review,0,0,1,10
accounts of chemical research,0,0,1,37
accreditation and quality assurance,0,0,1,2
aci materials journal,0,0,1,1
aci structural journal,0,0,1,1
acm computing surveys,0,0,1,38
acm journal on computing and cultural heritage,0,0,1,6
acm journal on emerging technologies in computing systems,0,0,1,8
acm sigcomm computer communication review,0,0,1,8
acm transactions on algorithms,0,0,1,3
acm transactions on applied perception,0,0,1,6
acm transactions on architecture and code optimization,0,0,1,4
acm transactions on asian and low-resource language information processing,0,0,1,5
acm transactions on autonomous and adaptive systems,0,0,1,4
acm transactions on computational logic,0,0,1,3
acm transactions on computer-human interaction,0,0,1,21
acm transactions on computing education,0,0,1,7
acm transactions on database systems,0,0,1,3
acm transactions on design automation of electronic systems,0,0,1,4
acm transactions on embedded computing systems,0,0,1,6
acm transactions on graphics,0,0,1,17
acm transactions on information systems,0,0,1,12
acm transactions on intelligent systems and technology,0,0,1,9
acm transactions on interactive intelligent systems,0,0,1,12
acm transactions on internet technology,0,0,1,9
acm transactions on knowledge discovery from data,0,0,1,8
acm transactions on mathematical software,0,0,1,5
acm transactions on modeling and computer simulation,0,0,1,4
acm transactions on multimedia computing communications and applications,0,0,1,8
acm transactions on privacy and security,0,0,1,7
acm transactions on programming languages and systems,0,0,1,6
acm transactions on reconfigurable technology and systems,0,0,1,6
acm transactions on sensor networks,0,0,1,8
acm transactions on software engineering and methodology,0,0,1,9
acm transactions on storage,0,0,1,5
acm transactions on the web,0,0,1,6
acoustical physics,0,0,1,2
across languages and cultures,0,0,1,1
acs applied bio materials,1,1,0,
acs applied electronic materials,0,0,1,9
acs applied energy materials,0,0,1,13
acs applied materials and interfaces,0,0,1,19
acs applied nano materials,0,0,1,13
acs applied polymer materials,0,0,1,10
acs biomaterials science and engineering,1,1,1,12
acs catalysis,0,0,1,28
acs central science,0,0,1,17
acs chemical biology,0,0,1,10
acs chemical neuroscience,0,0,1,8
acs earth and space chemistry,0,0,1,6
acs energy letters,0,0,1,37
acs infectious diseases,0,0,1,8
acs macro letters,0,0,1,11
acs materials letters,0,0,1,17
acs medicinal chemistry letters,0,0,1,5
acs nano,0,0,1,30
acs omega,0,0,1,9
acs photonics,0,0,1,12
acs sensors,0,0,1,17
acs sustainable chemistry and engineering,0,0,1,17
acs synthetic biology,0,0,1,11
acsms health and fitness journal,0,0,1,1
acta adriatica,0,0,1,2
acta agriculturae scandinavica section b-soil and plant science,0,0,1,3
acta alimentaria,0,0,1,2
acta amazonica,0,0,1,2
acta anaesthesiologica scandinavica,0,0,1,4
acta analytica-international periodical for philosophy in the analytical tradition,0,0,1,1
acta applicandae mathematicae,0,0,1,3
acta archaeologica,0,0,1,0
acta arithmetica,0,0,1,1
acta astronautica,0,0,1,9
acta biochimica et biophysica sinica,1,1,1,5
acta biochimica polonica,0,0,1,3
acta bioethica,0,0,1,0
acta biolgica colombiana,0,0,1,1
acta biologica colombiana,0,0,1,1
acta biomaterialia,0,0,1,23
acta biotheoretica,0,0,1,3
acta botanica brasilica,0,0,1,2
acta botanica mexicana,0,0,1,2
acta cardiologica,0,0,1,3
acta carsologica,0,0,1,1
acta chimica sinica,0,0,1,4
acta chimica slovenica,0,0,1,3
acta chiropterologica,0,0,1,2
acta chirurgica belgica,0,0,1,2
acta cirurgica brasileira,0,0,1,3
acta clinica belgica,0,0,1,2
acta clinica croatica,0,0,1,0
acta crystallographica a-foundation and advances,0,0,1,0
acta crystallographica section b-structural science crystal engineering and materials,0,0,1,3
acta crystallographica section c-structural chemistry,0,0,1,2
acta crystallographica section d-structural biology,0,0,1,8
acta crystallographica section f-structural biology communications,0,0,1,2
acta cytologica,0,0,1,2
acta dermato-venereologica,0,0,1,4
acta endocrinologica-bucharest,0,0,1,1
acta entomologica musei nationalis pragae,0,0,1,1
acta ethologica,0,0,1,2
acta geodaetica et geophysica,0,0,1,5
acta geodynamica et geomaterialia,0,0,1,1
acta geographica slovenica-geografski zbornik,0,0,1,2
acta geologica sinica-english edition,0,0,1,4
acta geophysica,0,0,1,12
acta geotechnica,0,0,1,13
acta haematologica,0,0,1,2
acta histochemica,0,0,1,6
acta ichthyologica et piscatoria,0,0,1,2
acta informatica,0,0,1,1
acta linguistica academica,0,0,1,1
acta literaria,0,0,1,0
acta materialia,0,0,1,21
acta mathematica hungarica,0,0,1,1
acta mathematica scientia,0,0,1,1
acta mathematica sinica-english series,0,0,1,1
acta mathematicae applicatae sinica-english series,0,0,1,2
acta mechanica,0,0,1,6
acta mechanica sinica,0,0,1,7
acta mechanica solida sinica,0,0,1,5
acta medica portuguesa,0,0,1,1
acta metallurgica sinica-english letters,0,0,1,8
acta microbiologica et immunologica hungarica,0,0,1,3
acta neurobiologiae experimentalis,0,0,1,4
acta neurochirurgica,1,1,1,12
acta neurologica belgica,0,0,1,2
acta neurologica scandinavica,0,0,1,6
acta neuropathologica,0,0,1,29
acta neuropathologica communications,1,1,1,13
acta neuropsychiatrica,0,0,1,4
acta obstetricia et gynecologica scandinavica,0,0,1,6
acta oceanologica sinica,0,0,1,4
acta odontologica scandinavica,0,0,1,4
acta oecologica-international journal of ecology,0,0,1,4
acta oeconomica,0,0,1,2
acta oncologica,0,0,1,6
acta ophthalmologica,0,0,1,0
acta orientalia academiae scientiarum hungaricae,0,0,1,0
acta ornithologica,0,0,1,3
acta orthopaedica,0,0,1,6
acta orthopaedica et traumatologica turcica,0,0,1,3
acta ortopedica brasileira,0,0,1,1
acta oto-laryngologica,0,0,1,3
acta paediatrica,0,0,1,3
acta palaeontologica polonica,0,0,1,3
acta parasitologica,0,0,1,3
acta paulista de enfermagem,0,0,1,2
acta petrologica sinica,0,0,1,2
acta pharmaceutica sinica b,0,0,1,24
acta pharmacologica sinica,0,0,1,17
acta physica polonica a,0,0,1,1
acta physica polonica b,0,0,1,1
acta physica sinica,0,0,1,1
acta physico-chimica sinica,0,0,1,14
acta physiologiae plantarum,0,0,1,5
acta physiologica,0,0,1,6
acta politica,0,0,1,4
acta poloniae pharmaceutica,0,0,1,0
acta polytechnica hungarica,0,0,1,5
acta psychiatrica scandinavica,0,0,1,8
acta psychologica,0,0,1,3
acta radiologica,0,0,1,3
acta scientiarum polonorum-hortorum cultus,0,0,1,3
acta scientiarum-agronomy,0,0,1,2
acta scientiarum-technology,0,0,1,1
acta sociologica,0,0,1,2
acta theologica,0,0,1,0
acta tropica,0,0,1,6
acta veterinaria brno,0,0,1,1
acta veterinaria hungarica,0,0,1,2
acta veterinaria scandinavica,0,0,1,4
acta zoologica,0,0,1,2
acta zoologica academiae scientiarum hungaricae,0,0,1,2
actas urologicas espanolas,0,0,1,2
actes de la recherche en sciences sociales,0,0,1,2
action research,0,0,1,4
active learning in higher education,0,0,1,5
actuators,0,0,1,5
acupuncture in medicine,0,0,1,5
ad hoc networks,0,0,1,11
adapted physical activity quarterly,0,0,1,3
adaptive behavior,0,0,1,3
addiction,0,0,1,7
addiction biology,0,0,1,6
addiction research and theory,0,0,1,5
addiction science and clinical practice,0,0,1,6
addictive behaviors,0,0,1,10
additive manufacturing,0,0,1,9
adicciones,0,0,1,2
adipocyte,0,0,1,9
administration and policy in mental health and mental health services research,0,0,1,6
administration and society,0,0,1,5
administrative science quarterly,0,0,1,5
adolescent research review,0,0,1,14
adsorption science and technology,0,0,1,12
adsorption-journal of the international adsorption society,0,0,1,5
adult education quarterly,0,0,1,2
advanced composite materials,0,0,1,4
advanced composites and hybrid materials,0,0,1,36
advanced drug delivery reviews,0,0,1,47
advanced electronic materials,0,0,1,10
advanced energy materials,0,0,1,40
advanced engineering informatics,0,0,1,20
advanced engineering materials,0,0,1,5
advanced fiber materials,0,0,1,43
advanced functional materials,0,0,1,26
advanced healthcare materials,1,3,1,14
advanced intelligent systems,0,0,1,10
advanced materials,0,0,1,41
advanced materials deerfield beach fla,1,1,0,
advanced materials interfaces,0,0,1,10
advanced materials technologies,0,0,1,10
advanced nanobiomed research,1,1,0,
advanced optical materials,0,0,1,13
advanced photonics,0,0,1,19
advanced powder technology,0,0,1,11
advanced quantum technologies,0,0,1,5
advanced robotics,0,0,1,4
advanced science,0,0,1,16
advanced science weinheim baden-wurttemberg germany,1,3,0,
advanced sustainable systems,0,0,1,7
advanced synthesis and catalysis,0,0,1,9
advanced theory and simulations,0,0,1,5
advanced therapeutics,1,1,1,5
advances in anatomic pathology,0,0,1,5
advances in applied ceramics,0,0,1,4
advances in applied clifford algebras,0,0,1,2
advances in applied mathematics,0,0,1,2
advances in applied mathematics and mechanics,0,0,1,2
advances in applied probability,0,0,1,2
advances in archaeological practice,0,0,1,3
advances in astronomy,0,0,1,3
advances in atmospheric sciences,0,0,1,8
advances in calculus of variations,0,0,1,2
advances in cement research,0,0,1,3
advances in chronic kidney disease,0,0,1,7
advances in civil engineering,0,0,1,3
advances in climate change research,0,0,1,11
advances in clinical and experimental medicine,0,0,1,4
advances in colloid and interface science,0,0,1,42
advances in complex systems,0,0,1,2
advances in computational mathematics,0,0,1,4
advances in condensed matter physics,0,0,1,3
advances in data analysis and classification,0,0,1,4
advances in electrical and computer engineering,0,0,1,2
advances in engineering software,0,0,1,12
advances in geometry,0,0,1,1
advances in health sciences education,0,0,1,7
advances in high energy physics,0,0,1,3
advances in manufacturing,0,0,1,8
advances in materials science and engineering,0,0,1,6
advances in mathematical physics,0,0,1,3
advances in mathematics,0,0,1,4
advances in medical sciences,0,0,1,5
advances in meteorology,0,0,1,5
advances in methods and practices in psychological science,0,0,1,13
advances in neonatal care,0,0,1,3
advances in nonlinear analysis,0,0,1,10
advances in nursing science,0,0,1,2
advances in nutrition,0,0,1,20
advances in optics and photonics,0,0,1,71
advances in physics-x,0,0,1,13
advances in physiology education,0,0,1,4
advances in polymer technology,0,0,1,6
advances in production engineering and management,0,0,1,2
advances in rheumatology,0,0,1,5
advances in skin and wound care,0,0,1,3
advances in space research,0,0,1,6
advances in structural engineering,0,0,1,5
advances in theoretical and mathematical physics,0,0,1,3
advances in therapy,0,0,1,8
advances in water resources,0,0,1,8
advances in wound care,0,0,1,13
aeolian research,0,0,1,7
aequationes mathematicae,0,0,1,1
aera open,0,0,1,6
aerobiologia,0,0,1,5
aeronautical journal,0,0,1,3
aerosol and air quality research,0,0,1,7
aerosol science and technology,0,0,1,5
aerospace,0,0,1,6
aerospace medicine and human performance,0,0,1,1
aerospace science and technology,0,0,1,14
aesthetic plastic surgery,0,0,1,3
aesthetic surgery journal,0,0,1,5
aeu-international journal of electronics and communications,0,0,1,7
affilia-feminist inquiry in social work,0,0,1,2
africa,0,0,1,0
africa spectrum,0,0,1,2
african affairs,0,0,1,4
african and asian studies,0,0,1,0
african archaeological review,0,0,1,2
african arts,0,0,1,0
african development review-revue africaine de developpement,0,0,1,5
african entomology,0,0,1,3
african health sciences,0,0,1,3
african journal of aquatic science,0,0,1,3
african journal of ecology,0,0,1,3
african journal of emergency medicine,0,0,1,3
african journal of marine science,0,0,1,2
african journal of range and forage science,0,0,1,3
african journal of wildlife research,0,0,1,1
african journalism studies,0,0,1,2
african studies,0,0,1,2
african studies review,0,0,1,0
african zoology,0,0,1,2
afterall,0,0,1,0
age and ageing,0,0,1,2
ageing and society,0,0,1,3
ageing research reviews,0,0,1,31
agenda,0,0,1,2
aggression and violent behavior,0,0,1,7
aggressive behavior,0,0,1,5
aging and disease,0,0,1,10
aging and mental health,0,0,1,6
aging cell,0,0,1,14
aging clinical and experimental research,0,0,1,8
aging male,0,0,1,5
aging neuropsychology and cognition,0,0,1,5
aging-us,0,0,1,7
agrekon,0,0,1,4
agribusiness,0,0,1,4
agricultural and environmental letters,0,0,1,3
agricultural and food economics,0,0,1,8
agricultural and food science,0,0,1,1
agricultural and forest entomology,0,0,1,4
agricultural and forest meteorology,0,0,1,14
agricultural economics,0,0,1,6
agricultural economics-zemedelska ekonomika,0,0,1,3
agricultural history,0,0,1,0
agricultural systems,0,0,1,14
agricultural water management,0,0,1,17
agriculture and human values,0,0,1,6
agriculture ecosystems and environment,0,0,1,17
agriculture-basel,0,0,1,8
agrochimica,0,0,1,1
agroecology and sustainable food systems,0,0,1,4
agroforestry systems,0,0,1,5
agronomy for sustainable development,0,0,1,18
agronomy journal,0,0,1,5
agronomy-basel,0,0,1,8
ai communications,0,0,1,3
ai edam-artificial intelligence for engineering design analysis and manufacturing,0,0,1,5
ai magazine,0,0,1,4
aiaa journal,0,0,1,7
aibr-revista de antropologia iberoamericana,0,0,1,0
aiche journal,0,0,1,9
aids,0,0,1,5
aids and behavior,0,0,1,6
aids care-psychological and socio-medical aspects of aidshiv,0,0,1,3
aids education and prevention,0,0,1,3
aids patient care and stds,0,0,1,8
aids research and human retroviruses,0,0,1,4
aids research and therapy,0,0,1,5
aids reviews,0,0,1,3
aims mathematics,0,0,1,3
ain shams engineering journal,0,0,1,14
aip advances,0,0,1,3
air quality atmosphere and health,0,0,1,6
aircraft engineering and aerospace technology,0,0,1,4
ajar-african journal of aids research,0,0,1,3
ajidd-american journal on intellectual and developmental disabilities,0,0,1,3
akce international journal of graphs and combinatorics,0,0,1,1
aktuelle rheumatologie,0,0,1,0
aktuelle urologie,0,0,1,0
al-masaq-journal of the medieval mediterranean,0,0,1,0
al-qantara,0,0,1,0
alcheringa,0,0,1,3
alcohol,0,0,1,3
alcohol and alcoholism,0,0,1,4
alcoholism-clinical and experimental research,0,0,1,11
alea-estudos neolatinos,0,0,1,0
alea-latin american journal of probability and mathematical statistics,0,0,1,2
alexandria engineering journal,0,0,1,17
algae,0,0,1,7
algal research-biomass biofuels and bioproducts,0,0,1,11
algebra and logic,0,0,1,1
algebra and number theory,0,0,1,2
algebra colloquium,0,0,1,0
algebra universalis,0,0,1,1
algebraic and geometric topology,0,0,1,1
algebraic geometry,0,0,1,2
algebras and representation theory,0,0,1,1
algorithmica,0,0,1,2
algorithms for molecular biology,0,0,1,5
alimentary pharmacology and therapeutics,0,0,1,5
all life,0,0,1,3
allelopathy journal,0,0,1,1
allergologia et immunopathologia,0,0,1,5
allergologie,0,0,1,0
allergology international,0,0,1,9
allergy,0,0,1,10
allergy and asthma proceedings,0,0,1,6
allergy asthma and clinical immunology,0,0,1,6
allergy asthma and immunology research,0,0,1,9
allgemeine zeitschrift fuer philosophie,0,0,1,0
alpha-revista de artes letras y filosofia,0,0,1,0
alpine botany,0,0,1,5
altex-alternatives to animal experimentation,0,0,1,2
alzheimer disease and associated disorders,0,0,1,5
alzheimers and dementia,0,0,1,1
alzheimers research and therapy,0,0,1,16
amb express,0,0,1,9
ambio,0,0,1,10
ambix,0,0,1,1
ameghiniana,0,0,1,2
amerasia journal,0,0,1,0
american annals of the deaf,0,0,1,1
american anthropologist,0,0,1,2
american antiquity,0,0,1,0
american art,0,0,1,0
american behavioral scientist,0,0,1,4
american biology teacher,0,0,1,0
american book review,0,0,1,0
american business law journal,0,0,1,1
american catholic philosophical quarterly,0,0,1,0
american economic journal-applied economics,0,0,1,10
american economic journal-economic policy,0,0,1,7
american economic journal-macroeconomics,0,0,1,7
american economic journal-microeconomics,0,0,1,4
american economic review,0,0,1,31
american economic review-insights,0,0,1,6
american educational research journal,0,0,1,10
american ethnologist,0,0,1,1
american fern journal,0,0,1,1
american heart journal,0,0,1,5
american historical review,0,0,1,0
american imago,0,0,1,0
american indian and alaska native mental health research,0,0,1,2
american indian culture and research journal,0,0,1,0
american jewish history,0,0,1,0
american journal of agricultural economics,0,0,1,8
american journal of alzheimers disease and other dementias,0,0,1,7
american journal of archaeology,0,0,1,0
american journal of audiology,0,0,1,4
american journal of bioethics,0,0,1,2
american journal of botany,0,0,1,6
american journal of cardiology,0,0,1,5
american journal of cardiovascular drugs,0,0,1,6
american journal of chinese medicine,0,0,1,13
american journal of clinical dermatology,0,0,1,20
american journal of clinical hypnosis,0,0,1,1
american journal of clinical nutrition,0,0,1,11
american journal of clinical oncology-cancer clinical trials,0,0,1,3
american journal of clinical pathology,0,0,1,0
american journal of community psychology,0,0,1,5
american journal of comparative law,0,0,1,1
american journal of criminal justice,0,0,1,3
american journal of critical care,0,0,1,2
american journal of cultural sociology,0,0,1,2
american journal of dermatopathology,0,0,1,1
american journal of drug and alcohol abuse,0,0,1,5
american journal of economics and sociology,0,0,1,2
american journal of education,0,0,1,3
american journal of emergency medicine,0,0,1,4
american journal of enology and viticulture,0,0,1,4
american journal of epidemiology,0,0,1,5
american journal of evaluation,0,0,1,2
american journal of family therapy,0,0,1,2
american journal of forensic medicine and pathology,0,0,1,2
american journal of gastroenterology,0,0,1,0
american journal of geriatric psychiatry,0,0,1,1
american journal of health economics,0,0,1,4
american journal of health promotion,0,0,1,4
american journal of health-system pharmacy,0,0,1,2
american journal of hematology,0,0,1,8
american journal of hospice and palliative medicine,0,0,1,3
american journal of human biology,0,0,1,3
american journal of human genetics,0,0,1,17
american journal of hypertension,0,0,1,3
american journal of industrial medicine,0,0,1,4
american journal of infection control,0,0,1,3
american journal of international law,0,0,1,0
american journal of kidney diseases,0,0,1,1
american journal of law and medicine,0,0,1,1
american journal of medical genetics part a,0,0,1,4
american journal of medical genetics part b-neuropsychiatric genetics,0,0,1,2
american journal of medical genetics part c-seminars in medical genetics,0,0,1,6
american journal of medical quality,0,0,1,1
american journal of medicine,0,0,1,3
american journal of mens health,0,0,1,5
american journal of nephrology,0,0,1,6
american journal of neuroradiology,0,0,1,6
american journal of nursing,0,0,1,0
american journal of obstetrics and gynecology,0,0,1,1
american journal of obstetrics and gynecology mfm,0,0,1,6
american journal of occupational therapy,0,0,1,1
american journal of ophthalmology,0,0,1,8
american journal of orthodontics and dentofacial orthopedics,0,0,1,4
american journal of orthopsychiatry,0,0,1,4
american journal of otolaryngology,0,0,1,5
american journal of pathology,0,0,1,7
american journal of perinatology,0,0,1,3
american journal of pharmaceutical education,0,0,1,1
american journal of physical medicine and rehabilitation,0,0,1,3
american journal of physics,0,0,1,2
american journal of physiology-cell physiology,0,0,1,11
american journal of physiology-endocrinology and metabolism,0,0,1,7
american journal of physiology-gastrointestinal and liver physiology,0,0,1,7
american journal of physiology-heart and circulatory physiology,0,0,1,8
american journal of physiology-lung cellular and molecular physiology,0,0,1,9
american journal of physiology-regulatory integrative and comparative physiology,0,0,1,6
american journal of physiology-renal physiology,0,0,1,8
american journal of political science,0,0,1,7
american journal of potato research,0,0,1,3
american journal of preventive medicine,0,0,1,9
american journal of primatology,0,0,1,3
american journal of psychiatry,0,0,1,15
american journal of psychology,0,0,1,1
american journal of public health,0,0,1,5
american journal of reproductive immunology,0,0,1,4
american journal of respiratory and critical care medicine,0,0,1,0
american journal of respiratory cell and molecular biology,0,0,1,7
american journal of rhinology and allergy,0,0,1,7
american journal of roentgenology,0,0,1,4
american journal of science,0,0,1,7
american journal of semiotics,0,0,1,0
american journal of sociology,0,0,1,0
american journal of speech-language pathology,0,0,1,6
american journal of sports medicine,0,0,1,10
american journal of surgery,0,0,1,4
american journal of surgical pathology,0,0,1,9
american journal of the medical sciences,0,0,1,0
american journal of therapeutics,0,0,1,3
american journal of translational research,1,1,0,
american journal of transplantation,0,0,1,1
american journal of tropical medicine and hygiene,0,0,1,4
american journal of veterinary research,0,0,1,1
american journal on addictions,0,0,1,1
american literary history,0,0,1,0
american literature,0,0,1,0
american mathematical monthly,0,0,1,0
american midland naturalist,0,0,1,3
american mineralogist,0,0,1,6
american museum novitates,0,0,1,2
american music,0,0,1,0
american naturalist,0,0,1,8
american nineteenth century history,0,0,1,0
american philosophical quarterly,0,0,1,2
american political science review,0,0,1,12
american politics research,0,0,1,4
american psychologist,0,0,1,4
american review of public administration,0,0,1,5
american scientist,0,0,1,0
american sociological review,0,0,1,14
american speech,0,0,1,1
american statistician,0,0,1,3
american studies in scandinavia,0,0,1,0
american surgeon,0,0,1,2
americas,0,0,1,0
amfiteatru economic,0,0,1,4
amino acids,0,0,1,10
amphibia-reptilia,0,0,1,2
amyloid-journal of protein folding disorders,0,0,1,7
amyotrophic lateral sclerosis and frontotemporal degeneration,0,0,1,4
anaerobe,0,0,1,7
anaesthesia,0,0,1,5
anaesthesia and intensive care,0,0,1,2
anaesthesia critical care and pain medicine,0,0,1,3
anais brasileiros de dermatologia,0,0,1,3
anais da academia brasileira de ciencias,0,0,1,2
analele stiintifice ale universitatii ovidius constanta-seria matematica,0,0,1,0
anales de pediatria,0,0,1,2
anales de psicologia,0,0,1,5
anales del seminario de historia de la filosofia,0,0,1,0
anales del sistema sanitario de navarra,0,0,1,2
analog integrated circuits and signal processing,0,0,1,3
analyses of social issues and public policy,0,0,1,3
analysis,0,0,1,1
analysis and applications,0,0,1,3
analysis and mathematical physics,0,0,1,2
analysis and pde,0,0,1,3
analysis mathematica,0,0,1,1
analyst,0,0,1,8
analytic philosophy,0,0,1,1
analytica chimica acta,0,0,1,14
analytical and bioanalytical chemistry,0,0,1,9
analytical biochemistry,0,0,1,8
analytical cellular pathology,0,0,1,6
analytical chemistry,0,0,1,14
analytical letters,0,0,1,4
analytical methods,0,0,1,5
analytical sciences,0,0,1,5
anasthesiologie intensivmedizin notfallmedizin schmerztherapie,0,0,1,0
anatolian journal of cardiology,0,0,1,1
anatomia histologia embryologia,0,0,1,2
anatomical record-advances in integrative anatomy and evolutionary biology,0,0,1,4
anatomical science international,0,0,1,3
anatomical sciences education,0,0,1,6
ancient mesoamerica,0,0,1,3
andamios,0,0,1,0
andean geology,0,0,1,2
andrologia,0,0,1,6
andrology,0,0,1,7
anesthesia and analgesia,0,0,1,4
anesthesiology,0,0,1,3
angelaki-journal of the theoretical humanities,0,0,1,0
angewandte chemie-international edition,0,0,1,27
angiogenesis,0,0,1,16
angiology,0,0,1,3
angle orthodontist,0,0,1,6
anglia-zeitschrift fuer englische philologie,0,0,1,0
animal,0,0,1,8
animal behaviour,0,0,1,5
animal biodiversity and conservation,0,0,1,2
animal biology,0,0,1,1
animal bioscience,0,0,1,6
animal biotechnology,0,0,1,5
animal biotelemetry,0,0,1,5
animal cells and systems,0,0,1,7
animal cognition,0,0,1,8
animal conservation,0,0,1,6
animal feed science and technology,0,0,1,7
animal frontiers,0,0,1,10
animal genetics,0,0,1,5
animal health research reviews,0,0,1,18
animal nutrition,0,0,1,17
animal production science,0,0,1,3
animal reproduction science,0,0,1,4
animal science journal,0,0,1,3
animal welfare,0,0,1,3
animals,0,0,1,7
animation-an interdisciplinary journal,0,0,1,1
ankara universitesi veteriner fakultesi dergisi,0,0,1,2
annalen der physik,0,0,1,4
annales botanici fennici,0,0,1,1
annales de biologie clinique,0,0,1,0
annales de bretagne et des pays de louest,0,0,1,0
annales de chirurgie plastique esthetique,0,0,1,1
annales de dermatologie et de venereologie,0,0,1,2
annales de la societe entomologique de france,0,0,1,2
annales de linstitut henri poincare-analyse non lineaire,0,0,1,5
annales de linstitut henri poincare-probabilites et statistiques,0,0,1,3
annales de paleontologie,0,0,1,1
annales de pathologie,0,0,1,0
annales dendocrinologie,0,0,1,0
annales henri poincare,0,0,1,3
annales medico-psychologiques,0,0,1,0
annales polonici mathematici,0,0,1,1
annales scientifiques de lecole normale superieure,0,0,1,3
annales societatis geologorum poloniae,0,0,1,1
annales zoologici,0,0,1,2
annali della scuola normale superiore di pisa-classe di scienze,0,0,1,1
annali di matematica pura ed applicata,0,0,1,2
annals academy of medicine singapore,0,0,1,3
annals of agricultural and environmental medicine,0,0,1,3
annals of agricultural sciences,0,0,1,10
annals of allergy asthma and immunology,0,0,1,1
annals of anatomy-anatomischer anzeiger,0,0,1,3
annals of applied biology,0,0,1,3
annals of applied probability,0,0,1,5
annals of applied statistics,0,0,1,4
annals of behavioral medicine,0,0,1,7
annals of biomedical engineering,0,0,1,7
annals of botany,0,0,1,7
annals of cardiothoracic surgery,0,0,1,6
annals of clinical and translational neurology,0,0,1,8
annals of clinical biochemistry,0,0,1,2
annals of clinical microbiology and antimicrobials,0,0,1,10
annals of combinatorics,0,0,1,1
annals of dermatology,0,0,1,3
annals of diagnostic pathology,0,0,1,4
annals of dyslexia,0,0,1,6
annals of emergency medicine,0,0,1,0
annals of epidemiology,0,0,1,3
annals of family medicine,0,0,1,2
annals of forest science,0,0,1,12
annals of functional analysis,0,0,1,2
annals of gastroenterological surgery,0,0,1,5
annals of general psychiatry,0,0,1,8
annals of geophysics,0,0,1,2
annals of glaciology,0,0,1,3
annals of global analysis and geometry,0,0,1,2
annals of global health,0,0,1,8
annals of hematology,0,0,1,4
annals of hepatology,0,0,1,1
annals of human biology,0,0,1,3
annals of human genetics,0,0,1,2
annals of indian academy of neurology,0,0,1,2
annals of intensive care,0,0,1,12
annals of internal medicine,0,0,1,4
annals of laboratory medicine,0,0,1,6
annals of mathematics,0,0,1,11
annals of mathematics and artificial intelligence,0,0,1,3
annals of medicine,0,0,1,7
annals of medicine and surgery 2012,1,1,0,
annals of microbiology,0,0,1,12
annals of neurology,0,0,1,13
annals of noninvasive electrocardiology,0,0,1,2
annals of nuclear energy,0,0,1,6
annals of nuclear medicine,0,0,1,5
annals of nutrition and metabolism,0,0,1,3
annals of oncology,0,0,1,0
annals of operations research,0,0,1,8
annals of otology rhinology and laryngology,0,0,1,3
annals of palliative medicine,0,0,1,5
annals of pde,0,0,1,6
annals of pharmacotherapy,0,0,1,5
annals of physical and rehabilitation medicine,0,0,1,7
annals of physics,0,0,1,5
annals of plastic surgery,0,0,1,3
annals of probability,0,0,1,5
annals of public and cooperative economics,0,0,1,6
annals of pure and applied logic,0,0,1,2
annals of regional science,0,0,1,5
annals of saudi medicine,0,0,1,5
annals of science,0,0,1,0
annals of statistics,0,0,1,8
annals of surgery,0,0,1,11
annals of surgical oncology,0,0,1,2
annals of surgical treatment and research,0,0,1,4
annals of telecommunications,0,0,1,4
annals of the american academy of political and social science,0,0,1,7
annals of the american association of geographers,0,0,1,5
annals of the entomological society of america,0,0,1,3
annals of the institute of statistical mathematics,0,0,1,2
annals of the missouri botanical garden,0,0,1,2
annals of the new york academy of sciences,0,0,1,8
annals of the rheumatic diseases,0,0,1,0
annals of the royal college of surgeons of england,0,0,1,3
annals of thoracic and cardiovascular surgery,0,0,1,3
annals of thoracic medicine,0,0,1,5
annals of thoracic surgery,0,0,1,5
annals of tourism research,0,0,1,16
annals of translational medicine,0,0,1,8
annals of vascular surgery,0,0,1,3
annals of work exposures and health,0,0,1,1
annee psychologique,0,0,1,0
annual of the british school at athens,0,0,1,1
annual review of analytical chemistry,0,0,1,20
annual review of animal biosciences,0,0,1,22
annual review of anthropology,0,0,1,7
annual review of biochemistry,0,0,1,55
annual review of biomedical engineering,0,0,1,26
annual review of biophysics,0,0,1,34
annual review of cancer biology,0,0,1,11
annual review of cell and developmental biology,0,0,1,26
annual review of clinical psychology,0,0,1,29
annual review of condensed matter physics,0,0,1,53
annual review of criminology,0,0,1,14
annual review of earth and planetary sciences,0,0,1,25
annual review of ecology evolution and systematics,0,0,1,26
annual review of economics,0,0,1,34
annual review of entomology,0,0,1,37
annual review of fluid mechanics,0,0,1,62
annual review of food science and technology,0,0,1,32
annual review of genetics,0,0,1,20
annual review of genomics and human genetics,0,0,1,21
annual review of immunology,0,0,1,59
annual review of law and social science,0,0,1,3
annual review of linguistics,0,0,1,11
annual review of marine science,0,0,1,34
annual review of medicine,0,0,1,43
annual review of microbiology,0,0,1,28
annual review of neuroscience,0,0,1,43
annual review of organizational psychology and organizational behavior,0,0,1,46
annual review of pathology-mechanisms of disease,0,0,1,71
annual review of pharmacology and toxicology,0,0,1,39
annual review of physiology,0,0,1,48
annual review of phytopathology,0,0,1,31
annual review of political science,0,0,1,21
annual review of psychology,0,0,1,55
annual review of public health,0,0,1,42
annual review of resource economics,0,0,1,15
annual review of sociology,0,0,1,23
annual review of statistics and its application,0,0,1,16
annual review of virology,0,0,1,21
annual review of vision science,0,0,1,16
annual review plant biology,0,0,1,57
annual reviews in control,0,0,1,27
anq-a quarterly journal of short articles notes and reviews,0,0,1,0
antarctic science,0,0,1,4
anthropocene,0,0,1,9
anthropocene review,0,0,1,7
anthropological forum,0,0,1,2
anthropological theory,0,0,1,3
anthropologie,0,0,1,2
anthropologischer anzeiger,0,0,1,1
anthropology and education quarterly,0,0,1,0
anthropology and medicine,0,0,1,3
anthropology southern africa,0,0,1,1
anthropos,0,0,1,0
anthrozoos,0,0,1,4
anti-cancer agents in medicinal chemistry,0,0,1,6
anti-cancer drugs,0,0,1,5
anti-corrosion methods and materials,0,0,1,6
antibiotics-basel,0,0,1,11
anticancer research,0,0,1,3
antimicrobial agents and chemotherapy,0,0,1,10
antimicrobial resistance and infection control,0,0,1,11
antioxidants,0,0,1,16
antioxidants and redox signaling,0,0,1,16
antioxidants basel switzerland,1,1,0,
antipode,0,0,1,6
antiquaries journal,0,0,1,0
antiquity,0,0,1,2
antiviral research,0,0,1,9
antiviral therapy,0,0,1,6
antonie van leeuwenhoek international journal of general and molecular microbiology,0,0,1,4
anuario de estudios americanos,0,0,1,0
anuario de estudios medievales,0,0,1,0
anuario de historia de la iglesia,0,0,1,0
anuario filosofico,0,0,1,0
anuario musical,0,0,1,0
anxiety stress and coping,0,0,1,5
anz journal of surgery,0,0,1,2
anziam journal,0,0,1,1
aob plants,0,0,1,6
aorn journal,0,0,1,0
aphasiology,0,0,1,4
apidologie,0,0,1,4
apl bioengineering,1,4,1,9
apl materials,0,0,1,8
apl photonics,0,0,1,10
apmis,0,0,1,3
apoptosis,0,0,1,14
appetite,0,0,1,8
applicable algebra in engineering communication and computing,0,0,1,1
applicable analysis,0,0,1,1
applicable analysis and discrete mathematics,0,0,1,2
applications in plant sciences,0,0,1,5
applied acoustics,0,0,1,10
applied and computational harmonic analysis,0,0,1,6
applied and environmental microbiology,0,0,1,9
applied animal behaviour science,0,0,1,5
applied artificial intelligence,0,0,1,9
applied biochemistry and biotechnology,0,0,1,7
applied biochemistry and microbiology,0,0,1,3
applied biological chemistry,0,0,1,13
applied bionics and biomechanics,0,0,1,3
applied catalysis a-general,0,0,1,10
applied catalysis b-environmental,0,0,1,53
applied categorical structures,0,0,1,1
applied clay science,0,0,1,14
applied clinical informatics,0,0,1,5
applied cognitive psychology,0,0,1,4
applied composite materials,0,0,1,6
applied developmental science,0,0,1,3
applied ecology and environmental research,0,0,1,1
applied economic analysis,0,0,1,4
applied economic perspectives and policy,0,0,1,6
applied economics,0,0,1,4
applied economics letters,0,0,1,2
applied energy,0,0,1,28
applied entomology and zoology,0,0,1,2
applied ergonomics,0,0,1,10
applied geochemistry,0,0,1,8
applied geography,0,0,1,14
applied geophysics,0,0,1,1
applied health economics and health policy,0,0,1,6
applied immunohistochemistry and molecular morphology,0,0,1,3
applied intelligence,0,0,1,8
applied linguistics,0,0,1,5
applied linguistics review,0,0,1,7
applied magnetic resonance,0,0,1,3
applied materials today,0,0,1,10
applied mathematical modelling,0,0,1,13
applied mathematics and computation,0,0,1,4
applied mathematics and mechanics-english edition,0,0,1,9
applied mathematics and optimization,0,0,1,3
applied mathematics letters,0,0,1,6
applied mathematics-a journal of chinese universities series b,0,0,1,2
applied measurement in education,0,0,1,3
applied mechanics reviews,0,0,1,28
applied microbiology and biotechnology,0,0,1,12
applied nanoscience,0,0,1,7
applied neuropsychology-adult,0,0,1,3
applied neuropsychology-child,0,0,1,2
applied numerical mathematics,0,0,1,6
applied nursing research,0,0,1,5
applied ocean research,0,0,1,10
applied optics,0,0,1,4
applied organometallic chemistry,0,0,1,7
applied physics a-materials science and processing,0,0,1,7
applied physics b-lasers and optics,0,0,1,4
applied physics express,0,0,1,6
applied physics letters,0,0,1,8
applied physics reviews,0,0,1,21
applied physiology nutrition and metabolism,0,0,1,4
applied psycholinguistics,0,0,1,5
applied psychological measurement,0,0,1,3
applied psychology-an international review-psychologie appliquee-revue internationale,0,0,1,8
applied psychology-health and well being,0,0,1,6
applied psychophysiology and biofeedback,0,0,1,5
applied radiation and isotopes,0,0,1,4
applied research in quality of life,0,0,1,5
applied sciences-basel,0,0,1,6
applied soft computing,0,0,1,16
applied soil ecology,0,0,1,12
applied spatial analysis and policy,0,0,1,5
applied spectroscopy,0,0,1,5
applied spectroscopy reviews,0,0,1,10
applied stochastic models in business and industry,0,0,1,2
applied surface science,0,0,1,18
applied thermal engineering,0,0,1,13
applied vegetation science,0,0,1,6
applied water science,0,0,1,12
aquacultural engineering,0,0,1,8
aquaculture,0,0,1,12
aquaculture economics and management,0,0,1,10
aquaculture environment interactions,0,0,1,7
aquaculture international,0,0,1,5
aquaculture nutrition,0,0,1,9
aquaculture reports,0,0,1,5
aquaculture research,0,0,1,6
aquatic botany,0,0,1,6
aquatic conservation-marine and freshwater ecosystems,0,0,1,4
aquatic ecology,0,0,1,4
aquatic ecosystem health and management,0,0,1,2
aquatic insects,0,0,1,1
aquatic invasions,0,0,1,6
aquatic mammals,0,0,1,2
aquatic microbial ecology,0,0,1,2
aquatic sciences,0,0,1,4
aquatic toxicology,0,0,1,10
arab journal of gastroenterology,0,0,1,2
arabian archaeology and epigraphy,0,0,1,1
arabian journal for science and engineering,0,0,1,6
arabian journal of chemistry,0,0,1,15
arabica,0,0,1,0
arbor-ciencia pensamiento y cultura,0,0,1,1
arcadia,0,0,1,0
archaeofauna,0,0,1,1
archaeological and anthropological sciences,0,0,1,5
archaeological dialogues,0,0,1,2
archaeological prospection,0,0,1,4
archaeological research in asia,0,0,1,2
archaeologies-journal of the world archaeological congress,0,0,1,1
archaeology in oceania,0,0,1,2
archaeometry,0,0,1,3
archeologicke rozhledy,0,0,1,1
archeosciences-revue darcheometrie,0,0,1,0
archipel-etudes interdisciplinaires sur le monde insulindien,0,0,1,0
architectura-zeitschrift fuer geschichte der baukunst,0,0,1,0
architectural design,0,0,1,0
architectural engineering and design management,0,0,1,3
architectural history,0,0,1,0
architectural science review,0,0,1,4
architectural theory review,0,0,1,0
archiv der mathematik,0,0,1,1
archiv der pharmazie,0,0,1,6
archiv fuer das studium der neueren sprachen und literaturen,0,0,1,0
archiv fuer geschichte der philosophie,0,0,1,0
archiv fuer papyrusforschung und verwandte gebiete,0,0,1,0
archive for history of exact sciences,0,0,1,1
archive for mathematical logic,0,0,1,1
archive for rational mechanics and analysis,0,0,1,6
archive for the psychology of religion-archiv fuer religionspsychologie,0,0,1,3
archive of applied mechanics,0,0,1,6
archives and records-the journal of the archives and records association,0,0,1,0
archives animal breeding,0,0,1,4
archives de pediatrie,0,0,1,3
archives des maladies professionnelles et de lenvironnement,0,0,1,0
archives europeennes de sociologie,0,0,1,0
archives of agronomy and soil science,0,0,1,5
archives of american art journal,0,0,1,0
archives of animal nutrition,0,0,1,3
archives of biochemistry and biophysics,0,0,1,6
archives of biological sciences,0,0,1,2
archives of cardiovascular diseases,0,0,1,0
archives of computational methods in engineering,0,0,1,24
archives of disease in childhood,0,0,1,2
archives of disease in childhood-education and practice edition,0,0,1,1
archives of disease in childhood-fetal and neonatal edition,0,0,1,6
archives of endocrinology metabolism,0,0,1,3
archives of environmental and occupational health,0,0,1,3
archives of environmental contamination and toxicology,0,0,1,6
archives of gerontology and geriatrics,0,0,1,9
archives of insect biochemistry and physiology,0,0,1,4
archives of medical research,0,0,1,6
archives of medical science,0,0,1,1
archives of microbiology,0,0,1,7
archives of natural history,0,0,1,0
archives of oral biology,0,0,1,6
archives of osteoporosis,0,0,1,11
archives of pathology and laboratory medicine,0,0,1,5
archives of pharmacal research,0,0,1,16
archives of physical medicine and rehabilitation,0,0,1,1
archives of physiology and biochemistry,0,0,1,3
archives of psychiatric nursing,0,0,1,5
archives of sexual behavior,0,0,1,6
archives of suicide research,0,0,1,5
archives of toxicology,0,0,1,9
archives of virology,0,0,1,5
archives of womens mental health,0,0,1,6
archivo espanol de arte,0,0,1,0
archivos argentinos de pediatria,0,0,1,0
archivos de bronconeumologia,0,0,1,2
archivum immunologiae et therapiae experimentalis,0,0,1,10
archnet-ijar international journal of architectural research,0,0,1,5
arctic,0,0,1,2
arctic antarctic and alpine research,0,0,1,4
arctic science,0,0,1,5
ardea,0,0,1,4
ardeola-international journal of ornithology,0,0,1,2
area,0,0,1,4
argumenta oeconomica,0,0,1,2
argumentation,0,0,1,2
arid land research and management,0,0,1,4
ariel-a review of international english literature,0,0,1,0
arkiv for matematik,0,0,1,1
arkivoc,0,0,1,1
armed forces and society,0,0,1,2
arq,0,0,1,0
arq-architectural research quarterly,0,0,1,0
arqueologia,0,0,1,1
arquitetura revista,0,0,1,1
arquivo brasileiro de medicina veterinaria e zootecnia,0,0,1,1
arquivos brasileiros de cardiologia,0,0,1,1
arquivos brasileiros de oftalmologia,0,0,1,1
arquivos de neuro-psiquiatria,0,0,1,1
ars mathematica contemporanea,0,0,1,1
art bulletin,0,0,1,0
art history,0,0,1,0
art journal,0,0,1,0
arte individuo y sociedad,0,0,1,1
arteriosclerosis thrombosis and vascular biology,0,0,1,2
arthritis and rheumatology,0,0,1,11
arthritis care and research,0,0,1,9
arthropod structure and development,0,0,1,3
arthropod-plant interactions,0,0,1,3
arthropoda selecta,0,0,1,1
arthroscopy-the journal of arthroscopic and related surgery,0,0,1,6
arthuriana,0,0,1,0
artificial cells nanomedicine and biotechnology,0,0,1,8
artificial intelligence,0,0,1,7
artificial intelligence and law,0,0,1,6
artificial intelligence in medicine,0,0,1,14
artificial intelligence review,0,0,1,50
artificial life,0,0,1,3
artificial organs,0,0,1,4
artmargins,0,0,1,0
arts and health,0,0,1,2
arts in psychotherapy,0,0,1,4
asaio journal,0,0,1,1
asce-asme journal of risk and uncertainty in engineering systems part a-civil engineering,0,0,1,5
asclepio-revista de historia de la medicina y de la ciencia,0,0,1,0
asia and the pacific policy studies,0,0,1,2
asia europe journal,0,0,1,3
asia pacific business review,0,0,1,4
asia pacific education review,0,0,1,4
asia pacific journal of anthropology,0,0,1,1
asia pacific journal of education,0,0,1,3
asia pacific journal of human resources,0,0,1,5
asia pacific journal of management,0,0,1,6
asia pacific journal of marketing and logistics,0,0,1,8
asia pacific journal of social work and development,0,0,1,4
asia pacific journal of tourism research,0,0,1,8
asia pacific law review,0,0,1,2
asia pacific viewpoint,0,0,1,4
asia-pacific education researcher,0,0,1,6
asia-pacific journal of accounting and economics,0,0,1,2
asia-pacific journal of atmospheric sciences,0,0,1,4
asia-pacific journal of chemical engineering,0,0,1,3
asia-pacific journal of clinical oncology,0,0,1,2
asia-pacific journal of financial studies,0,0,1,2
asia-pacific journal of oncology nursing,0,0,1,4
asia-pacific journal of operational research,0,0,1,2
asia-pacific journal of ophthalmology,0,0,1,7
asia-pacific journal of public health,0,0,1,2
asia-pacific journal of teacher education,0,0,1,3
asia-pacific psychiatry,0,0,1,4
asian american journal of psychology,0,0,1,4
asian and pacific migration journal,0,0,1,2
asian business and management,0,0,1,7
asian economic journal,0,0,1,1
asian economic papers,0,0,1,1
asian economic policy review,0,0,1,2
asian journal of andrology,0,0,1,6
asian journal of communication,0,0,1,4
asian journal of control,0,0,1,4
asian journal of criminology,0,0,1,2
asian journal of mathematics,0,0,1,1
asian journal of organic chemistry,0,0,1,5
asian journal of pharmaceutical sciences,0,0,1,13
asian journal of psychiatry,0,0,1,6
asian journal of social psychology,0,0,1,2
asian journal of surgery,0,0,1,1
asian journal of technology innovation,0,0,1,4
asian journal of womens studies,0,0,1,1
asian nursing research,0,0,1,4
asian pacific journal of allergy and immunology,0,0,1,2
asian pacific journal of tropical biomedicine,0,0,1,4
asian pacific journal of tropical medicine,0,0,1,2
asian perspectives-the journal of archaeology for asia and the pacific,0,0,1,0
asian philosophy,0,0,1,0
asian population studies,0,0,1,4
asian studies review,0,0,1,0
asian survey,0,0,1,3
asian women,0,0,1,1
asian-pacific economic literature,0,0,1,1
aslib journal of information management,0,0,1,7
asn neuro,0,0,1,10
assay and drug development technologies,0,0,1,4
assembly automation,0,0,1,7
assessing writing,0,0,1,9
assessment,0,0,1,6
assessment and evaluation in higher education,0,0,1,10
assessment in education-principles policy and practice,0,0,1,5
assistive technology,0,0,1,5
asta-advances in statistical analysis,0,0,1,3
asterisque,0,0,1,0
astin bulletin-the journal of the international actuarial association,0,0,1,5
astrobiology,0,0,1,8
astronomical journal,0,0,1,10
astronomische nachrichten,0,0,1,1
astronomy and astrophysics,0,0,1,10
astronomy and computing,0,0,1,5
astronomy and geophysics,0,0,1,0
astronomy letters-a journal of astronomy and space astrophysics,0,0,1,3
astronomy reports,0,0,1,2
astroparticle physics,0,0,1,6
astrophysical bulletin,0,0,1,3
astrophysical journal,0,0,1,10
astrophysical journal letters,0,0,1,17
astrophysical journal supplement series,0,0,1,12
astrophysics,0,0,1,2
astrophysics and space science,0,0,1,3
asymptotic analysis,0,0,1,1
at-automatisierungstechnik,0,0,1,2
atencion primaria,0,0,1,2
atenea,0,0,1,0
atherosclerosis,0,0,1,0
atla-alternatives to laboratory animals,0,0,1,3
atlantis-journal of the spanish association of anglo-american studies,0,0,1,0
atmosfera,0,0,1,3
atmosphere,0,0,1,7
atmosphere-ocean,0,0,1,5
atmospheric chemistry and physics,0,0,1,12
atmospheric environment,0,0,1,9
atmospheric measurement techniques,0,0,1,8
atmospheric pollution research,0,0,1,8
atmospheric research,0,0,1,11
atmospheric science letters,0,0,1,3
atomic data and nuclear data tables,0,0,1,3
atomic energy,0,0,1,1
atomic spectroscopy,0,0,1,2
atomization and sprays,0,0,1,2
attachment and human development,0,0,1,4
attention perception and psychophysics,0,0,1,4
audiology and neuro-otology,0,0,1,3
auditing-a journal of practice and theory,0,0,1,5
augmentative and alternative communication,0,0,1,5
augustinian studies,0,0,1,0
auris nasus larynx,0,0,1,5
austral ecology,0,0,1,4
austral entomology,0,0,1,2
australasian emergency care,0,0,1,5
australasian journal of dermatology,0,0,1,2
australasian journal of early childhood,0,0,1,2
australasian journal of educational technology,0,0,1,9
australasian journal of environmental management,0,0,1,3
australasian journal of philosophy,0,0,1,1
australasian journal on ageing,0,0,1,3
australasian plant pathology,0,0,1,3
australasian psychiatry,0,0,1,2
australian accounting review,0,0,1,5
australian and new zealand journal of family therapy,0,0,1,1
australian and new zealand journal of obstetrics and gynaecology,0,0,1,3
australian and new zealand journal of psychiatry,0,0,1,6
australian and new zealand journal of public health,0,0,1,6
australian and new zealand journal of statistics,0,0,1,1
australian archaeology,0,0,1,1
australian critical care,0,0,1,4
australian dental journal,0,0,1,4
australian economic history review,0,0,1,1
australian economic papers,0,0,1,2
australian economic review,0,0,1,2
australian educational researcher,0,0,1,5
australian endodontic journal,0,0,1,3
australian feminist studies,0,0,1,1
australian forestry,0,0,1,3
australian geographer,0,0,1,5
australian health review,0,0,1,2
australian historical studies,0,0,1,0
australian journal of agricultural and resource economics,0,0,1,2
australian journal of anthropology,0,0,1,1
australian journal of botany,0,0,1,3
australian journal of chemistry,0,0,1,3
australian journal of earth sciences,0,0,1,3
australian journal of education,0,0,1,4
australian journal of forensic sciences,0,0,1,1
australian journal of french studies,0,0,1,0
australian journal of general practice,0,0,1,2
australian journal of grape and wine research,0,0,1,6
australian journal of international affairs,0,0,1,4
australian journal of linguistics,0,0,1,1
australian journal of management,0,0,1,4
australian journal of political science,0,0,1,5
australian journal of politics and history,0,0,1,0
australian journal of primary health,0,0,1,4
australian journal of psychology,0,0,1,3
australian journal of public administration,0,0,1,3
australian journal of rural health,0,0,1,3
australian journal of social issues,0,0,1,3
australian journal of zoology,0,0,1,2
australian mammalogy,0,0,1,3
australian occupational therapy journal,0,0,1,4
australian psychologist,0,0,1,4
australian social work,0,0,1,3
australian systematic botany,0,0,1,4
australian veterinary journal,0,0,1,2
austrian history yearbook,0,0,1,0
autism,0,0,1,12
autism research,0,0,1,9
autoimmunity,0,0,1,9
autoimmunity reviews,0,0,1,16
automated software engineering,0,0,1,6
automatica,0,0,1,14
automatika,0,0,1,6
automation and remote control,0,0,1,2
automation in construction,0,0,1,29
autonomic neuroscience-basic and clinical,0,0,1,7
autonomous agents and multi-agent systems,0,0,1,4
autonomous robots,0,0,1,9
autophagy,0,0,1,16
avian biology research,0,0,1,2
avian conservation and ecology,0,0,1,3
avian diseases,0,0,1,2
avian pathology,0,0,1,5
avian research,0,0,1,5
axiomathes,0,0,1,2
axioms,0,0,1,3
ayer,0,0,1,0
azania-archaeological research in africa,0,0,1,2
babel-revue internationale de la traduction-international journal of translation,0,0,1,1
balkan journal of medical genetics,0,0,1,2
balkan medical journal,0,0,1,2
baltic forestry,0,0,1,2
baltic journal of management,0,0,1,7
baltic journal of road and bridge engineering,0,0,1,3
baltica,0,0,1,1
banach journal of mathematical analysis,0,0,1,2
bangladesh journal of botany,0,0,1,1
bangladesh journal of plant taxonomy,0,0,1,0
bariatric surgical practice and patient care,0,0,1,1
basic and applied ecology,0,0,1,10
basic and applied social psychology,0,0,1,1
basic and clinical andrology,0,0,1,4
basic and clinical pharmacology and toxicology,0,0,1,5
basic research in cardiology,0,0,1,28
basin research,0,0,1,6
batteries and supercaps,0,0,1,7
batteries-basel,0,0,1,11
bauingenieur,0,0,1,0
bauphysik,0,0,1,0
bautechnik,0,0,1,0
behavior genetics,0,0,1,4
behavior modification,0,0,1,6
behavior therapy,0,0,1,9
behavioral and brain sciences,0,0,1,1
behavioral disorders,0,0,1,3
behavioral ecology,0,0,1,6
behavioral ecology and sociobiology,0,0,1,5
behavioral interventions,0,0,1,2
behavioral medicine,0,0,1,6
behavioral neuroscience,0,0,1,5
behavioral sciences,0,0,1,5
behavioral sciences and the law,0,0,1,3
behavioral sleep medicine,0,0,1,4
behaviour,0,0,1,2
behaviour and information technology,0,0,1,7
behaviour change,0,0,1,9
behaviour research and therapy,0,0,1,8
behavioural and cognitive psychotherapy,0,0,1,4
behavioural brain research,0,0,1,7
behavioural neurology,0,0,1,8
behavioural pharmacology,0,0,1,3
behavioural processes,0,0,1,4
beilstein journal of nanotechnology,0,0,1,5
beilstein journal of organic chemistry,0,0,1,5
beitrage zur geschichte der deutschen sprache und literatur,0,0,1,0
belleten,0,0,1,1
ben jonson journal,0,0,1,0
beneficial microbes,0,0,1,11
berichte zur wissenschaftsgeschichte,0,0,1,1
berliner journal fuer soziologie,0,0,1,2
bernoulli,0,0,1,4
best practice and research clinical endocrinology and metabolism,0,0,1,14
best practice and research clinical gastroenterology,0,0,1,4
best practice and research clinical haematology,0,0,1,5
best practice and research clinical obstetrics and gynaecology,0,0,1,9
best practice and research in clinical rheumatology,0,0,1,13
best practice and research-clinical anaesthesiology,0,0,1,7
beton- und stahlbetonbau,0,0,1,1
biblical interpretation-a journal of contemporary approaches,0,0,1,0
biblische zeitschrift,0,0,1,0
big data,0,0,1,7
big data and society,0,0,1,12
big data research,0,0,1,7
bijdragen tot de taal- land- en volkenkunde,0,0,1,0
bilig,0,0,1,1
bilingualism-language and cognition,0,0,1,4
bio-design and manufacturing,0,0,1,15
bio-medical materials and engineering,0,0,1,2
bioacoustics-the international journal of animal sound and its recording,0,0,1,4
bioactive materials,1,1,1,25
bioanalysis,0,0,1,3
biocatalysis and biotransformation,0,0,1,4
biocell,0,0,1,3
biochar,0,0,1,63
biochemia medica,0,0,1,3
biochemical and biophysical research communications,0,0,1,5
biochemical engineering journal,0,0,1,10
biochemical genetics,1,1,1,3
biochemical journal,0,0,1,9
biochemical pharmacology,0,0,1,11
biochemical society transactions,0,0,1,13
biochemical systematics and ecology,0,0,1,4
biochemistry,0,0,1,6
biochemistry and cell biology,0,0,1,6
biochemistry and molecular biology education,0,0,1,2
biochemistry-moscow,0,0,1,4
biochimica et biophysica acta molecular basis of disease,1,1,0,
biochimica et biophysica acta reviews on cancer,1,1,0,
biochimica et biophysica acta-bioenergetics,0,0,1,0
biochimica et biophysica acta-biomembranes,0,0,1,8
biochimica et biophysica acta-gene regulatory mechanisms,0,0,1,8
biochimica et biophysica acta-general subjects,0,0,1,6
biochimica et biophysica acta-molecular and cell biology of lipids,0,0,1,6
biochimica et biophysica acta-molecular basis of disease,0,0,1,8
biochimica et biophysica acta-molecular cell research,0,0,1,9
biochimica et biophysica acta-proteins and proteomics,0,0,1,5
biochimica et biophysica acta-reviews on cancer,0,0,1,17
biochimie,0,0,1,7
biochip journal,0,0,1,14
bioconjugate chemistry,0,0,1,8
biocontrol,0,0,1,5
biocontrol science,0,0,1,4
biocontrol science and technology,0,0,1,3
biocybernetics and biomedical engineering,0,0,1,15
biodata mining,0,0,1,6
biodegradation,0,0,1,7
biodiversity and conservation,0,0,1,7
biodiversity data journal,0,0,1,2
biodrugs,0,0,1,12
bioelectrochemistry,0,0,1,13
bioelectrochemistry amsterdam netherlands,1,1,0,
bioelectromagnetics,0,0,1,2
bioenergy research,0,0,1,12
bioengineered,0,0,1,17
bioengineering and translational medicine,0,0,1,13
bioengineering basel switzerland,1,1,0,
bioengineering-basel,0,0,1,8
bioessays,0,0,1,6
bioethics,0,0,1,3
biofabrication,0,0,1,17
biofactors,0,0,1,9
biofouling,0,0,1,5
biofuels bioproducts and biorefining-biofpr,0,0,1,6
biofuels-uk,0,0,1,5
biogeochemistry,0,0,1,13
biogeosciences,0,0,1,9
biogerontology,0,0,1,7
biography-an interdisciplinary quarterly,0,0,1,0
bioimpacts,0,0,1,3
bioinformatics,0,0,1,15
bioinorganic chemistry and applications,0,0,1,14
bioinspired biomimetic and nanobiomaterials,0,0,1,3
biointerphases,0,0,1,4
bioinvasions records,0,0,1,3
biologia,0,0,1,7
biologia futura,0,0,1,4
biologia plantarum,0,0,1,3
biological agriculture and horticulture,0,0,1,3
biological and pharmaceutical bulletin,1,1,1,4
biological bulletin,0,0,1,4
biological chemistry,0,0,1,7
biological conservation,0,0,1,11
biological control,0,0,1,9
biological invasions,0,0,1,6
biological journal of the linnean society,0,0,1,4
biological procedures online,0,0,1,8
biological psychiatry,0,0,1,0
biological psychiatry-cognitive neuroscience and neuroimaging,0,0,1,3
biological psychology,0,0,1,6
biological research for nursing,0,0,1,5
biological reviews,0,0,1,23
biological rhythm research,0,0,1,2
biological trace element research,0,0,1,10
biologicals,0,0,1,3
biologicheskie membrany,0,0,1,0
biology and fertility of soils,0,0,1,12
biology and philosophy,0,0,1,4
biology bulletin,0,0,1,1
biology direct,0,0,1,8
biology letters,0,0,1,4
biology of reproduction,0,0,1,7
biology of sex differences,0,0,1,11
biology of sport,0,0,1,11
biology of the cell,0,0,1,2
biology open,0,0,1,4
biology-basel,0,0,1,8
biomacromolecules,0,0,1,12
biomarker research,0,0,1,19
biomarkers,0,0,1,6
biomarkers in medicine,0,0,1,3
biomass and bioenergy,0,0,1,11
biomass conversion and biorefinery,0,0,1,9
biomaterials,0,0,1,33
biomaterials research,0,0,1,18
biomaterials science,0,0,1,13
biomechanics and modeling in mechanobiology,0,0,1,7
biomed research international,0,0,1,7
biomedica,0,0,1,2
biomedical chromatography,0,0,1,4
biomedical engineering letters,0,0,1,5
biomedical engineering online,0,0,1,8
biomedical engineering-biomedizinische technik,0,0,1,3
biomedical journal,0,0,1,11
biomedical materials,0,0,1,7
biomedical microdevices,0,0,1,7
biomedical optics express,0,0,1,9
biomedical papers-olomouc,0,0,1,3
biomedical research-tokyo,0,0,1,3
biomedical signal processing and control,0,0,1,15
biomedicine and pharmacotherapy,0,0,1,18
biomedicines,1,1,1,9
biometals,0,0,1,7
biometrical journal,0,0,1,3
biometrics,0,0,1,3
biometrika,0,0,1,7
biomicrofluidics,0,0,1,7
biomimetics,0,0,1,6
biomolecular nmr assignments,0,0,1,2
biomolecules,0,0,1,11
biomolecules and therapeutics,0,0,1,7
bioorganic and medicinal chemistry,0,0,1,6
bioorganic and medicinal chemistry letters,1,1,1,5
bioorganic chemistry,0,0,1,9
biopharmaceutics and drug disposition,0,0,1,4
biophysical chemistry,0,0,1,6
biophysical journal,0,0,1,0
biopolymers,0,0,1,2
biopreservation and biobanking,0,0,1,4
bioprocess and biosystems engineering,0,0,1,8
biopsychosocial medicine,0,0,1,5
bioremediation journal,0,0,1,3
bioresource technology,0,0,1,27
bioresources,0,0,1,3
bioresources and bioprocessing,0,0,1,11
biorxiv the preprint server for biology,1,7,0,
bioscience,0,0,1,6
bioscience journal,0,0,1,1
bioscience of microbiota food and health,0,0,1,5
bioscience reports,0,0,1,8
bioscience trends,0,0,1,8
biosemiotics,0,0,1,3
biosensors and bioelectronics,0,0,1,26
biosensors-basel,0,0,1,15
biosocieties,0,0,1,3
biostatistics,0,0,1,5
biosystems,0,0,1,4
biosystems engineering,0,0,1,15
biota neotropica,0,0,1,2
biotech basel switzerland,1,1,0,
biotechnic and histochemistry,0,0,1,3
biotechniques,0,0,1,4
biotechnologie agronomie societe et environnement,0,0,1,2
biotechnology advances,0,0,1,34
biotechnology and applied biochemistry,0,0,1,4
biotechnology and bioengineering,0,0,1,9
biotechnology and bioprocess engineering,0,0,1,7
biotechnology and biotechnological equipment,0,0,1,4
biotechnology for biofuels,0,0,1,26
biotechnology journal,0,0,1,7
biotechnology law report,0,0,1,1
biotechnology letters,0,0,1,5
biotechnology progress,0,0,1,5
biotropica,0,0,1,4
bipolar disorders,0,0,1,3
bird conservation international,0,0,1,4
bird study,0,0,1,3
birth defects research,0,0,1,3
birth-issues in perinatal care,0,0,1,5
bit numerical mathematics,0,0,1,4
bjog-an international journal of obstetrics and gynaecology,0,0,1,4
bjpsych open,0,0,1,1
bjs open,0,0,1,7
bju international,0,0,1,4
bladder cancer,0,0,1,2
blood,0,0,1,1
blood advances,0,0,1,13
blood cancer journal,0,0,1,13
blood cells molecules and diseases,0,0,1,4
blood coagulation and fibrinolysis,0,0,1,2
blood pressure,0,0,1,5
blood pressure monitoring,0,0,1,2
blood purification,0,0,1,4
blood reviews,0,0,1,15
blumea,0,0,1,2
bmc anesthesiology,0,0,1,6
bmc bioinformatics,0,0,1,9
bmc biology,0,0,1,12
bmc biotechnology,0,0,1,7
bmc cancer,1,3,1,8
bmc cardiovascular disorders,0,0,1,5
bmc chemistry,0,0,1,8
bmc complementary medicine and therapies,0,0,1,8
bmc ecology and evolution,0,0,1,6
bmc emergency medicine,0,0,1,6
bmc endocrine disorders,0,0,1,8
bmc gastroenterology,0,0,1,6
bmc genomics,0,0,1,8
bmc geriatrics,0,0,1,9
bmc health services research,0,0,1,7
bmc immunology,0,0,1,6
bmc infectious diseases,0,0,1,6
bmc medical education,0,0,1,6
bmc medical ethics,0,0,1,7
bmc medical genomics,0,0,1,6
bmc medical imaging,0,0,1,5
bmc medical informatics and decision making,0,0,1,9
bmc medical research methodology,0,0,1,7
bmc medicine,0,0,1,16
bmc microbiology,0,0,1,8
bmc molecular and cell biology,0,0,1,6
bmc musculoskeletal disorders,0,0,1,6
bmc nephrology,0,0,1,5
bmc neurology,1,1,1,6
bmc neuroscience,0,0,1,7
bmc nursing,0,0,1,6
bmc ophthalmology,0,0,1,4
bmc oral health,0,0,1,6
bmc palliative care,0,0,1,7
bmc pediatrics,0,0,1,5
bmc pharmacology and toxicology,0,0,1,5
bmc plant biology,0,0,1,9
bmc pregnancy and childbirth,0,0,1,7
bmc psychiatry,0,0,1,8
bmc psychology,0,0,1,5
bmc public health,0,0,1,8
bmc pulmonary medicine,0,0,1,6
bmc sports science medicine and rehabilitation,0,0,1,6
bmc surgery,0,0,1,5
bmc urology,0,0,1,4
bmc veterinary research,0,0,1,5
bmc womens health,0,0,1,7
bmgn-the low countries historical review,0,0,1,0
bmj evidence-based medicine,0,0,1,8
bmj global health,0,0,1,10
bmj military health,0,0,1,2
bmj open,0,0,1,6
bmj open diabetes research and care,0,0,1,10
bmj open respiratory research,0,0,1,7
bmj paediatrics open,0,0,1,4
bmj quality and safety,0,0,1,8
bmj sexual and reproductive health,0,0,1,3
bmj supportive and palliative care,0,0,1,3
bmj-british medical journal,0,0,1,2
body and society,0,0,1,3
body image,0,0,1,14
bois et forets des tropiques,0,0,1,1
boletim do instituto de pesca,0,0,1,1
boletin de la asociacion de geografos espanoles,0,0,1,1
boletin de la sociedad argentina de botanica,0,0,1,1
boletin de la sociedad espanola de ceramica y vidrio,0,0,1,7
boletin de la sociedad geologica mexicana,0,0,1,1
bone,0,0,1,9
bone and joint journal,0,0,1,10
bone and joint research,0,0,1,10
bone marrow transplantation,0,0,1,6
boreas,0,0,1,4
borsa istanbul review,0,0,1,13
bosnian journal of basic medical sciences,0,0,1,8
bosque,0,0,1,1
botanica marina,0,0,1,3
botanica serbica,0,0,1,4
botanical journal of the linnean society,0,0,1,4
botanical sciences,0,0,1,2
botanical studies,0,0,1,6
botany,0,0,1,3
botany letters,0,0,1,3
bothalia,0,0,1,2
boundary 2-an international journal of literature and culture,0,0,1,0
boundary value problems,0,0,1,3
boundary-layer meteorology,0,0,1,5
brachytherapy,0,0,1,0
bradleya,0,0,1,1
bragantia,0,0,1,2
brain,0,0,1,22
brain and behavior,0,0,1,5
brain and cognition,0,0,1,4
brain and development,0,0,1,3
brain and language,0,0,1,6
brain behavior and evolution,0,0,1,3
brain behavior and immunity,0,0,1,11
brain connectivity,0,0,1,6
brain imaging and behavior,0,0,1,11
brain impairment,0,0,1,3
brain injury,0,0,1,4
brain pathology,0,0,1,7
brain research,1,1,1,6
brain research bulletin,0,0,1,8
brain sciences,0,0,1,8
brain stimulation,0,0,1,1
brain structure and function,0,0,1,15
brain topography,0,0,1,7
brain tumor pathology,0,0,1,4
bratislava medical journal-bratislavske lekarske listy,0,0,1,1
brazilian archives of biology and technology,0,0,1,2
brazilian journal of anesthesiology,0,0,1,2
brazilian journal of botany,0,0,1,3
brazilian journal of chemical engineering,0,0,1,5
brazilian journal of geology,0,0,1,2
brazilian journal of infectious diseases,0,0,1,0
brazilian journal of medical and biological research,0,0,1,4
brazilian journal of microbiology,0,0,1,5
brazilian journal of otorhinolaryngology,0,0,1,4
brazilian journal of physical therapy,0,0,1,0
brazilian journal of physics,0,0,1,3
brazilian journal of poultry science,0,0,1,2
brazilian journal of probability and statistics,0,0,1,1
brazilian journal of psychiatry,0,0,1,2
breast,0,0,1,2
breast cancer,0,0,1,6
breast cancer research and treatment,0,0,1,7
breast cancer-targets and therapy,0,0,1,3
breast care,0,0,1,2
breast journal,0,0,1,4
breastfeeding medicine,0,0,1,3
breeding science,0,0,1,3
briefings in bioinformatics,0,0,1,15
briefings in functional genomics,0,0,1,7
britain and the world,0,0,1,0
britannia,0,0,1,0
british accounting review,0,0,1,8
british catholic history,0,0,1,0
british dental journal,0,0,1,0
british educational research journal,0,0,1,4
british food journal,0,0,1,9
british journal for the history of philosophy,0,0,1,1
british journal for the history of science,0,0,1,0
british journal for the philosophy of science,0,0,1,5
british journal of aesthetics,0,0,1,1
british journal of anaesthesia,0,0,1,7
british journal of cancer,0,0,1,15
british journal of clinical pharmacology,0,0,1,6
british journal of clinical psychology,0,0,1,5
british journal of criminology,0,0,1,4
british journal of dermatology,0,0,1,1
british journal of developmental psychology,0,0,1,2
british journal of educational psychology,0,0,1,9
british journal of educational studies,0,0,1,2
british journal of educational technology,0,0,1,18
british journal of general practice,0,0,1,2
british journal of guidance and counselling,0,0,1,3
british journal of haematology,0,0,1,5
british journal of health psychology,0,0,1,5
british journal of hospital medicine,0,0,1,1
british journal of industrial relations,0,0,1,2
british journal of learning disabilities,0,0,1,2
british journal of management,0,0,1,12
british journal of mathematical and statistical psychology,0,0,1,3
british journal of middle eastern studies,0,0,1,1
british journal of music education,0,0,1,2
british journal of neurosurgery,0,0,1,2
british journal of nutrition,0,0,1,5
british journal of occupational therapy,0,0,1,2
british journal of ophthalmology,0,0,1,7
british journal of oral and maxillofacial surgery,0,0,1,1
british journal of pharmacology,0,0,1,9
british journal of political science,0,0,1,6
british journal of politics and international relations,0,0,1,5
british journal of psychiatry,0,0,1,2
british journal of psychology,0,0,1,6
british journal of radiology,0,0,1,6
british journal of religious education,0,0,1,2
british journal of social psychology,0,0,1,7
british journal of social work,0,0,1,3
british journal of sociology,0,0,1,2
british journal of sociology of education,0,0,1,4
british journal of sports medicine,0,0,1,12
british journal of surgery,0,0,1,0
british medical bulletin,0,0,1,15
british politics,0,0,1,2
british poultry science,0,0,1,4
brittonia,0,0,1,1
brodogradnja,0,0,1,5
bronte studies,0,0,1,0
bryologist,0,0,1,1
buddhist studies review,0,0,1,0
building and environment,0,0,1,19
building research and information,0,0,1,8
building services engineering research and technology,0,0,1,3
building simulation,0,0,1,13
buildings,0,0,1,7
bulletin de la societe mathematique de france,0,0,1,0
bulletin de lacademie nationale de medecine,0,0,1,0
bulletin des sciences mathematiques,0,0,1,2
bulletin du cancer,0,0,1,1
bulletin hispanique,0,0,1,0
bulletin of earthquake engineering,0,0,1,9
bulletin of economic research,0,0,1,2
bulletin of engineering geology and the environment,0,0,1,10
bulletin of entomological research,0,0,1,3
bulletin of environmental contamination and toxicology,0,0,1,5
bulletin of experimental biology and medicine,0,0,1,2
bulletin of geosciences,0,0,1,3
bulletin of hispanic studies,0,0,1,0
bulletin of indonesian economic studies,0,0,1,4
bulletin of latin american research,0,0,1,0
bulletin of marine science,0,0,1,2
bulletin of materials science,0,0,1,8
bulletin of mathematical biology,0,0,1,5
bulletin of mathematical sciences,0,0,1,5
bulletin of spanish studies,0,0,1,0
bulletin of symbolic logic,0,0,1,0
bulletin of the american mathematical society,0,0,1,2
bulletin of the american meteorological society,0,0,1,5
bulletin of the atomic scientists,0,0,1,2
bulletin of the australian mathematical society,0,0,1,1
bulletin of the belgian mathematical society-simon stevin,0,0,1,1
bulletin of the brazilian mathematical society,0,0,1,1
bulletin of the chemical society of ethiopia,0,0,1,3
bulletin of the chemical society of japan,0,0,1,8
bulletin of the comediantes,0,0,1,0
bulletin of the council for research in music education,0,0,1,2
bulletin of the history of medicine,0,0,1,1
bulletin of the institute of classical studies,0,0,1,0
bulletin of the iranian mathematical society,0,0,1,1
bulletin of the lebedev physics institute,0,0,1,1
bulletin of the london mathematical society,0,0,1,1
bulletin of the malaysian mathematical sciences society,0,0,1,2
bulletin of the menninger clinic,0,0,1,3
bulletin of the school of oriental and african studies-university of london,0,0,1,0
bulletin of the seismological society of america,0,0,1,7
bulletin of the world health organization,0,0,1,5
bulletin of volcanology,0,0,1,16
bundesgesundheitsblatt-gesundheitsforschung-gesundheitsschutz,0,0,1,3
bunseki kagaku,0,0,1,0
burns,0,0,1,5
business and information systems engineering,0,0,1,12
business and society,0,0,1,9
business ethics quarterly,0,0,1,3
business history,0,0,1,2
business history review,0,0,1,0
business horizons,0,0,1,13
business process management journal,0,0,1,10
business strategy and the environment,0,0,1,22
byzantine and modern greek studies,0,0,1,0
byzantinische zeitschrift,0,0,1,0
ca-a cancer journal for clinicians,0,0,1,21
caai transactions on intelligence technology,0,0,1,11
cadernos de saude publica,0,0,1,3
cadmo,0,0,1,0
cahiers agricultures,0,0,1,2
cahiers de civilisation medievale,0,0,1,0
cahiers du monde russe,0,0,1,0
cahiers elisabethains,0,0,1,0
cahiers victoriens and edouardiens,0,0,1,0
calcolo,0,0,1,3
calculus of variations and partial differential equations,0,0,1,4
caldasia,0,0,1,1
california agriculture,0,0,1,2
california history,0,0,1,0
california management review,0,0,1,20
calphad-computer coupling of phase diagrams and thermochemistry,0,0,1,5
cambridge archaeological journal,0,0,1,3
cambridge journal of economics,0,0,1,5
cambridge journal of education,0,0,1,4
cambridge journal of postcolonial literary inquiry,0,0,1,1
cambridge journal of regions economy and society,0,0,1,10
cambridge law journal,0,0,1,0
cambridge quarterly,0,0,1,0
cambridge quarterly of healthcare ethics,0,0,1,3
cambridge review of international affairs,0,0,1,1
camera obscura,0,0,1,0
canadian association of radiologists journal-journal de lassociation canadienne des radiologistes,0,0,1,5
canadian entomologist,0,0,1,2
canadian geographer-geographe canadien,0,0,1,2
canadian geotechnical journal,0,0,1,6
canadian historical review,0,0,1,0
canadian journal of administrative sciences-revue canadienne des sciences de ladministration,0,0,1,2
canadian journal of agricultural economics-revue canadienne dagroeconomie,0,0,1,3
canadian journal of anesthesia-journal canadien danesthesie,0,0,1,4
canadian journal of animal science,0,0,1,2
canadian journal of behavioural science-revue canadienne des sciences du comportement,0,0,1,2
canadian journal of cardiology,0,0,1,1
canadian journal of chemical engineering,0,0,1,4
canadian journal of chemistry,0,0,1,2
canadian journal of civil engineering,0,0,1,3
canadian journal of criminology and criminal justice,0,0,1,2
canadian journal of development studies-revue canadienne detudes du developpement,0,0,1,2
canadian journal of diabetes,0,0,1,0
canadian journal of dietetic practice and research,0,0,1,2
canadian journal of earth sciences,0,0,1,3
canadian journal of economics-revue canadienne deconomique,0,0,1,3
canadian journal of emergency medicine,0,0,1,2
canadian journal of experimental psychology-revue canadienne de psychologie experimentale,0,0,1,2
canadian journal of film studies-revue canadienne detudes cinematographiques,0,0,1,0
canadian journal of fisheries and aquatic sciences,0,0,1,5
canadian journal of forest research,0,0,1,5
canadian journal of gastroenterology and hepatology,0,0,1,6
canadian journal of infectious diseases and medical microbiology,0,0,1,6
canadian journal of linguistics-revue canadienne de linguistique,0,0,1,1
canadian journal of mathematics-journal canadien de mathematiques,0,0,1,1
canadian journal of microbiology,0,0,1,5
canadian journal of neurological sciences,0,0,1,1
canadian journal of occupational therapy-revue canadienne dergotherapie,0,0,1,4
canadian journal of ophthalmology-journal canadien dophtalmologie,0,0,1,2
canadian journal of philosophy,0,0,1,1
canadian journal of physics,0,0,1,2
canadian journal of physiology and pharmacology,0,0,1,5
canadian journal of plant pathology,0,0,1,3
canadian journal of plant science,0,0,1,2
canadian journal of political science-revue canadienne de science politique,0,0,1,1
canadian journal of psychiatry-revue canadienne de psychiatrie,0,0,1,5
canadian journal of public health-revue canadienne de sante publique,0,0,1,4
canadian journal of remote sensing,0,0,1,5
canadian journal of school psychology,0,0,1,3
canadian journal of soil science,0,0,1,5
canadian journal of statistics-revue canadienne de statistique,0,0,1,2
canadian journal of surgery,0,0,1,4
canadian journal of zoology,0,0,1,3
canadian journal on aging-revue canadienne du vieillissement,0,0,1,2
canadian mathematical bulletin-bulletin canadien de mathematiques,0,0,1,1
canadian medical association journal,0,0,1,1
canadian metallurgical quarterly,0,0,1,2
canadian mineralogist,0,0,1,5
canadian modern language review-revue canadienne des langues vivantes,0,0,1,2
canadian psychology-psychologie canadienne,0,0,1,2
canadian public administration-administration publique du canada,0,0,1,2
canadian public policy-analyse de politiques,0,0,1,3
canadian respiratory journal,0,0,1,4
canadian review of american studies,0,0,1,0
canadian review of sociology-revue canadienne de sociologie,0,0,1,3
canadian theatre review,0,0,1,0
canadian water resources journal,0,0,1,3
cancer,0,0,1,7
cancer and metabolism,0,0,1,10
cancer and metastasis reviews,0,0,1,21
cancer biology and medicine,0,0,1,7
cancer biology and therapy,1,1,1,11
cancer biomarkers,0,0,1,5
cancer biotherapy and radiopharmaceuticals,0,0,1,4
cancer causes and control,0,0,1,4
cancer cell,0,0,1,54
cancer cell international,1,2,1,12
cancer chemotherapy and pharmacology,0,0,1,5
cancer communications,0,0,1,15
cancer control,0,0,1,5
cancer cytopathology,0,0,1,5
cancer discovery,0,0,1,11
cancer epidemiology,0,0,1,6
cancer epidemiology biomarkers and prevention,0,0,1,3
cancer gene therapy,1,1,1,10
cancer genetics,0,0,1,1
cancer genomics and proteomics,1,1,1,5
cancer imaging,0,0,1,8
cancer immunology immunotherapy,0,0,1,17
cancer immunology research,0,0,1,11
cancer investigation,0,0,1,3
cancer journal,0,0,1,7
cancer letters,1,3,1,19
cancer management and research,0,0,1,6
cancer medicine,1,1,1,7
cancer nursing,0,0,1,5
cancer prevention research,0,0,1,6
cancer radiotherapie,0,0,1,3
cancer reports hoboken nj,1,1,0,
cancer research,0,0,1,0
cancer research and treatment,0,0,1,6
cancer research communications,1,2,0,
cancer science,1,1,1,10
cancer treatment reviews,0,0,1,20
cancers,1,2,1,12
candollea,0,0,1,1
cannabis and cannabinoid research,0,0,1,9
caravelle,0,0,1,0
carbohydrate polymers,0,0,1,30
carbohydrate research,0,0,1,4
carbon,0,0,1,26
carbon balance and management,0,0,1,8
carbon energy,0,0,1,34
carbon letters,0,0,1,12
carbon management,0,0,1,6
carbonates and evaporites,0,0,1,3
carcinogenesis,0,0,1,8
cardiology,0,0,1,2
cardiology clinics,0,0,1,2
cardiology in review,0,0,1,4
cardiology in the young,0,0,1,2
cardiology journal,0,0,1,4
cardiology research and practice,0,0,1,4
cardiorenal medicine,0,0,1,4
cardiovascular and interventional radiology,0,0,1,5
cardiovascular diabetology,0,0,1,20
cardiovascular diagnosis and therapy,0,0,1,4
cardiovascular drugs and therapy,0,0,1,6
cardiovascular engineering and technology,0,0,1,5
cardiovascular journal of africa,0,0,1,1
cardiovascular pathology,0,0,1,3
cardiovascular research,0,0,1,6
cardiovascular therapeutics,0,0,1,7
cardiovascular toxicology,0,0,1,6
cardiovascular ultrasound,0,0,1,5
career development and transition for exceptional individuals,0,0,1,3
career development international,0,0,1,8
career development quarterly,0,0,1,5
caribbean journal of science,0,0,1,1
caries research,0,0,1,4
carnets de geologie,0,0,1,2
carpathian journal of earth and environmental sciences,0,0,1,1
carpathian journal of mathematics,0,0,1,2
cartilage,0,0,1,7
cartographic journal,0,0,1,1
cartography and geographic information science,0,0,1,5
case studies in construction materials,0,0,1,4
case studies in thermal engineering,0,0,1,13
castanea,0,0,1,0
catalysis communications,0,0,1,14
catalysis letters,0,0,1,5
catalysis reviews-science and engineering,0,0,1,17
catalysis science and technology,0,0,1,9
catalysis surveys from asia,0,0,1,5
catalysis today,0,0,1,13
catalysts,0,0,1,10
catena,0,0,1,14
catheterization and cardiovascular interventions,0,0,1,2
catholic biblical quarterly,0,0,1,0
catholic historical review,0,0,1,0
cbe-life sciences education,0,0,1,10
cea critic,0,0,1,0
celebrity studies,0,0,1,1
celestial mechanics and dynamical astronomy,0,0,1,4
cell,0,0,1,68
cell adhesion and migration,0,0,1,5
cell and bioscience,0,0,1,15
cell and tissue banking,0,0,1,6
cell and tissue research,0,0,1,8
cell biochemistry and biophysics,0,0,1,6
cell biochemistry and function,0,0,1,5
cell biology and toxicology,0,0,1,17
cell biology international,1,1,1,7
cell calcium,0,0,1,8
cell chemical biology,0,0,1,18
cell communication and signaling,0,0,1,15
cell cycle,0,0,1,9
cell death and differentiation,1,1,1,24
cell death and disease,1,1,1,20
cell death discovery,0,0,1,16
cell discovery,0,0,1,23
cell host and microbe,0,0,1,33
cell metabolism,0,0,1,57
cell proliferation,0,0,1,10
cell reports,1,2,1,20
cell research,0,0,1,51
cell stem cell,0,0,1,45
cell stress and chaperones,0,0,1,8
cell structure and function,0,0,1,4
cell systems,0,0,1,16
cell transplantation,0,0,1,8
cells,1,4,1,14
cells tissues organs,0,0,1,2
cellular and molecular bioengineering,0,0,1,6
cellular and molecular biology,0,0,1,3
cellular and molecular biology letters,0,0,1,48
cellular and molecular gastroenterology and hepatology,0,0,1,12
cellular and molecular immunology,0,0,1,96
cellular and molecular life sciences,0,0,1,19
cellular and molecular life sciences cmls,1,1,0,
cellular and molecular neurobiology,0,0,1,15
cellular immunology,0,0,1,6
cellular microbiology,0,0,1,3
cellular oncology,0,0,1,11
cellular reprogramming,0,0,1,3
cellular signalling,1,1,1,8
cellulose,0,0,1,12
cellulose chemistry and technology,0,0,1,3
cement and concrete composites,0,0,1,33
cement and concrete research,0,0,1,32
centaurus,0,0,1,1
central asian survey,0,0,1,2
central asiatic journal,0,0,1,0
central european history,0,0,1,0
central european journal of energetic materials,0,0,1,1
central european journal of immunology,0,0,1,3
central european journal of operations research,0,0,1,4
central european journal of public health,0,0,1,3
cepal review,0,0,1,0
cephalalgia,0,0,1,10
ceramics international,0,0,1,13
ceramics-silikaty,0,0,1,1
cereal chemistry,0,0,1,6
cereal research communications,0,0,1,4
cerebral cortex,0,0,1,9
cerebrovascular diseases,0,0,1,3
cerne,0,0,1,3
cesifo economic studies,0,0,1,3
ceska a slovenska neurologie a neurochirurgie,0,0,1,0
channels,0,0,1,10
chaos,0,0,1,6
chaos solitons and fractals,0,0,1,11
chaucer review,0,0,1,0
chelonian conservation and biology,0,0,1,2
chem,0,0,1,31
chembiochem,0,0,1,5
chembioeng reviews,0,0,1,10
chemcatchem,0,0,1,7
chemelectrochem,0,0,1,7
chemical and biochemical engineering quarterly,0,0,1,1
chemical and biological technologies in agriculture,0,0,1,11
chemical and pharmaceutical bulletin,0,0,1,3
chemical biology and drug design,0,0,1,6
chemical communications,0,0,1,9
chemical engineering and processing-process intensification,0,0,1,9
chemical engineering and technology,0,0,1,4
chemical engineering communications,0,0,1,4
chemical engineering journal,0,0,1,25
chemical engineering research and design,0,0,1,10
chemical engineering science,0,0,1,11
chemical geology,0,0,1,9
chemical industry and chemical engineering quarterly,0,0,1,3
chemical papers,0,0,1,5
chemical physics,0,0,1,5
chemical physics letters,0,0,1,6
chemical record,0,0,1,17
chemical research in chinese universities,0,0,1,8
chemical research in toxicology,0,0,1,8
chemical reviews,0,0,1,112
chemical science,0,0,1,15
chemical senses,0,0,1,5
chemical society reviews,0,0,1,78
chemico-biological interactions,1,1,1,11
chemie in unserer zeit,0,0,1,0
chemie ingenieur technik,0,0,1,2
chemija,0,0,1,1
chemistry and biodiversity,0,0,1,5
chemistry and ecology,0,0,1,5
chemistry and industry,0,0,1,0
chemistry and physics of lipids,0,0,1,5
chemistry and technology of fuels and oils,0,0,1,1
chemistry education research and practice,0,0,1,8
chemistry letters,0,0,1,2
chemistry of heterocyclic compounds,0,0,1,3
chemistry of materials,0,0,1,16
chemistry of natural compounds,0,0,1,2
chemistry-a european journal,0,0,1,7
chemistry-an asian journal,0,0,1,5
chemistryopen,0,0,1,4
chemistryselect,0,0,1,4
chemmedchem,0,0,1,5
chemnanomat,0,0,1,5
chemoecology,0,0,1,3
chemometrics and intelligent laboratory systems,0,0,1,8
chemosensors,0,0,1,10
chemosphere,0,0,1,24
chemotherapy,0,0,1,3
chemphotochem,0,0,1,5
chemphyschem,0,0,1,4
chempluschem,0,0,1,5
chemsuschem,0,0,1,10
chest,0,0,1,0
child abuse and neglect,0,0,1,8
child abuse review,0,0,1,2
child and adolescent mental health,0,0,1,6
child and adolescent psychiatric clinics of north america,0,0,1,3
child and adolescent psychiatry and mental health,0,0,1,9
child and adolescent social work journal,0,0,1,4
child and family behavior therapy,0,0,1,2
child and family social work,0,0,1,3
child and youth care forum,0,0,1,4
child care health and development,0,0,1,4
child development,0,0,1,8
child development perspectives,0,0,1,12
child indicators research,0,0,1,5
child maltreatment,0,0,1,4
child neuropsychology,0,0,1,5
child psychiatry and human development,0,0,1,5
childhood obesity,0,0,1,4
childhood-a global journal of child research,0,0,1,4
children and society,0,0,1,4
children and youth services review,0,0,1,5
children-basel,0,0,1,5
childrens geographies,0,0,1,4
childrens health care,0,0,1,2
childrens literature in education,0,0,1,1
childs nervous system,0,0,1,3
chilean journal of agricultural research,0,0,1,4
chimia,0,0,1,2
china agricultural economic review,0,0,1,8
china and world economy,0,0,1,6
china communications,0,0,1,4
china economic review,0,0,1,11
china foundry,0,0,1,5
china information,0,0,1,1
china journal,0,0,1,0
china ocean engineering,0,0,1,5
china perspectives,0,0,1,1
china quarterly,0,0,1,1
chinese annals of mathematics series b,0,0,1,1
chinese chemical letters,0,0,1,17
chinese geographical science,0,0,1,8
chinese journal of aeronautics,0,0,1,12
chinese journal of cancer research,0,0,1,7
chinese journal of chemical engineering,0,0,1,9
chinese journal of chemical physics,0,0,1,2
chinese journal of chemistry,0,0,1,9
chinese journal of communication,0,0,1,3
chinese journal of electronics,0,0,1,6
chinese journal of integrative medicine,0,0,1,6
chinese journal of international law,0,0,1,0
chinese journal of international politics,0,0,1,5
chinese journal of mechanical engineering,0,0,1,16
chinese journal of natural medicines,0,0,1,4
chinese journal of organic chemistry,0,0,1,4
chinese journal of physics,0,0,1,9
chinese journal of physiology,0,0,1,6
chinese journal of polymer science,0,0,1,9
chinese management studies,0,0,1,4
chinese medical journal,0,0,1,5
chinese medicine,0,0,1,12
chinese optics letters,0,0,1,5
chinese physics b,0,0,1,3
chinese physics c,0,0,1,5
chinese physics letters,0,0,1,6
chinese sociological review,0,0,1,3
chinese studies in history,0,0,1,0
chirality,0,0,1,4
chiropractic and manual therapies,0,0,1,5
christian bioethics,0,0,1,2
chromatographia,0,0,1,4
chromosoma,0,0,1,8
chromosome research,0,0,1,14
chronic illness,0,0,1,5
chronic obstructive pulmonary diseases-journal of the copd foundation,0,0,1,2
chronobiology international,0,0,1,6
chungara-revista de antropologia chilena,0,0,1,0
church history,0,0,1,0
ciencia and saude coletiva,0,0,1,3
ciencia e agrotecnologia,0,0,1,2
ciencia florestal,0,0,1,2
ciencia rural,0,0,1,2
ciencias marinas,0,0,1,2
cinemas damerique latine,0,0,1,0
circuit world,0,0,1,3
circuits systems and signal processing,0,0,1,4
circulation,0,0,1,0
circulation journal,0,0,1,5
circulation research,0,0,1,1
circulation-arrhythmia and electrophysiology,0,0,1,11
circulation-cardiovascular imaging,0,0,1,5
circulation-cardiovascular interventions,0,0,1,10
circulation-cardiovascular quality and outcomes,0,0,1,6
circulation-genomic and precision medicine,0,0,1,9
circulation-heart failure,0,0,1,10
circulo de linguistica aplicada a la comunicacion,0,0,1,1
cirp annals-manufacturing technology,0,0,1,9
cirp journal of manufacturing science and technology,0,0,1,13
cirugia espanola,0,0,1,0
cirugia y cirujanos,0,0,1,1
cities,0,0,1,14
citizenship studies,0,0,1,5
city and community,0,0,1,4
civil war history,0,0,1,0
cladistics,0,0,1,5
classical and quantum gravity,0,0,1,6
classical philology,0,0,1,0
classical quarterly,0,0,1,0
classical review,0,0,1,0
clay minerals,0,0,1,4
clays and clay minerals,0,0,1,5
clcweb-comparative literature and culture,0,0,1,0
clean technologies and environmental policy,0,0,1,8
clean-soil air water,0,0,1,2
cleft palate-craniofacial journal,0,0,1,3
cleveland clinic journal of medicine,0,0,1,2
climacteric,0,0,1,6
climate and development,0,0,1,8
climate change economics,0,0,1,4
climate dynamics,0,0,1,7
climate of the past,0,0,1,8
climate policy,0,0,1,11
climate research,0,0,1,6
climate risk management,0,0,1,9
climate services,0,0,1,8
climatic change,0,0,1,10
clinica chimica acta,0,0,1,2
clinica y salud,0,0,1,3
clinical anatomy,0,0,1,4
clinical and applied thrombosis-hemostasis,0,0,1,5
clinical and experimental allergy,0,0,1,4
clinical and experimental dermatology,0,0,1,2
clinical and experimental hypertension,0,0,1,7
clinical and experimental immunology,0,0,1,9
clinical and experimental medicine,1,1,0,
clinical and experimental metastasis,0,0,1,9
clinical and experimental nephrology,0,0,1,4
clinical and experimental obstetrics and gynecology,0,0,1,1
clinical and experimental ophthalmology,0,0,1,4
clinical and experimental optometry,0,0,1,3
clinical and experimental otorhinolaryngology,0,0,1,7
clinical and experimental pharmacology and physiology,0,0,1,5
clinical and investigative medicine,0,0,1,2
clinical and molecular hepatology,0,0,1,9
clinical and translational allergy,0,0,1,6
clinical and translational gastroenterology,0,0,1,7
clinical and translational immunology,0,0,1,8
clinical and translational medicine,0,0,1,12
clinical and translational oncology official publication of the federation of spanish oncology societies and of the national cancer institute of mexico,1,1,0,
clinical and translational radiation oncology,0,0,1,3
clinical autonomic research,0,0,1,5
clinical biochemistry,0,0,1,5
clinical biomechanics,0,0,1,4
clinical breast cancer,0,0,1,6
clinical cancer research,0,0,1,20
clinical cardiology,0,0,1,5
clinical case studies,0,0,1,2
clinical chemistry,0,0,1,0
clinical chemistry and laboratory medicine,0,0,1,6
clinical child and family psychology review,0,0,1,16
clinical child psychology and psychiatry,0,0,1,5
clinical colorectal cancer,0,0,1,4
clinical cosmetic and investigational dermatology,0,0,1,5
clinical drug investigation,0,0,1,6
clinical dysmorphology,0,0,1,1
clinical eeg and neuroscience,0,0,1,4
clinical endocrinology,0,0,1,5
clinical epidemiology,0,0,1,8
clinical epigenetics,0,0,1,20
clinical gastroenterology and hepatology,0,0,1,12
clinical genetics,0,0,1,4
clinical genitourinary cancer,0,0,1,5
clinical gerontologist,0,0,1,6
clinical hemorheology and microcirculation,0,0,1,5
clinical imaging,0,0,1,5
clinical immunology,0,0,1,6
clinical implant dentistry and related research,0,0,1,8
clinical infectious diseases,0,0,1,12
clinical interventions in aging,0,0,1,8
clinical journal of oncology nursing,0,0,1,1
clinical journal of sport medicine,0,0,1,3
clinical journal of the american society of nephrology,0,0,1,9
clinical kidney journal,0,0,1,7
clinical laboratory,0,0,1,1
clinical linguistics and phonetics,0,0,1,3
clinical lung cancer,0,0,1,6
clinical lymphoma myeloma and leukemia,0,0,1,0
clinical medicine,0,0,1,2
clinical medicine insights oncology,1,1,0,
clinical medicine insights-oncology,0,0,1,4
clinical microbiology and infection,0,0,1,11
clinical microbiology reviews,0,0,1,42
clinical nephrology,0,0,1,2
clinical neurology and neurosurgery,0,0,1,4
clinical neuropathology,0,0,1,1
clinical neuropharmacology,0,0,1,3
clinical neurophysiology,0,0,1,1
clinical neuropsychologist,0,0,1,4
clinical neuroradiology,0,0,1,6
clinical nuclear medicine,0,0,1,3
clinical nurse specialist,0,0,1,1
clinical nursing research,0,0,1,4
clinical nutrition,0,0,1,11
clinical obstetrics and gynecology,0,0,1,3
clinical oncology,0,0,1,3
clinical oral implants research,0,0,1,7
clinical oral investigations,0,0,1,17
clinical orthopaedics and related research,0,0,1,3
clinical otolaryngology,0,0,1,3
clinical pediatrics,0,0,1,1
clinical pharmacokinetics,0,0,1,8
clinical pharmacology and therapeutics,0,0,1,7
clinical pharmacology in drug development,0,0,1,3
clinical physiology and functional imaging,0,0,1,3
clinical proteomics,0,0,1,8
clinical psychological science,0,0,1,9
clinical psychologist,0,0,1,4
clinical psychology and psychotherapy,0,0,1,6
clinical psychology review,0,0,1,25
clinical psychology-science and practice,0,0,1,3
clinical psychopharmacology and neuroscience,0,0,1,6
clinical radiology,0,0,1,3
clinical rehabilitation,0,0,1,7
clinical research in cardiology,0,0,1,6
clinical respiratory journal,0,0,1,4
clinical rheumatology,0,0,1,5
clinical science,0,0,1,11
clinical simulation in nursing,0,0,1,4
clinical social work journal,0,0,1,3
clinical spine surgery,0,0,1,2
clinical therapeutics,0,0,1,5
clinical toxicology,0,0,1,4
clinical transplantation,0,0,1,4
clinical trials,0,0,1,5
clinics,0,0,1,4
clinics and research in hepatology and gastroenterology,0,0,1,4
clinics in chest medicine,0,0,1,7
clinics in colon and rectal surgery,0,0,1,3
clinics in dermatology,0,0,1,4
clinics in geriatric medicine,0,0,1,4
clinics in laboratory medicine,0,0,1,3
clinics in liver disease,0,0,1,6
clinics in orthopedic surgery,0,0,1,5
clinics in perinatology,0,0,1,6
clinics in plastic surgery,0,0,1,3
clinics in podiatric medicine and surgery,0,0,1,2
clinics in sports medicine,0,0,1,2
cliometrica,0,0,1,3
clothing and textiles research journal,0,0,1,2
cluster computing-the journal of networks software tools and applications,0,0,1,6
cmc-computers materials and continua,0,0,1,5
cns and neurological disorders-drug targets,0,0,1,7
cns drugs,0,0,1,14
cns neuroscience and therapeutics,1,1,1,9
cns spectrums,0,0,1,1
co-herencia,0,0,1,0
coastal engineering,0,0,1,11
coastal engineering journal,0,0,1,6
coastal management,0,0,1,4
coatings,0,0,1,7
codesign-international journal of cocreation in design and the arts,0,0,1,3
cogent food and agriculture,0,0,1,5
cognition,0,0,1,8
cognition and emotion,0,0,1,4
cognition and instruction,0,0,1,9
cognition technology and work,0,0,1,5
cognitive affective and behavioral neuroscience,0,0,1,6
cognitive and behavioral practice,0,0,1,6
cognitive behaviour therapy,0,0,1,4
cognitive computation,0,0,1,9
cognitive development,0,0,1,5
cognitive linguistics,0,0,1,3
cognitive neurodynamics,0,0,1,7
cognitive neuropsychiatry,0,0,1,3
cognitive neuropsychology,0,0,1,2
cognitive neuroscience,0,0,1,2
cognitive processing,0,0,1,3
cognitive psychology,0,0,1,6
cognitive research-principles and implications,0,0,1,6
cognitive science,0,0,1,5
cognitive systems research,0,0,1,5
cognitive therapy and research,0,0,1,4
cold regions science and technology,0,0,1,11
cold spring harbor perspectives in biology,0,0,1,16
cold spring harbor perspectives in medicine,0,0,1,8
cold war history,0,0,1,0
coleopterists bulletin,0,0,1,1
collabra-psychology,0,0,1,3
collectanea mathematica,0,0,1,1
college and research libraries,0,0,1,3
college literature,0,0,1,0
collegian,0,0,1,6
colloid and interface science communications,0,0,1,14
colloid and polymer science,0,0,1,6
colloid journal,0,0,1,4
colloids and surfaces a-physicochemical and engineering aspects,0,0,1,13
colloids and surfaces b-biointerfaces,0,0,1,14
colloquium mathematicum,0,0,1,1
colombia medica,0,0,1,2
colonial latin american review,0,0,1,0
color research and application,0,0,1,3
coloration technology,0,0,1,5
colorectal disease,0,0,1,2
combinatorial chemistry and high throughput screening,0,0,1,4
combinatorica,0,0,1,2
combinatorics probability and computing,0,0,1,2
combustion and flame,0,0,1,14
combustion explosion and shock waves,0,0,1,2
combustion science and technology,0,0,1,3
combustion theory and modelling,0,0,1,4
comitatus-a journal of medieval and renaissance studies,0,0,1,0
commentarii mathematici helvetici,0,0,1,3
common knowledge,0,0,1,0
common market law review,0,0,1,0
communication and critical-cultural studies,0,0,1,2
communication and sport,0,0,1,4
communication culture and critique,0,0,1,3
communication disorders quarterly,0,0,1,2
communication methods and measures,0,0,1,8
communication monographs,0,0,1,4
communication research,0,0,1,7
communication theory,0,0,1,7
communications biology,1,1,1,12
communications chemistry,0,0,1,11
communications earth and environment,0,0,1,12
communications in algebra,0,0,1,1
communications in analysis and geometry,0,0,1,1
communications in computational physics,0,0,1,3
communications in contemporary mathematics,0,0,1,2
communications in mathematical physics,0,0,1,6
communications in mathematical sciences,0,0,1,3
communications in mathematics and statistics,0,0,1,2
communications in nonlinear science and numerical simulation,0,0,1,8
communications in number theory and physics,0,0,1,3
communications in partial differential equations,0,0,1,5
communications in soil science and plant analysis,0,0,1,4
communications in statistics-simulation and computation,0,0,1,1
communications in statistics-theory and methods,0,0,1,1
communications in theoretical physics,0,0,1,4
communications of the acm,0,0,1,4
communications on pure and applied mathematics,0,0,1,5
communications physics,0,0,1,11
communications-european journal of communication research,0,0,1,2
communist and post-communist studies,0,0,1,3
community dentistry and oral epidemiology,0,0,1,5
community development journal,0,0,1,2
community ecology,0,0,1,2
community mental health journal,0,0,1,4
comparative biochemistry and physiology a-molecular and integrative physiology,0,0,1,5
comparative biochemistry and physiology b-biochemistry and molecular biology,0,0,1,5
comparative biochemistry and physiology c-toxicology and pharmacology,0,0,1,8
comparative biochemistry and physiology d-genomics and proteomics,0,0,1,3
comparative critical studies,0,0,1,0
comparative cytogenetics,0,0,1,3
comparative drama,0,0,1,0
comparative education,0,0,1,8
comparative education review,0,0,1,2
comparative european politics,0,0,1,6
comparative immunology microbiology and infectious diseases,0,0,1,5
comparative literature,0,0,1,0
comparative literature studies,0,0,1,0
comparative medicine,0,0,1,3
comparative migration studies,0,0,1,5
comparative parasitology,0,0,1,1
comparative political studies,0,0,1,8
comparative politics,0,0,1,5
comparative studies in society and history,0,0,1,2
compare-a journal of comparative and international education,0,0,1,4
compel-the international journal for computation and mathematics in electrical and electronic engineering,0,0,1,2
competition and change,0,0,1,5
complementary medicine research,0,0,1,2
complementary therapies in clinical practice,0,0,1,9
complementary therapies in medicine,0,0,1,8
complex analysis and operator theory,0,0,1,1
complex and intelligent systems,0,0,1,9
complex variables and elliptic equations,0,0,1,1
complexity,0,0,1,5
complutum,0,0,1,1
composite interfaces,0,0,1,5
composite structures,0,0,1,19
composites communications,0,0,1,15
composites part a-applied science and manufacturing,0,0,1,19
composites part b-engineering,0,0,1,31
composites science and technology,0,0,1,25
compositio mathematica,0,0,1,2
compost science and utilization,0,0,1,1
comprehensive psychiatry,0,0,1,12
comprehensive reviews in food science and food safety,0,0,1,28
comptes rendus biologies,0,0,1,1
comptes rendus chimie,0,0,1,3
comptes rendus geoscience,0,0,1,7
comptes rendus mathematique,0,0,1,1
comptes rendus mecanique,0,0,1,2
comptes rendus physique,0,0,1,5
computational and applied mathematics,0,0,1,5
computational and mathematical methods in medicine,0,0,1,4
computational and mathematical organization theory,0,0,1,3
computational and structural biotechnology journal,0,0,1,10
computational and theoretical chemistry,0,0,1,5
computational biology and chemistry,0,0,1,6
computational economics,0,0,1,2
computational geometry-theory and applications,0,0,1,1
computational geosciences,0,0,1,5
computational intelligence,0,0,1,3
computational intelligence and neuroscience,0,0,1,5
computational materials science,0,0,1,8
computational mathematics and mathematical physics,0,0,1,2
computational mechanics,0,0,1,8
computational methods and function theory,0,0,1,1
computational methods in applied mathematics,0,0,1,3
computational optimization and applications,0,0,1,5
computational particle mechanics,0,0,1,5
computational statistics,0,0,1,2
computational statistics and data analysis,0,0,1,5
computational visual media,0,0,1,7
computer,0,0,1,1
computer aided geometric design,0,0,1,3
computer animation and virtual worlds,0,0,1,4
computer applications in engineering education,0,0,1,5
computer assisted language learning,0,0,1,15
computer assisted surgery,0,0,1,4
computer communications,0,0,1,12
computer graphics forum,0,0,1,4
computer journal,0,0,1,3
computer methods and programs in biomedicine,0,0,1,13
computer methods in applied mechanics and engineering,0,0,1,16
computer methods in biomechanics and biomedical engineering,0,0,1,4
computer music journal,0,0,1,0
computer networks,0,0,1,9
computer physics communications,0,0,1,8
computer science and information systems,0,0,1,2
computer science review,0,0,1,25
computer speech and language,0,0,1,9
computer standards and interfaces,0,0,1,11
computer supported cooperative work-the journal of collaborative computing and work practices,0,0,1,7
computer systems science and engineering,0,0,1,7
computer vision and image understanding,0,0,1,7
computer-aided civil and infrastructure engineering,0,0,1,11
computer-aided design,0,0,1,8
computerized medical imaging and graphics,0,0,1,10
computers and chemical engineering,0,0,1,10
computers and education,0,0,1,29
computers and electrical engineering,0,0,1,13
computers and electronics in agriculture,0,0,1,20
computers and fluids,0,0,1,7
computers and geosciences,0,0,1,9
computers and geotechnics,0,0,1,15
computers and graphics-uk,0,0,1,6
computers and industrial engineering,0,0,1,17
computers and mathematics with applications,0,0,1,5
computers and operations research,0,0,1,11
computers and security,0,0,1,16
computers and structures,0,0,1,9
computers environment and urban systems,0,0,1,20
computers in biology and medicine,0,0,1,14
computers in human behavior,0,0,1,26
computers in industry,0,0,1,26
computing,0,0,1,6
computing in science and engineering,0,0,1,1
comunicar,0,0,1,13
concurrency and computation-practice and experience,0,0,1,4
concurrent engineering-research and applications,0,0,1,3
condensed matter physics,0,0,1,2
configurations,0,0,1,0
conflict and health,0,0,1,9
conflict management and peace science,0,0,1,3
confluencia-revista hispanica de cultura y literatura,0,0,1,0
congenital anomalies,0,0,1,2
congenital heart disease,0,0,1,2
connection science,0,0,1,9
connective tissue research,0,0,1,3
consciousness and cognition,0,0,1,5
conservation and management of archaeological sites,0,0,1,1
conservation and society,0,0,1,4
conservation biology,0,0,1,9
conservation genetics,0,0,1,4
conservation letters,0,0,1,9
conservation physiology,0,0,1,6
conservation science and practice,0,0,1,5
construction and building materials,0,0,1,18
constructive approximation,0,0,1,3
consumption markets and culture,0,0,1,4
contact dermatitis,0,0,1,4
contact lens and anterior eye,0,0,1,5
contemporary accounting research,0,0,1,11
contemporary british history,0,0,1,0
contemporary clinical trials,0,0,1,5
contemporary economic policy,0,0,1,2
contemporary educational psychology,0,0,1,11
contemporary european history,0,0,1,1
contemporary french and francophone studies,0,0,1,0
contemporary music review,0,0,1,1
contemporary nurse,0,0,1,3
contemporary pacific,0,0,1,0
contemporary physics,0,0,1,0
contemporary political theory,0,0,1,0
contemporary politics,0,0,1,4
contemporary pragmatism,0,0,1,0
contemporary problems of ecology,0,0,1,1
contemporary psychoanalysis,0,0,1,1
contemporary security policy,0,0,1,7
contemporary sociology-a journal of reviews,0,0,1,0
contemporary south asia,0,0,1,1
contemporary southeast asia,0,0,1,1
contemporary theatre review,0,0,1,0
contemporary womens writing,0,0,1,0
continental philosophy review,0,0,1,1
continental shelf research,0,0,1,5
continuity and change,0,0,1,0
continuum mechanics and thermodynamics,0,0,1,5
continuum-journal of media and cultural studies,0,0,1,1
contraception,0,0,1,2
contrast media and molecular imaging,0,0,1,4
contributions to mineralogy and petrology,0,0,1,7
contributions to plasma physics,0,0,1,2
contributions to zoology,0,0,1,4
control engineering practice,0,0,1,10
convergence-the international journal of research into new media technologies,0,0,1,6
convergencia-revista de ciencias sociales,0,0,1,1
cooperation and conflict,0,0,1,5
coordination chemistry reviews,0,0,1,53
copd-journal of chronic obstructive pulmonary disease,0,0,1,6
coral reefs,0,0,1,6
cornea,0,0,1,4
cornell hospitality quarterly,0,0,1,5
coronary artery disease,0,0,1,2
corporate governance-an international review,0,0,1,6
corporate social responsibility and environmental management,0,0,1,15
corpus linguistics and linguistic theory,0,0,1,2
corrosion,0,0,1,3
corrosion engineering science and technology,0,0,1,4
corrosion science,0,0,1,23
cortex,0,0,1,8
cosmic research,0,0,1,1
cost effectiveness and resource allocation,0,0,1,5
costume-the journal of the costume society,0,0,1,0
counseling psychologist,0,0,1,4
cpt-pharmacometrics and systems pharmacology,0,0,1,6
cr-the new centennial review,0,0,1,0
cranio-the journal of craniomandibular and sleep practice,0,0,1,4
creativity and innovation management,0,0,1,8
creativity research journal,0,0,1,7
cretaceous research,0,0,1,5
crime and delinquency,0,0,1,4
crime law and social change,0,0,1,3
crime media culture,0,0,1,1
criminal behaviour and mental health,0,0,1,3
criminal justice and behavior,0,0,1,4
criminology,0,0,1,7
criminology and criminal justice,0,0,1,3
criminology and public policy,0,0,1,8
crisis-the journal of crisis intervention and suicide prevention,0,0,1,6
crispr journal,0,0,1,7
critical arts-south-north cultural and media studies,0,0,1,1
critical asian studies,0,0,1,3
critical care,0,0,1,16
critical care clinics,0,0,1,4
critical care medicine,0,0,1,0
critical care nurse,0,0,1,2
critical care nursing clinics of north america,0,0,1,1
critical criminology,0,0,1,2
critical discourse studies,0,0,1,4
critical inquiry,0,0,1,0
critical perspectives on accounting,0,0,1,12
critical policy studies,0,0,1,3
critical public health,0,0,1,2
critical quarterly,0,0,1,0
critical review,0,0,1,1
critical reviews in analytical chemistry,0,0,1,11
critical reviews in biochemistry and molecular biology,0,0,1,15
critical reviews in biotechnology,0,0,1,19
critical reviews in clinical laboratory sciences,0,0,1,13
critical reviews in environmental science and technology,0,0,1,30
critical reviews in eukaryotic gene expression,0,0,1,4
critical reviews in food science and nutrition,0,0,1,21
critical reviews in immunology,0,0,1,2
critical reviews in microbiology,0,0,1,12
critical reviews in oncology hematology,0,0,1,11
critical reviews in plant sciences,0,0,1,16
critical reviews in solid state and materials sciences,0,0,1,19
critical reviews in therapeutic drug carrier systems,0,0,1,6
critical reviews in toxicology,0,0,1,10
critical social policy,0,0,1,2
critical sociology,0,0,1,2
critical studies in education,0,0,1,4
critical studies in media communication,0,0,1,1
critical studies in television,0,0,1,1
critical survey,0,0,1,0
criticon,0,0,1,0
critique,0,0,1,0
critique of anthropology,0,0,1,2
critique-studies in contemporary fiction,0,0,1,0
croatian journal of education-hrvatski casopis za odgoj i obrazovanje,0,0,1,1
croatian journal of forest engineering,0,0,1,3
croatian medical journal,0,0,1,3
crop and pasture science,0,0,1,6
crop breeding and applied biotechnology,0,0,1,1
crop journal,0,0,1,15
crop protection,0,0,1,7
crop science,0,0,1,4
cross cultural and strategic management,0,0,1,6
cross-cultural research,0,0,1,5
crustaceana,0,0,1,1
cryobiology,0,0,1,1
cryogenics,0,0,1,5
cryosphere,0,0,1,9
cryptogamie algologie,0,0,1,5
cryptogamie bryologie,0,0,1,2
cryptogamie mycologie,0,0,1,3
cryptography and communications-discrete-structures boolean functions and sequences,0,0,1,3
cryptologia,0,0,1,1
crystal growth and design,0,0,1,7
crystal research and technology,0,0,1,3
crystallography reports,0,0,1,1
crystallography reviews,0,0,1,1
crystals,0,0,1,6
crystengcomm,0,0,1,5
csee journal of power and energy systems,0,0,1,4
ctandf-ciencia tecnologia y futuro,0,0,1,2
cts-clinical and translational science,0,0,1,6
cuaj-canadian urological association journal,0,0,1,1
cultura-international journal of philosophy of culture and axiology,0,0,1,0
cultural and social history,0,0,1,0
cultural anthropology,0,0,1,3
cultural diversity and ethnic minority psychology,0,0,1,5
cultural geographies,0,0,1,1
cultural sociology,0,0,1,3
cultural studies,0,0,1,2
cultural studies of science education,0,0,1,5
cultural studies-critical methodologies,0,0,1,2
cultural trends,0,0,1,3
culture and education,0,0,1,2
culture and history digital journal,0,0,1,0
culture and organization,0,0,1,3
culture and psychology,0,0,1,2
culture et musees,0,0,1,0
culture health and sexuality,0,0,1,4
culture medicine and psychiatry,0,0,1,3
curator-the museum journal,0,0,1,1
current addiction reports,0,0,1,9
current allergy and asthma reports,0,0,1,11
current alzheimer research,0,0,1,5
current analytical chemistry,0,0,1,3
current anthropology,0,0,1,2
current applied physics,0,0,1,7
current atherosclerosis reports,0,0,1,13
current bioinformatics,0,0,1,4
current biology,0,0,1,14
current cancer drug targets,0,0,1,5
current cardiology reports,0,0,1,8
current climate change reports,0,0,1,22
current computer-aided drug design,0,0,1,3
current diabetes reports,0,0,1,15
current directions in psychological science,0,0,1,15
current drug delivery,0,0,1,8
current drug metabolism,0,0,1,5
current drug targets,0,0,1,7
current environmental health reports,0,0,1,21
current epidemiology reports,0,0,1,8
current eye research,0,0,1,4
current forestry reports,0,0,1,22
current gene therapy,0,0,1,5
current genetics,0,0,1,5
current genomics,0,0,1,5
current hematologic malignancy reports,0,0,1,8
current herpetology,0,0,1,1
current history,0,0,1,1
current hiv research,0,0,1,2
current hivaids reports,0,0,1,13
current hypertension reports,0,0,1,15
current infectious disease reports,0,0,1,6
current issues in language planning,0,0,1,4
current issues in tourism,0,0,1,9
current medical imaging,0,0,1,2
current medical research and opinion,0,0,1,5
current medical science,0,0,1,4
current medicinal chemistry,0,0,1,7
current microbiology,0,0,1,5
current molecular medicine,0,0,1,5
current molecular pharmacology,0,0,1,10
current nanoscience,0,0,1,5
current neurology and neuroscience reports,0,0,1,15
current neuropharmacology,0,0,1,12
current neurovascular research,0,0,1,5
current nutrition reports,0,0,1,12
current obesity reports,0,0,1,18
current oncology reports,0,0,1,13
current opinion in allergy and clinical immunology,0,0,1,7
current opinion in anesthesiology,0,0,1,5
current opinion in behavioral sciences,0,0,1,10
current opinion in biomedical engineering,0,0,1,8
current opinion in biotechnology,0,0,1,22
current opinion in cardiology,0,0,1,4
current opinion in cell biology,0,0,1,13
current opinion in chemical biology,0,0,1,20
current opinion in chemical engineering,0,0,1,19
current opinion in clinical nutrition and metabolic care,0,0,1,7
current opinion in colloid and interface science,0,0,1,19
current opinion in critical care,0,0,1,6
current opinion in electrochemistry,0,0,1,13
current opinion in endocrinology diabetes and obesity,0,0,1,7
current opinion in environmental sustainability,0,0,1,16
current opinion in food science,0,0,1,19
current opinion in gastroenterology,0,0,1,7
current opinion in genetics and development,0,0,1,12
current opinion in green and sustainable chemistry,0,0,1,16
current opinion in hematology,0,0,1,6
current opinion in hiv and aids,0,0,1,6
current opinion in immunology,0,0,1,12
current opinion in infectious diseases,0,0,1,9
current opinion in insect science,0,0,1,10
current opinion in lipidology,0,0,1,9
current opinion in microbiology,0,0,1,21
current opinion in nephrology and hypertension,0,0,1,5
current opinion in neurobiology,0,0,1,16
current opinion in neurology,0,0,1,11
current opinion in obstetrics and gynecology,0,0,1,5
current opinion in oncology,0,0,1,5
current opinion in ophthalmology,0,0,1,7
current opinion in organ transplantation,0,0,1,6
current opinion in otolaryngology and head and neck surgery,0,0,1,4
current opinion in pediatrics,0,0,1,7
current opinion in pharmacology,0,0,1,14
current opinion in plant biology,0,0,1,19
current opinion in psychiatry,0,0,1,10
current opinion in psychology,0,0,1,18
current opinion in pulmonary medicine,0,0,1,8
current opinion in rheumatology,0,0,1,8
current opinion in solid state and materials science,0,0,1,27
current opinion in structural biology,0,0,1,20
current opinion in supportive and palliative care,0,0,1,4
current opinion in urology,0,0,1,4
current opinion in virology,0,0,1,19
current organic chemistry,0,0,1,5
current organic synthesis,0,0,1,5
current osteoporosis reports,0,0,1,16
current pain and headache reports,0,0,1,9
current pharmaceutical analysis,0,0,1,2
current pharmaceutical biotechnology,0,0,1,6
current pharmaceutical design,0,0,1,6
current pollution reports,0,0,1,18
current problems in cancer,0,0,1,5
current problems in cardiology,0,0,1,7
current problems in pediatric and adolescent health care,0,0,1,1
current problems in surgery,0,0,1,1
current protein and peptide science,0,0,1,5
current proteomics,0,0,1,1
current psychiatry reports,0,0,1,21
current psychology,0,0,1,5
current radiopharmaceuticals,0,0,1,4
current research in translational medicine,0,0,1,3
current rheumatology reports,0,0,1,13
current science,0,0,1,2
current sociology,0,0,1,4
current stem cell research and therapy,0,0,1,5
current topics in medicinal chemistry,0,0,1,7
current topics in nutraceutical research,0,0,1,0
current treatment options in neurology,0,0,1,3
current treatment options in oncology,0,0,1,11
current urology reports,0,0,1,7
current vascular pharmacology,0,0,1,4
current zoology,0,0,1,4
curriculum inquiry,0,0,1,4
cutaneous and ocular toxicology,0,0,1,3
cybernetics and systems,0,0,1,7
cyberpsychology behavior and social networking,0,0,1,8
cyberpsychology-journal of psychosocial research on cyberspace,0,0,1,6
cyta-journal of food,0,0,1,4
cytogenetic and genome research,0,0,1,2
cytojournal,0,0,1,3
cytokine,0,0,1,8
cytokine and growth factor reviews,0,0,1,25
cytologia,0,0,1,2
cytology and genetics,0,0,1,2
cytometry part a,0,0,1,3
cytometry part b-clinical cytometry,0,0,1,4
cytopathology,0,0,1,2
cytoskeleton,0,0,1,1
cytotechnology,0,0,1,3
cytotherapy,0,0,1,0
czech journal of animal science,0,0,1,3
czech journal of food sciences,0,0,1,3
czech journal of genetics and plant breeding,0,0,1,4
dados-revista de ciencias sociais,0,0,1,1
daedalus,0,0,1,4
dalton transactions,0,0,1,8
dance chronicle,0,0,1,0
dance research,0,0,1,0
dance research journal,0,0,1,0
dao-a journal of comparative philosophy,0,0,1,0
daphnis-zeitschrift fuer mittlere deutsche literatur,0,0,1,0
daru-journal of pharmaceutical sciences,0,0,1,5
data and knowledge engineering,0,0,1,9
data base for advances in information systems,0,0,1,5
data mining and knowledge discovery,0,0,1,9
data technologies and applications,0,0,1,4
database-the journal of biological databases and curation,0,0,1,6
dead sea discoveries,0,0,1,0
death studies,0,0,1,3
decision analysis,0,0,1,4
decision sciences,0,0,1,2
decision support systems,0,0,1,17
deep-sea research part i-oceanographic research papers,0,0,1,5
deep-sea research part ii-topical studies in oceanography,0,0,1,7
defence and peace economics,0,0,1,4
defence science journal,0,0,1,1
defence technology,0,0,1,12
deleuze and guattari studies,0,0,1,0
dementia and geriatric cognitive disorders,0,0,1,4
dementia-international journal of social research and practice,0,0,1,6
democratization,0,0,1,3
demographic research,0,0,1,5
demography,0,0,1,8
dendrochronologia,0,0,1,5
denkmalpflege,0,0,1,0
dental materials,0,0,1,6
dental materials journal,0,0,1,5
dental traumatology,0,0,1,6
dentomaxillofacial radiology,0,0,1,9
depositional record,0,0,1,4
depression and anxiety,0,0,1,4
dermatitis,0,0,1,2
dermatologic clinics,0,0,1,4
dermatologic surgery,0,0,1,2
dermatologic therapy,0,0,1,7
dermatologica sinica,0,0,1,2
dermatology,0,0,1,6
dermatology and therapy,0,0,1,8
dermatology practical and conceptual,0,0,1,2
desalination,0,0,1,22
design and culture,0,0,1,1
design issues,0,0,1,1
design journal,0,0,1,2
design studies,0,0,1,10
designs codes and cryptography,0,0,1,3
deutsche entomologische zeitschrift,0,0,1,2
deutsche medizinische wochenschrift,0,0,1,0
deutsche vierteljahrsschrift fuer literaturwissenschaft und geistesgeschichte,0,0,1,0
deutsche zeitschrift fuer philosophie,0,0,1,0
deutsches arzteblatt international,0,0,1,2
developing economies,0,0,1,0
developing world bioethics,0,0,1,2
development,0,0,1,10
development and change,0,0,1,5
development and psychopathology,0,0,1,7
development genes and evolution,0,0,1,4
development growth and differentiation,0,0,1,3
development policy review,0,0,1,3
development southern africa,0,0,1,4
developmental and comparative immunology,0,0,1,5
developmental biology,0,0,1,5
developmental cell,1,1,1,20
developmental cognitive neuroscience,0,0,1,13
developmental dynamics,0,0,1,3
developmental medicine and child neurology,0,0,1,3
developmental neurobiology,0,0,1,3
developmental neuropsychology,0,0,1,4
developmental neurorehabilitation,0,0,1,3
developmental neuroscience,0,0,1,4
developmental psychobiology,0,0,1,4
developmental psychology,0,0,1,4
developmental review,0,0,1,13
developmental science,0,0,1,8
deviance et societe,0,0,1,1
deviant behavior,0,0,1,3
diabetes,0,0,1,0
diabetes and metabolism,0,0,1,8
diabetes and metabolism journal,0,0,1,10
diabetes and vascular disease research,0,0,1,8
diabetes care,0,0,1,18
diabetes metabolic syndrome and obesity-targets and therapy,0,0,1,7
diabetes obesity and metabolism,0,0,1,7
diabetes research and clinical practice,0,0,1,4
diabetes technology and therapeutics,0,0,1,12
diabetes therapy,0,0,1,7
diabetes-metabolism research and reviews,0,0,1,10
diabetic medicine,0,0,1,6
diabetologia,0,0,1,16
diabetologie und stoffwechsel,0,0,1,0
diabetology and metabolic syndrome,0,0,1,8
diachronica,0,0,1,1
diagnostic and interventional imaging,0,0,1,10
diagnostic cytopathology,0,0,1,2
diagnostic microbiology and infectious disease,0,0,1,3
diagnostic pathology,0,0,1,5
diagnostica,0,0,1,2
diagnostics,0,0,1,8
dialectica,0,0,1,0
dialog-a journal of theology,0,0,1,0
dialogue-canadian philosophical review,0,0,1,0
dialogues in human geography,0,0,1,3
diamond and related materials,0,0,1,11
diasporas-histoire et societes,0,0,1,0
diatom research,0,0,1,3
dickens quarterly,0,0,1,0
differences-a journal of feminist cultural studies,0,0,1,0
differential equations,0,0,1,2
differential geometry and its applications,0,0,1,1
differentiation,0,0,1,5
digestion,0,0,1,4
digestive and liver disease,0,0,1,1
digestive diseases,0,0,1,5
digestive diseases and sciences,0,0,1,4
digestive endoscopy,0,0,1,3
digestive surgery,0,0,1,2
digital communications and networks,0,0,1,14
digital creativity,0,0,1,3
digital health,0,0,1,6
digital journalism,0,0,1,13
digital scholarship in the humanities,0,0,1,2
digital signal processing,0,0,1,7
diplomacy and statecraft,0,0,1,0
diplomatic history,0,0,1,0
disability and health journal,0,0,1,6
disability and rehabilitation,0,0,1,4
disability and rehabilitation-assistive technology,0,0,1,4
disability and society,0,0,1,4
disaster medicine and public health preparedness,0,0,1,2
disaster prevention and management,0,0,1,4
disasters,0,0,1,6
discourse and communication,0,0,1,3
discourse and society,0,0,1,3
discourse context and media,0,0,1,6
discourse processes,0,0,1,4
discourse studies,0,0,1,1
discourse-studies in the cultural politics of education,0,0,1,2
discover oncology,1,2,0,
discrete and computational geometry,0,0,1,2
discrete applied mathematics,0,0,1,2
discrete dynamics in nature and society,0,0,1,4
discrete event dynamic systems-theory and applications,0,0,1,4
discrete mathematics,0,0,1,2
discrete optimization,0,0,1,2
discussiones mathematicae graph theory,0,0,1,1
disease markers,0,0,1,7
disease models and mechanisms,1,1,1,8
diseases of aquatic organisms,0,0,1,3
diseases of the colon and rectum,0,0,1,3
diseases of the esophagus,0,0,1,0
disp,0,0,1,1
disparidades-revista de antropologia,0,0,1,1
displays,0,0,1,8
dissent,0,0,1,0
dissolution technologies,0,0,1,1
distance education,0,0,1,6
distributed and parallel databases,0,0,1,4
distributed computing,0,0,1,3
diversity and distributions,0,0,1,9
diversity-basel,0,0,1,6
dix-neuf,0,0,1,0
dix-septieme siecle,0,0,1,0
dm disease-a-month,0,0,1,0
dna and cell biology,0,0,1,6
dna repair,0,0,1,7
dna research,0,0,1,7
documenta ophthalmologica,0,0,1,3
doklady biochemistry and biophysics,0,0,1,2
doklady chemistry,0,0,1,2
doklady earth sciences,0,0,1,2
doklady mathematics,0,0,1,1
doklady physical chemistry,0,0,1,3
doklady physics,0,0,1,2
domestic animal endocrinology,0,0,1,5
dose-response,0,0,1,6
dreaming,0,0,1,2
dress-the journal of the costume society of america,0,0,1,0
drones,0,0,1,9
drug and alcohol dependence,0,0,1,3
drug and alcohol review,0,0,1,5
drug and chemical toxicology,0,0,1,5
drug delivery,0,0,1,25
drug delivery and translational research,0,0,1,11
drug design development and therapy,0,0,1,8
drug development and industrial pharmacy,0,0,1,5
drug development research,0,0,1,6
drug discovery today,0,0,1,19
drug metabolism and disposition,0,0,1,8
drug metabolism and pharmacokinetics,0,0,1,0
drug metabolism reviews,0,0,1,8
drug resistance updates,0,0,1,32
drug resistance updates reviews and commentaries in antimicrobial and anticancer chemotherapy,1,1,0,
drug safety,0,0,1,9
drug testing and analysis,0,0,1,5
drugs,0,0,1,25
drugs and aging,0,0,1,8
drugs in randd,0,0,1,5
drugs of the future,0,0,1,0
drugs-education prevention and policy,0,0,1,3
drustvena istrazivanja,0,0,1,1
drvna industrija,0,0,1,2
drying technology,0,0,1,5
du bois review-social science research on race,0,0,1,2
duke mathematical journal,0,0,1,6
dutch crossing-journal of low countries studies,0,0,1,0
dyes and pigments,0,0,1,12
dynamic games and applications,0,0,1,3
dynamical systems-an international journal,0,0,1,1
dynamics of atmospheres and oceans,0,0,1,4
dynamis,0,0,1,0
dyslexia,0,0,1,3
dysphagia,0,0,1,6
e and m ekonomie a management,0,0,1,3
early american literature,0,0,1,0
early child development and care,0,0,1,3
early childhood education journal,0,0,1,3
early childhood research quarterly,0,0,1,9
early education and development,0,0,1,5
early human development,0,0,1,4
early intervention in psychiatry,0,0,1,4
early medieval europe,0,0,1,0
early modern women-an interdisciplinary journal,0,0,1,0
early music,0,0,1,0
early popular visual culture,0,0,1,0
early science and medicine,0,0,1,0
early years,0,0,1,3
earth and environmental science transactions of the royal society of edinburgh,0,0,1,2
earth and planetary science letters,0,0,1,13
earth and space science,0,0,1,6
earth planets and space,0,0,1,5
earth science informatics,0,0,1,7
earth sciences history,0,0,1,0
earth sciences research journal,0,0,1,2
earth surface dynamics,0,0,1,7
earth surface processes and landforms,0,0,1,6
earth system dynamics,0,0,1,10
earth system science data,0,0,1,17
earth-science reviews,0,0,1,23
earthquake engineering and engineering vibration,0,0,1,6
earthquake engineering and structural dynamics,0,0,1,10
earthquake spectra,0,0,1,7
earths future,0,0,1,15
east asian journal on applied mathematics,0,0,1,2
east asian science technology and society-an international journal,0,0,1,1
east european jewish affairs,0,0,1,0
east european politics,0,0,1,4
east european politics and societies,0,0,1,2
eastern european economics,0,0,1,3
eastern mediterranean health journal,0,0,1,4
eating behaviors,0,0,1,6
eating disorders,0,0,1,5
ebiomedicine,1,1,1,21
ecclesiastical law journal,0,0,1,0
echocardiography-a journal of cardiovascular ultrasound and allied techniques,0,0,1,2
eclinicalmedicine,0,0,1,19
ecography,0,0,1,10
ecohealth,0,0,1,7
ecohydrology,0,0,1,4
ecohydrology and hydrobiology,0,0,1,6
ecological applications,0,0,1,12
ecological complexity,0,0,1,6
ecological economics,0,0,1,15
ecological engineering,0,0,1,12
ecological entomology,0,0,1,4
ecological indicators,0,0,1,18
ecological informatics,0,0,1,14
ecological management and restoration,0,0,1,6
ecological modelling,0,0,1,7
ecological monographs,0,0,1,14
ecological processes,0,0,1,9
ecological psychology,0,0,1,2
ecological research,0,0,1,4
ecological restoration,0,0,1,1
ecology,0,0,1,8
ecology and evolution,0,0,1,5
ecology and society,0,0,1,7
ecology letters,0,0,1,15
ecology of food and nutrition,0,0,1,2
ecology of freshwater fish,0,0,1,4
ecomont-journal on protected mountain areas research,0,0,1,0
econometric reviews,0,0,1,1
econometric theory,0,0,1,2
econometrica,0,0,1,19
econometrics journal,0,0,1,4
economia politica,0,0,1,4
economic analysis and policy,0,0,1,15
economic and industrial democracy,0,0,1,4
economic and labour relations review,0,0,1,5
economic anthropology,0,0,1,2
economic botany,0,0,1,3
economic change and restructuring,0,0,1,8
economic computation and economic cybernetics studies and research,0,0,1,1
economic development and cultural change,0,0,1,4
economic development quarterly,0,0,1,2
economic geography,0,0,1,14
economic geology,0,0,1,11
economic history review,0,0,1,1
economic inquiry,0,0,1,3
economic journal,0,0,1,8
economic modelling,0,0,1,10
economic policy,0,0,1,2
economic record,0,0,1,0
economic research-ekonomska istrazivanja,0,0,1,11
economic systems,0,0,1,8
economic systems research,0,0,1,4
economic theory,0,0,1,3
economica,0,0,1,4
economics and human biology,0,0,1,6
economics and philosophy,0,0,1,1
economics and politics,0,0,1,3
economics letters,0,0,1,3
economics of education review,0,0,1,6
economics of energy and environmental policy,0,0,1,4
economics of governance,0,0,1,2
economics of innovation and new technology,0,0,1,4
economics of transition and institutional change,0,0,1,2
economics of transportation,0,0,1,6
economics-the open access open-assessment e-journal,0,0,1,2
economist-netherlands,0,0,1,2
economy and society,0,0,1,10
ecoscience,0,0,1,3
ecosphere,0,0,1,7
ecosystem health and sustainability,0,0,1,6
ecosystem services,0,0,1,19
ecosystems,0,0,1,7
ecotoxicology,0,0,1,5
ecotoxicology and environmental safety,0,0,1,14
ecs journal of solid state science and technology,0,0,1,5
ecumenical review,0,0,1,0
educacion xx1,0,0,1,6
education and information technologies,0,0,1,13
education and training,0,0,1,8
education and urban society,0,0,1,3
education finance and policy,0,0,1,4
education for chemical engineers,0,0,1,8
educational administration quarterly,0,0,1,7
educational and psychological measurement,0,0,1,5
educational assessment evaluation and accountability,0,0,1,5
educational evaluation and policy analysis,0,0,1,5
educational gerontology,0,0,1,3
educational management administration and leadership,0,0,1,6
educational measurement-issues and practice,0,0,1,2
educational philosophy and theory,0,0,1,3
educational policy,0,0,1,6
educational psychologist,0,0,1,23
educational psychology,0,0,1,6
educational psychology review,0,0,1,17
educational research,0,0,1,8
educational research review,0,0,1,23
educational researcher,0,0,1,8
educational review,0,0,1,4
educational studies,0,0,1,4
educational studies in mathematics,0,0,1,5
efort open reviews,0,0,1,1
efsa journal,0,0,1,2
ega-revista de expresion grafica arquitectonica,0,0,1,1
egitim ve bilim-education and science,0,0,1,3
egyptian informatics journal,0,0,1,7
egyptian journal of biological pest control,0,0,1,7
egyptian journal of remote sensing and space sciences,0,0,1,8
eighteenth century-theory and interpretation,0,0,1,0
eighteenth-century fiction,0,0,1,0
eighteenth-century life,0,0,1,0
eighteenth-century music,0,0,1,0
eire-ireland,0,0,1,0
ejnmmi physics,0,0,1,8
ejnmmi research,0,0,1,6
ejso,0,0,1,1
eksploatacja i niezawodnosc-maintenance and reliability,0,0,1,4
electoral studies,0,0,1,5
electric power components and systems,0,0,1,5
electric power systems research,0,0,1,11
electrical engineering,0,0,1,5
electrical engineering in japan,0,0,1,1
electroanalysis,0,0,1,5
electrocatalysis,0,0,1,7
electrochemical energy reviews,0,0,1,82
electrochemistry,0,0,1,3
electrochemistry communications,0,0,1,9
electrochimica acta,0,0,1,13
electromagnetic biology and medicine,0,0,1,3
electromagnetics,0,0,1,1
electronic commerce research,0,0,1,8
electronic commerce research and applications,0,0,1,15
electronic communications in probability,0,0,1,1
electronic journal of biotechnology,0,0,1,7
electronic journal of combinatorics,0,0,1,1
electronic journal of linear algebra,0,0,1,1
electronic journal of probability,0,0,1,2
electronic journal of qualitative theory of differential equations,0,0,1,1
electronic journal of statistics,0,0,1,2
electronic library,0,0,1,6
electronic markets,0,0,1,15
electronic materials letters,0,0,1,6
electronic transactions on numerical analysis,0,0,1,2
electronics,0,0,1,6
electronics and communications in japan,0,0,1,1
electronics letters,0,0,1,2
electrophoresis,1,1,1,4
elektronika ir elektrotechnika,0,0,1,3
elementa-science of the anthropocene,0,0,1,9
elementary school journal,0,0,1,3
elements,0,0,1,0
elife,0,0,1,13
elt journal,0,0,1,5
embo journal,0,0,1,31
embo molecular medicine,1,1,1,29
embo reports,0,0,1,20
emergency medicine australasia,0,0,1,2
emergency medicine clinics of north america,0,0,1,3
emergency medicine international,0,0,1,3
emergency medicine journal,0,0,1,2
emerging adulthood,0,0,1,4
emerging infectious diseases,0,0,1,11
emerging markets finance and trade,0,0,1,5
emerging markets review,0,0,1,10
emerging materials research,0,0,1,2
emerging microbes and infections,0,0,1,15
emirates journal of food and agriculture,0,0,1,1
emotion,0,0,1,6
emotion review,0,0,1,6
emotion space and society,0,0,1,4
empirica,0,0,1,5
empirical economics,0,0,1,3
empirical software engineering,0,0,1,9
empirical studies of the arts,0,0,1,2
employee relations,0,0,1,7
emu-austral ornithology,0,0,1,3
encephale-revue de psychiatrie clinique biologique et therapeutique,0,0,1,2
endangered species research,0,0,1,5
endeavour,0,0,1,1
endocrine,0,0,1,6
endocrine connections,0,0,1,6
endocrine journal,0,0,1,4
endocrine metabolic and immune disorders-drug targets,0,0,1,4
endocrine pathology,0,0,1,9
endocrine practice,0,0,1,1
endocrine research,0,0,1,3
endocrine reviews,0,0,1,46
endocrine-related cancer,0,0,1,8
endocrinologia diabetes y nutricion,0,0,1,1
endocrinology,0,0,1,13
endocrinology and metabolism,0,0,1,9
endocrinology and metabolism clinics of north america,0,0,1,6
endokrynologia polska,0,0,1,3
endoscopic ultrasound,0,0,1,6
endoscopy,0,0,1,0
energies,0,0,1,9
energy,0,0,1,21
energy and buildings,0,0,1,17
energy and environment,0,0,1,9
energy and environmental materials,0,0,1,24
energy and environmental science,0,0,1,55
energy and fuels,0,0,1,11
energy conversion and management,0,0,1,29
energy economics,0,0,1,26
energy efficiency,0,0,1,7
energy exploration and exploitation,0,0,1,5
energy for sustainable development,0,0,1,13
energy journal,0,0,1,6
energy policy,0,0,1,23
energy reports,0,0,1,17
energy research and social science,0,0,1,16
energy science and engineering,0,0,1,7
energy sources part a-recovery utilization and environmental effects,0,0,1,5
energy sources part b-economics planning and policy,0,0,1,4
energy storage materials,0,0,1,35
energy strategy reviews,0,0,1,17
energy sustainability and society,0,0,1,13
energy technology,0,0,1,7
eneuro,0,0,1,7
enfermedades infecciosas y microbiologia clinica,0,0,1,2
engenharia agricola,0,0,1,2
engenharia sanitaria e ambiental,0,0,1,2
engineering,0,0,1,14
engineering analysis with boundary elements,0,0,1,9
engineering applications of artificial intelligence,0,0,1,13
engineering applications of computational fluid mechanics,0,0,1,7
engineering computations,0,0,1,3
engineering construction and architectural management,0,0,1,8
engineering economist,0,0,1,2
engineering failure analysis,0,0,1,14
engineering fracture mechanics,0,0,1,12
engineering geology,0,0,1,19
engineering in life sciences,0,0,1,3
engineering management journal,0,0,1,4
engineering optimization,0,0,1,4
engineering science and technology-an international journal-jestech,0,0,1,6
engineering structures,0,0,1,15
engineering studies,0,0,1,5
engineering with computers,0,0,1,9
english,0,0,1,0
english for specific purposes,0,0,1,8
english historical review,0,0,1,0
english in education,0,0,1,1
english language and linguistics,0,0,1,0
english language notes,0,0,1,0
english literary renaissance,0,0,1,0
english studies,0,0,1,0
english studies in africa,0,0,1,1
english studies in canada,0,0,1,0
english teaching-practice and critique,0,0,1,2
english today,0,0,1,1
english world-wide,0,0,1,2
ensenanza de las ciencias,0,0,1,2
ent-ear nose and throat journal,0,0,1,1
enterprise and society,0,0,1,1
enterprise information systems,0,0,1,8
entertainment computing,0,0,1,6
entomologia experimentalis et applicata,0,0,1,3
entomologia generalis,0,0,1,7
entomological news,0,0,1,0
entomological research,0,0,1,2
entomological science,0,0,1,1
entrepreneurship and regional development,0,0,1,9
entrepreneurship theory and practice,0,0,1,17
entropy,0,0,1,6
environment,0,0,1,1
environment and behavior,0,0,1,8
environment and development economics,0,0,1,3
environment and history,0,0,1,0
environment and planning a-economy and space,0,0,1,11
environment and planning b-urban analytics and city science,0,0,1,5
environment and planning c-politics and space,0,0,1,4
environment and planning d-society and space,0,0,1,6
environment and planning e-nature and space,0,0,1,5
environment and urbanization,0,0,1,5
environment development and sustainability,0,0,1,21
environment international,0,0,1,22
environment protection engineering,0,0,1,0
environmental and ecological statistics,0,0,1,3
environmental and engineering geoscience,0,0,1,1
environmental and experimental botany,0,0,1,14
environmental and molecular mutagenesis,0,0,1,4
environmental and resource economics,0,0,1,7
environmental archaeology,0,0,1,3
environmental biology of fishes,0,0,1,4
environmental chemistry,0,0,1,5
environmental chemistry letters,0,0,1,48
environmental communication-a journal of nature and culture,0,0,1,5
environmental conservation,0,0,1,5
environmental development,0,0,1,11
environmental earth sciences,0,0,1,7
environmental education research,0,0,1,7
environmental engineering and management journal,0,0,1,1
environmental engineering research,0,0,1,6
environmental entomology,0,0,1,4
environmental ethics,0,0,1,0
environmental evidence,0,0,1,13
environmental fluid mechanics,0,0,1,4
environmental forensics,0,0,1,3
environmental geochemistry and health,0,0,1,7
environmental geotechnics,0,0,1,5
environmental hazards-human and policy dimensions,0,0,1,4
environmental health,0,0,1,15
environmental health and preventive medicine,0,0,1,5
environmental health perspectives,0,0,1,15
environmental history,0,0,1,1
environmental impact assessment review,0,0,1,25
environmental innovation and societal transitions,0,0,1,17
environmental management,0,0,1,6
environmental microbiology,0,0,1,11
environmental microbiology reports,0,0,1,5
environmental modeling and assessment,0,0,1,5
environmental modelling and software,0,0,1,10
environmental monitoring and assessment,0,0,1,10
environmental policy and governance,0,0,1,6
environmental politics,0,0,1,5
environmental pollutants and bioavailability,0,0,1,8
environmental pollution,0,0,1,19
environmental progress and sustainable energy,0,0,1,4
environmental research,0,0,1,19
environmental research communications,0,0,1,4
environmental research letters,0,0,1,10
environmental reviews,0,0,1,11
environmental science and policy,0,0,1,15
environmental science and pollution research,0,0,1,21
environmental science and technology,0,0,1,23
environmental science and technology letters,0,0,1,11
environmental science-nano,0,0,1,9
environmental science-processes and impacts,0,0,1,5
environmental science-water research and technology,0,0,1,4
environmental sciences europe,0,0,1,10
environmental technology,0,0,1,4
environmental technology and innovation,0,0,1,14
environmental toxicology,0,0,1,9
environmental toxicology and chemistry,0,0,1,6
environmental toxicology and pharmacology,0,0,1,10
environmental values,0,0,1,4
environmetrics,0,0,1,3
enzyme and microbial technology,0,0,1,9
epidemics,0,0,1,10
epidemiology,0,0,1,6
epidemiology and health,0,0,1,6
epidemiology and infection,0,0,1,6
epidemiology and psychiatric sciences,0,0,1,12
epigenetics,0,0,1,10
epigenetics and chromatin,0,0,1,11
epigenomics,0,0,1,5
epilepsia,0,0,1,10
epilepsia open,0,0,1,5
epilepsy and behavior,0,0,1,5
epilepsy currents,0,0,1,1
epilepsy research,0,0,1,6
episodes,0,0,1,2
episteme-a journal of individual and social epistemology,0,0,1,2
epj data science,0,0,1,6
epl,0,0,1,4
equine veterinary education,0,0,1,1
equine veterinary journal,0,0,1,2
erdkunde,0,0,1,2
ergo-an open access journal of philosophy,0,0,1,2
ergodic theory and dynamical systems,0,0,1,1
ergonomics,0,0,1,5
erj open research,0,0,1,5
erkenntnis,0,0,1,1
erwerbs-obstbau,0,0,1,5
esaim-control optimisation and calculus of variations,0,0,1,3
esc heart failure,0,0,1,8
esmo open,0,0,1,1
esophagus,0,0,1,5
esprit,0,0,1,0
esprit createur,0,0,1,0
esq-a journal of nineteenth-century american literature and culture,0,0,1,0
essays in biochemistry,0,0,1,16
essays in criticism,0,0,1,0
estuaries and coasts,0,0,1,5
estuarine coastal and shelf science,0,0,1,6
estudios atacamenos,0,0,1,1
estudios filologicos,0,0,1,0
estudios geologicos-madrid,0,0,1,1
estudos ibero-americanos,0,0,1,0
ethical theory and moral practice,0,0,1,3
ethics,0,0,1,0
ethics and behavior,0,0,1,4
ethics and global politics,0,0,1,1
ethics and information technology,0,0,1,11
ethics and international affairs,0,0,1,1
ethik in der medizin,0,0,1,1
ethnic and racial studies,0,0,1,3
ethnicities,0,0,1,3
ethnicity and disease,0,0,1,4
ethnicity and health,0,0,1,4
ethnography,0,0,1,2
ethnohistory,0,0,1,0
ethnomusicology,0,0,1,0
ethnomusicology forum,0,0,1,0
ethnos,0,0,1,2
ethology,0,0,1,2
ethology ecology and evolution,0,0,1,3
ethos,0,0,1,2
etrandd-educational technology research and development,0,0,1,9
etransportation,0,0,1,27
etri journal,0,0,1,5
etudes anglaises,0,0,1,0
etudes francaises,0,0,1,0
etudes germaniques,0,0,1,0
etudes litteraires,0,0,1,0
etudes philosophiques,0,0,1,0
etudes theologiques et religieuses,0,0,1,0
euphrosyne-revista de filologia classica,0,0,1,0
euphytica,0,0,1,4
eurasian business review,0,0,1,10
eurasian geography and economics,0,0,1,3
eurasian soil science,0,0,1,4
eurasip journal on advances in signal processing,0,0,1,5
eurasip journal on audio speech and music processing,0,0,1,5
eurointervention,0,0,1,12
europace,0,0,1,1
europe-asia studies,0,0,1,0
european accounting review,0,0,1,6
european addiction research,0,0,1,5
european annals of otorhinolaryngology-head and neck diseases,0,0,1,2
european archives of oto-rhino-laryngology,0,0,1,4
european archives of psychiatry and clinical neuroscience,0,0,1,7
european biophysics journal with biophysics letters,0,0,1,5
european business organization law review,0,0,1,4
european child and adolescent psychiatry,0,0,1,7
european constitutional law review,0,0,1,2
european early childhood education research journal,0,0,1,3
european eating disorders review,0,0,1,6
european economic review,0,0,1,7
european educational research journal,0,0,1,4
european financial management,0,0,1,5
european food research and technology,0,0,1,8
european heart journal,0,0,1,1
european heart journal supplements,0,0,1,0
european heart journal-acute cardiovascular care,0,0,1,1
european heart journal-cardiovascular imaging,0,0,1,1
european heart journal-cardiovascular pharmacotherapy,0,0,1,9
european heart journal-quality of care and clinical outcomes,0,0,1,6
european history quarterly,0,0,1,0
european journal for philosophy of religion,0,0,1,1
european journal for philosophy of science,0,0,1,3
european journal of ageing,0,0,1,9
european journal of agronomy,0,0,1,13
european journal of anaesthesiology,0,0,1,4
european journal of applied mathematics,0,0,1,3
european journal of applied physiology,0,0,1,5
european journal of archaeology,0,0,1,1
european journal of cancer,0,0,1,5
european journal of cancer care,0,0,1,5
european journal of cancer prevention,0,0,1,4
european journal of cardio-thoracic surgery,0,0,1,6
european journal of cardiovascular nursing,0,0,1,2
european journal of cell biology,0,0,1,11
european journal of clinical investigation,0,0,1,7
european journal of clinical microbiology and infectious diseases,0,0,1,5
european journal of clinical nutrition,0,0,1,7
european journal of clinical pharmacology,0,0,1,6
european journal of combinatorics,0,0,1,2
european journal of communication,0,0,1,0
european journal of contraception and reproductive health care,0,0,1,3
european journal of control,0,0,1,5
european journal of criminology,0,0,1,4
european journal of cultural studies,0,0,1,2
european journal of dental education,0,0,1,4
european journal of dermatology,0,0,1,2
european journal of development research,0,0,1,5
european journal of developmental psychology,0,0,1,4
european journal of drug metabolism and pharmacokinetics,0,0,1,5
european journal of education,0,0,1,3
european journal of emergency medicine,0,0,1,3
european journal of endocrinology,0,0,1,8
european journal of english studies,0,0,1,0
european journal of entomology,0,0,1,3
european journal of environmental and civil engineering,0,0,1,5
european journal of epidemiology,0,0,1,11
european journal of finance,0,0,1,5
european journal of forest research,0,0,1,6
european journal of gastroenterology and hepatology,0,0,1,5
european journal of general practice,0,0,1,5
european journal of gynaecological oncology,0,0,1,0
european journal of haematology,0,0,1,5
european journal of health economics,0,0,1,6
european journal of health psychology,0,0,1,3
european journal of heart failure,0,0,1,11
european journal of histochemistry,0,0,1,4
european journal of horticultural science,0,0,1,2
european journal of hospital pharmacy,0,0,1,2
european journal of human genetics,0,0,1,7
european journal of immunology,0,0,1,6
european journal of industrial engineering,0,0,1,1
european journal of industrial relations,0,0,1,5
european journal of information systems,0,0,1,16
european journal of innovation management,0,0,1,15
european journal of inorganic chemistry,0,0,1,4
european journal of integrative medicine,0,0,1,2
european journal of internal medicine,0,0,1,6
european journal of international law,0,0,1,0
european journal of international management,0,0,1,1
european journal of international relations,0,0,1,6
european journal of law and economics,0,0,1,2
european journal of lipid science and technology,0,0,1,3
european journal of marketing,0,0,1,11
european journal of mass spectrometry,0,0,1,2
european journal of mechanics a-solids,0,0,1,11
european journal of mechanics b-fluids,0,0,1,6
european journal of medical genetics,0,0,1,6
european journal of medical research,0,0,1,6
european journal of medicinal chemistry,0,0,1,13
european journal of migration and law,0,0,1,2
european journal of neurology,0,0,1,8
european journal of neuroscience,0,0,1,5
european journal of nuclear medicine and molecular imaging,0,0,1,11
european journal of nutrition,0,0,1,9
european journal of obstetrics and gynecology and reproductive biology,0,0,1,2
european journal of oncology nursing,0,0,1,6
european journal of operational research,0,0,1,18
european journal of ophthalmology,0,0,1,3
european journal of oral sciences,0,0,1,4
european journal of organic chemistry,0,0,1,5
european journal of orthodontics,0,0,1,7
european journal of paediatric neurology,0,0,1,5
european journal of pain,0,0,1,6
european journal of pediatric surgery,0,0,1,3
european journal of personality,0,0,1,6
european journal of pharmaceutical sciences,0,0,1,10
european journal of pharmaceutics and biopharmaceutics,0,0,1,10
european journal of pharmacology,1,2,1,10
european journal of philosophy,0,0,1,1
european journal of phycology,0,0,1,5
european journal of physical and rehabilitation medicine,0,0,1,7
european journal of physics,0,0,1,2
european journal of plant pathology,0,0,1,5
european journal of political economy,0,0,1,6
european journal of political research,0,0,1,6
european journal of population-revue europeenne de demographie,0,0,1,7
european journal of preventive cardiology,0,0,1,2
european journal of protistology,0,0,1,5
european journal of psychiatry,0,0,1,3
european journal of psychological assessment,0,0,1,5
european journal of psychology of education,0,0,1,5
european journal of public health,0,0,1,0
european journal of radiology,0,0,1,7
european journal of remote sensing,0,0,1,8
european journal of scandinavian studies,0,0,1,0
european journal of social psychology,0,0,1,6
european journal of social theory,0,0,1,4
european journal of social work,0,0,1,3
european journal of soil biology,0,0,1,8
european journal of soil science,0,0,1,7
european journal of special needs education,0,0,1,4
european journal of sport science,0,0,1,6
european journal of taxonomy,0,0,1,3
european journal of teacher education,0,0,1,5
european journal of the history of economic thought,0,0,1,1
european journal of trauma and emergency surgery,0,0,1,5
european journal of vascular and endovascular surgery,0,0,1,2
european journal of wildlife research,0,0,1,4
european journal of womens studies,0,0,1,2
european journal of wood and wood products,0,0,1,5
european journal of work and organizational psychology,0,0,1,9
european journal on criminal policy and research,0,0,1,5
european law journal,0,0,1,1
european legacy-toward new paradigms,0,0,1,0
european management journal,0,0,1,13
european management review,0,0,1,7
european neurology,0,0,1,4
european neuropsychopharmacology,0,0,1,0
european physical education review,0,0,1,8
european physical journal a,0,0,1,11
european physical journal b,0,0,1,3
european physical journal c,0,0,1,18
european physical journal d,0,0,1,4
european physical journal e,0,0,1,5
european physical journal plus,0,0,1,6
european physical journal-applied physics,0,0,1,3
european physical journal-special topics,0,0,1,4
european planning studies,0,0,1,6
european political science,0,0,1,3
european political science review,0,0,1,7
european polymer journal,0,0,1,13
european psychiatry,0,0,1,0
european psychologist,0,0,1,7
european radiology,0,0,1,23
european research on management and business economics,0,0,1,17
european respiratory journal,0,0,1,13
european respiratory review,0,0,1,21
european review,0,0,1,1
european review of aging and physical activity,0,0,1,13
european review of agricultural economics,0,0,1,6
european review of applied psychology-revue europeenne de psychologie appliquee,0,0,1,2
european review of economic history,0,0,1,3
european review of history-revue europeenne dhistoire,0,0,1,0
european security,0,0,1,7
european societies,0,0,1,6
european sociological review,0,0,1,7
european spine journal,0,0,1,4
european sport management quarterly,0,0,1,9
european stroke journal,0,0,1,8
european surgery-acta chirurgica austriaca,0,0,1,1
european surgical research,0,0,1,4
european thyroid journal,0,0,1,2
european transport research review,0,0,1,22
european union politics,0,0,1,6
european urban and regional studies,0,0,1,5
european urology,0,0,1,0
european urology focus,0,0,1,10
european urology oncology,0,0,1,11
european zoological journal,0,0,1,4
evaluation,0,0,1,3
evaluation and program planning,0,0,1,6
evaluation and the health professions,0,0,1,4
evidence and policy,0,0,1,4
evidence-based complementary and alternative medicine,0,0,1,5
evidence-based mental health,0,0,1,23
evodevo,0,0,1,8
evolution,0,0,1,7
evolution and development,0,0,1,4
evolution and human behavior,0,0,1,6
evolution equations and control theory,0,0,1,3
evolution letters,0,0,1,11
evolution medicine and public health,0,0,1,6
evolution psychiatrique,0,0,1,0
evolutionary anthropology,0,0,1,4
evolutionary applications,0,0,1,8
evolutionary bioinformatics,0,0,1,4
evolutionary biology,0,0,1,5
evolutionary ecology,0,0,1,5
evolutionary psychology,0,0,1,3
evolving systems,0,0,1,6
exceptional children,0,0,1,7
exceptionality,0,0,1,3
exchange-journal of contemporary christianities in context,0,0,1,0
exemplaria-medieval early modern theory,0,0,1,0
exercise and sport sciences reviews,0,0,1,11
experimental aging research,0,0,1,4
experimental agriculture,0,0,1,5
experimental and applied acarology,0,0,1,5
experimental and clinical endocrinology and diabetes,0,0,1,3
experimental and clinical psychopharmacology,0,0,1,5
experimental and clinical transplantation,0,0,1,1
experimental and molecular medicine,0,0,1,70
experimental and molecular pathology,0,0,1,5
experimental and therapeutic medicine,0,0,1,6
experimental animals,0,0,1,3
experimental astronomy,0,0,1,4
experimental biology and medicine,0,0,1,10
experimental brain research,0,0,1,5
experimental cell research,0,0,1,8
experimental dermatology,0,0,1,6
experimental economics,0,0,1,5
experimental eye research,0,0,1,7
experimental gerontology,0,0,1,9
experimental heat transfer,0,0,1,7
experimental hematology,0,0,1,0
experimental hematology and oncology,0,0,1,18
experimental lung research,0,0,1,5
experimental mathematics,0,0,1,1
experimental mechanics,0,0,1,5
experimental neurobiology,0,0,1,6
experimental neurology,0,0,1,10
experimental parasitology,0,0,1,4
experimental physiology,0,0,1,4
experimental psychology,0,0,1,3
experimental techniques,0,0,1,3
experimental thermal and fluid science,0,0,1,9
experiments in fluids,0,0,1,6
expert opinion on biological therapy,0,0,1,8
expert opinion on drug delivery,0,0,1,13
expert opinion on drug discovery,0,0,1,12
expert opinion on drug metabolism and toxicology,0,0,1,7
expert opinion on drug safety,0,0,1,5
expert opinion on emerging drugs,0,0,1,7
expert opinion on investigational drugs,0,0,1,10
expert opinion on orphan drugs,0,0,1,6
expert opinion on pharmacotherapy,0,0,1,6
expert opinion on therapeutic patents,0,0,1,11
expert opinion on therapeutic targets,0,0,1,11
expert review of anti-infective therapy,0,0,1,8
expert review of anticancer therapy,0,0,1,5
expert review of clinical immunology,0,0,1,8
expert review of clinical pharmacology,0,0,1,7
expert review of gastroenterology and hepatology,0,0,1,6
expert review of hematology,0,0,1,5
expert review of medical devices,0,0,1,5
expert review of molecular diagnostics,0,0,1,8
expert review of neurotherapeutics,0,0,1,8
expert review of pharmacoeconomics and outcomes research,0,0,1,3
expert review of proteomics,0,0,1,5
expert review of respiratory medicine,0,0,1,5
expert review of vaccines,0,0,1,12
expert reviews in molecular medicine,1,1,0,
expert systems,0,0,1,6
expert systems with applications,0,0,1,19
explicator,0,0,1,0
exploration geophysics,0,0,1,2
explorations in economic history,0,0,1,3
explore-the journal of science and healing,0,0,1,3
expositiones mathematicae,0,0,1,1
expository times,0,0,1,0
exposure and health,0,0,1,8
express polymer letters,0,0,1,5
expressions maghrebines,0,0,1,0
extractive industries and society-an international journal,0,0,1,5
extrapolation,0,0,1,0
extreme mechanics letters,0,0,1,10
extremes,0,0,1,4
extremophiles,0,0,1,6
eye,0,0,1,5
eye and contact lens-science and clinical practice,0,0,1,6
eye and vision,0,0,1,10
fabula,0,0,1,0
facets,0,0,1,4
facial plastic surgery,0,0,1,2
facial plastic surgery clinics of north america,0,0,1,3
facies,0,0,1,4
facta universitatis-series mechanical engineering,0,0,1,13
familial cancer,0,0,1,5
families in society-the journal of contemporary social services,0,0,1,2
families relationships and societies,0,0,1,3
families systems and health,0,0,1,2
family and community health,0,0,1,4
family business review,0,0,1,17
family medicine,0,0,1,1
family practice,0,0,1,0
family process,0,0,1,5
family relations,0,0,1,4
faraday discussions,0,0,1,7
farmacia,0,0,1,2
faseb journal,0,0,1,1
fashion and textiles,0,0,1,8
fashion practice-the journal of design creative process and the fashion industry,0,0,1,3
fashion theory-the journal of dress body and culture,0,0,1,0
fatigue and fracture of engineering materials and structures,0,0,1,6
febs journal,0,0,1,6
febs letters,0,0,1,6
febs open bio,0,0,1,4
feminism and psychology,0,0,1,3
feminist criminology,0,0,1,4
feminist economics,0,0,1,6
feminist legal studies,0,0,1,2
feminist media studies,0,0,1,3
feminist review,0,0,1,2
feminist theology,0,0,1,0
feminist theory,0,0,1,2
feministische studien,0,0,1,0
fems microbiology letters,0,0,1,2
fermentation-basel,0,0,1,9
ferroelectrics,0,0,1,2
fertility and sterility,0,0,1,1
fetal and pediatric pathology,0,0,1,2
fetal diagnosis and therapy,0,0,1,3
few-body systems,0,0,1,6
fiber and integrated optics,0,0,1,2
fibers and polymers,0,0,1,5
fibre chemistry,0,0,1,0
fibres and textiles in eastern europe,0,0,1,4
field crops research,0,0,1,17
field methods,0,0,1,4
film quarterly,0,0,1,0
film-philosophy,0,0,1,0
filomat,0,0,1,2
filosofija-sociologija,0,0,1,1
filozofia,0,0,1,0
filozofia nauki,0,0,1,0
filozofska istrazivanja,0,0,1,0
filtration and separation,0,0,1,0
finance and stochastics,0,0,1,4
finance research letters,0,0,1,10
financial analysts journal,0,0,1,7
financial innovation,0,0,1,17
financial management,0,0,1,5
finanzarchiv,0,0,1,1
finite elements in analysis and design,0,0,1,6
finite fields and their applications,0,0,1,3
fire and materials,0,0,1,3
fire ecology,0,0,1,9
fire safety journal,0,0,1,9
fire technology,0,0,1,5
fire-switzerland,0,0,1,6
first language,0,0,1,3
fiscal studies,0,0,1,2
fish and fisheries,0,0,1,12
fish and shellfish immunology,0,0,1,10
fish physiology and biochemistry,0,0,1,6
fisheries,0,0,1,0
fisheries management and ecology,0,0,1,3
fisheries oceanography,0,0,1,4
fisheries research,0,0,1,6
fisheries science,0,0,1,2
fishery bulletin,0,0,1,0
fishes,0,0,1,5
fitoterapia,0,0,1,5
fixed point theory,0,0,1,2
flatchem,0,0,1,12
flavour and fragrance journal,0,0,1,3
flexible and printed electronics,0,0,1,8
flexible services and manufacturing journal,0,0,1,5
flora,0,0,1,5
florida entomologist,0,0,1,3
flow measurement and instrumentation,0,0,1,7
flow turbulence and combustion,0,0,1,5
fluctuation and noise letters,0,0,1,2
fluid dynamics,0,0,1,1
fluid dynamics research,0,0,1,2
fluid phase equilibria,0,0,1,7
fluids and barriers of the cns,0,0,1,14
focaal-journal of global and historical anthropology,0,0,1,2
focus on autism and other developmental disabilities,0,0,1,5
folia biologica-krakow,0,0,1,2
folia geobotanica,0,0,1,3
folia linguistica,0,0,1,0
folia microbiologica,0,0,1,5
folia morphologica,0,0,1,3
folia neuropathologica,0,0,1,3
folia parasitologica,0,0,1,4
folia phoniatrica et logopaedica,0,0,1,2
folia primatologica,0,0,1,2
folk life-journal of ethnological studies,0,0,1,0
folklore,0,0,1,0
folklore-electronic journal of folklore,0,0,1,0
fontes artis musicae,0,0,1,0
food additives and contaminants part a-chemistry analysis control exposure and risk assessment,0,0,1,5
food additives and contaminants part b-surveillance,0,0,1,6
food analytical methods,0,0,1,7
food and agricultural immunology,0,0,1,8
food and bioprocess technology,0,0,1,10
food and bioproducts processing,0,0,1,8
food and chemical toxicology,0,0,1,8
food and energy security,0,0,1,8
food and environmental virology,0,0,1,6
food and function,0,0,1,14
food and nutrition bulletin,0,0,1,5
food biophysics,0,0,1,6
food bioscience,0,0,1,10
food biotechnology,0,0,1,3
food chemistry,0,0,1,22
food chemistry-x,0,0,1,9
food control,0,0,1,19
food culture and society,0,0,1,2
food engineering reviews,0,0,1,18
food hydrocolloids,0,0,1,31
food hygiene and safety science,0,0,1,1
food microbiology,0,0,1,13
food packaging and shelf life,0,0,1,25
food policy,0,0,1,13
food quality and preference,0,0,1,13
food quality and safety,0,0,1,8
food research international,0,0,1,17
food reviews international,0,0,1,12
food science and biotechnology,0,0,1,6
food science and human wellness,0,0,1,9
food science and nutrition,0,0,1,7
food science and technology,0,0,1,5
food science and technology international,0,0,1,4
food science and technology research,0,0,1,2
food science of animal resources,0,0,1,10
food security,0,0,1,9
food structure-netherlands,0,0,1,10
food technology and biotechnology,0,0,1,5
food webs,0,0,1,5
foodborne pathogens and disease,0,0,1,5
foods,0,0,1,12
foot and ankle clinics,0,0,1,3
foot and ankle international,0,0,1,5
foot and ankle surgery,0,0,1,6
foreign language annals,0,0,1,3
foreign policy analysis,0,0,1,4
forensic chemistry,0,0,1,7
forensic science international,0,0,1,6
forensic science international-genetics,0,0,1,8
forensic science medicine and pathology,0,0,1,7
forensic toxicology,0,0,1,5
forest ecology and management,0,0,1,10
forest ecosystems,0,0,1,9
forest pathology,0,0,1,3
forest policy and economics,0,0,1,9
forest products journal,0,0,1,1
forest science,0,0,1,2
forestry,0,0,1,4
forestry chronicle,0,0,1,2
forests,0,0,1,7
formal aspects of computing,0,0,1,3
formal methods in system design,0,0,1,3
forschung im ingenieurwesen-engineering research,0,0,1,2
fortschritte der neurologie psychiatrie,0,0,1,0
fortschritte der physik-progress of physics,0,0,1,8
forum der psychoanalyse,0,0,1,1
forum for modern language studies,0,0,1,0
forum italicum,0,0,1,0
forum mathematicum,0,0,1,1
forum of mathematics sigma,0,0,1,2
forum-a journal of applied research in contemporary politics,0,0,1,3
foundations of chemistry,0,0,1,2
foundations of computational mathematics,0,0,1,5
foundations of physics,0,0,1,3
foundations of science,0,0,1,2
fractal and fractional,0,0,1,8
fractals-complex geometry patterns and scaling in nature and society,0,0,1,6
fractional calculus and applied analysis,0,0,1,6
free radical biology and medicine,0,0,1,4
free radical research,0,0,1,6
french cultural studies,0,0,1,0
french forum,0,0,1,0
french historical studies,0,0,1,0
french history,0,0,1,0
french review,0,0,1,0
french studies,0,0,1,0
frequenz,0,0,1,2
freshwater biology,0,0,1,6
freshwater science,0,0,1,3
friction,0,0,1,13
frontiers in aging neuroscience,0,0,1,12
frontiers in astronomy and space sciences,0,0,1,7
frontiers in behavioral neuroscience,0,0,1,9
frontiers in bioengineering and biotechnology,0,0,1,12
frontiers in cardiovascular medicine,0,0,1,8
frontiers in cell and developmental biology,1,1,1,12
frontiers in cellular and infection microbiology,0,0,1,11
frontiers in cellular neuroscience,0,0,1,11
frontiers in chemistry,0,0,1,11
frontiers in computational neuroscience,0,0,1,7
frontiers in earth science,0,0,1,5
frontiers in ecology and evolution,0,0,1,8
frontiers in ecology and the environment,0,0,1,4
frontiers in endocrinology,0,0,1,10
frontiers in energy,0,0,1,11
frontiers in energy research,0,0,1,6
frontiers in environmental science,0,0,1,10
frontiers in forests and global change,0,0,1,9
frontiers in genetics,0,0,1,8
frontiers in human neuroscience,0,0,1,8
frontiers in immunology,1,2,1,13
frontiers in integrative neuroscience,0,0,1,9
frontiers in marine science,0,0,1,8
frontiers in materials,0,0,1,7
frontiers in medicine,0,0,1,6
frontiers in microbiology,0,0,1,11
frontiers in molecular biosciences,0,0,1,11
frontiers in molecular neuroscience,0,0,1,11
frontiers in neural circuits,0,0,1,10
frontiers in neuroanatomy,0,0,1,8
frontiers in neuroendocrinology,0,0,1,18
frontiers in neuroinformatics,0,0,1,8
frontiers in neurology,0,0,1,7
frontiers in neurorobotics,0,0,1,8
frontiers in neuroscience,1,1,1,9
frontiers in nutrition,0,0,1,11
frontiers in oncology,1,1,1,8
frontiers in pediatrics,0,0,1,6
frontiers in pharmacology,1,3,1,10
frontiers in physics,0,0,1,6
frontiers in physiology,0,0,1,10
frontiers in plant science,0,0,1,12
frontiers in psychiatry,0,0,1,8
frontiers in psychology,0,0,1,8
frontiers in public health,0,0,1,8
frontiers in surgery,0,0,1,5
frontiers in sustainable food systems,0,0,1,7
frontiers in synaptic neuroscience,0,0,1,11
frontiers in systems neuroscience,0,0,1,11
frontiers in veterinary science,0,0,1,6
frontiers in zoology,0,0,1,7
frontiers of architectural research,0,0,1,7
frontiers of chemical science and engineering,0,0,1,8
frontiers of computer science,0,0,1,7
frontiers of earth science,0,0,1,4
frontiers of environmental science and engineering,0,0,1,12
frontiers of information technology and electronic engineering,0,0,1,6
frontiers of materials science,0,0,1,5
frontiers of mathematics in china,0,0,1,1
frontiers of mechanical engineering,0,0,1,9
frontiers of medicine,0,0,1,9
frontiers of physics,0,0,1,10
frontiers of structural and civil engineering,0,0,1,7
fruits,0,0,1,1
fuel,0,0,1,21
fuel cells,0,0,1,5
fuel processing technology,0,0,1,22
fullerenes nanotubes and carbon nanostructures,0,0,1,4
functional analysis and its applications,0,0,1,1
functional and integrative genomics,1,1,1,7
functional ecology,0,0,1,10
functional materials letters,0,0,1,2
functional plant biology,0,0,1,6
functions of language,0,0,1,1
fundamenta informaticae,0,0,1,2
fundamenta mathematicae,0,0,1,1
fundamental and applied limnology,0,0,1,1
fundamental and clinical pharmacology,0,0,1,6
fungal biology,0,0,1,7
fungal biology reviews,0,0,1,12
fungal diversity,0,0,1,73
fungal ecology,0,0,1,7
fungal genetics and biology,0,0,1,6
fusion engineering and design,0,0,1,4
fusion science and technology,0,0,1,2
future generation computer systems-the international journal of escience,0,0,1,17
future medicinal chemistry,0,0,1,5
future microbiology,0,0,1,5
future oncology,0,0,1,5
future virology,0,0,1,3
futures,0,0,1,10
fuzzy optimization and decision making,0,0,1,11
fuzzy sets and systems,0,0,1,7
g3-genes genomes genetics,0,0,1,7
gaceta medica de mexico,0,0,1,0
gaceta sanitaria,0,0,1,3
gaia-ecological perspectives for science and society,0,0,1,2
gait and posture,0,0,1,3
games and culture,0,0,1,5
games and economic behavior,0,0,1,4
games for health journal,0,0,1,8
gastric cancer,0,0,1,9
gastroenterologia y hepatologia,0,0,1,0
gastroenterology,0,0,1,0
gastroenterology clinics of north america,0,0,1,4
gastroenterology nursing,0,0,1,1
gastroenterology report,0,0,1,4
gastroenterology research and practice,0,0,1,5
gastrointestinal endoscopy,0,0,1,0
gayana,0,0,1,0
gayana botanica,0,0,1,1
geburtshilfe und frauenheilkunde,0,0,1,0
gedrag and organisatie,0,0,1,0
gefahrstoffe reinhaltung der luft,0,0,1,0
gels,0,0,1,12
gematologiya i transfuziologiya,0,0,1,1
gems and gemology,0,0,1,2
gender and education,0,0,1,4
gender and history,0,0,1,0
gender and language,0,0,1,3
gender and society,0,0,1,1
gender in management,0,0,1,8
gender place and culture,0,0,1,2
gender work and organization,0,0,1,7
gene,0,0,1,7
gene expression patterns,0,0,1,4
gene therapy,0,0,1,8
general and comparative endocrinology,0,0,1,4
general hospital psychiatry,0,0,1,5
general relativity and gravitation,0,0,1,5
general thoracic and cardiovascular surgery,0,0,1,2
genes,0,0,1,8
genes and development,0,0,1,13
genes and diseases,0,0,1,8
genes and genetic systems,0,0,1,3
genes and genomics,0,0,1,5
genes and nutrition,0,0,1,6
genes brain and behavior,0,0,1,6
genes chromosomes and cancer,0,0,1,5
genes to cells,0,0,1,2
genesis,0,0,1,3
genetic epidemiology,0,0,1,3
genetic programming and evolvable machines,0,0,1,3
genetic resources and crop evolution,0,0,1,3
genetic testing and molecular biomarkers,0,0,1,2
genetica,0,0,1,4
genetics and molecular biology,0,0,1,4
genetics in medicine,0,0,1,6
genetics research,0,0,1,0
genetika-belgrade,0,0,1,1
geneva papers on risk and insurance-issues and practice,0,0,1,4
genome,0,0,1,4
genome biology,1,1,0,
genome biology and evolution,0,0,1,8
genome medicine,0,0,1,25
genome research,0,0,1,14
genomics,0,0,1,8
genomics proteomics and bioinformatics,0,0,1,11
geo-marine letters,0,0,1,3
geo-spatial information science,0,0,1,8
geoarchaeology-an international journal,0,0,1,3
geobiology,0,0,1,6
geobios,0,0,1,3
geocarto international,0,0,1,10
geochemical journal,0,0,1,3
geochemistry,0,0,1,4
geochemistry geophysics geosystems,0,0,1,6
geochemistry international,0,0,1,2
geochemistry-exploration environment analysis,0,0,1,3
geochimica et cosmochimica acta,0,0,1,12
geoderma,0,0,1,18
geoderma regional,0,0,1,6
geodetski vestnik,0,0,1,0
geodiversitas,0,0,1,3
geofisica internacional,0,0,1,2
geofluids,0,0,1,3
geoforum,0,0,1,8
geografie,0,0,1,2
geografisk tidsskrift-danish journal of geography,0,0,1,1
geografiska annaler series a-physical geography,0,0,1,5
geografiska annaler series b-human geography,0,0,1,5
geographical analysis,0,0,1,4
geographical journal,0,0,1,5
geographical research,0,0,1,4
geographical review,0,0,1,2
geography,0,0,1,2
geography compass,0,0,1,5
geohealth,0,0,1,7
geoheritage,0,0,1,7
geoinformatica,0,0,1,5
geologia croatica,0,0,1,2
geological journal,0,0,1,4
geological magazine,0,0,1,5
geological quarterly,0,0,1,1
geological society of america bulletin,0,0,1,4
geology,0,0,1,11
geology of ore deposits,0,0,1,2
geomagnetism and aeronomy,0,0,1,2
geomatics natural hazards and risk,0,0,1,10
geomechanics and geophysics for geo-energy and geo-resources,0,0,1,11
geomechanics for energy and the environment,0,0,1,8
geometriae dedicata,0,0,1,1
geometric and functional analysis,0,0,1,5
geometry and topology,0,0,1,4
geomicrobiology journal,0,0,1,5
geomorphologie-relief processus environnement,0,0,1,1
geomorphology,0,0,1,8
geophysical and astrophysical fluid dynamics,0,0,1,3
geophysical journal international,0,0,1,6
geophysical prospecting,0,0,1,3
geophysical research letters,0,0,1,10
geophysics,0,0,1,7
geopolitics,0,0,1,6
georgian mathematical journal,0,0,1,1
georisk-assessment and management of risk for engineered systems and geohazards,0,0,1,5
geoscience data journal,0,0,1,3
geoscience frontiers,0,0,1,18
geoscience letters,0,0,1,6
geosciences journal,0,0,1,3
geoscientific instrumentation methods and data systems,0,0,1,4
geoscientific model development,0,0,1,8
geospatial health,0,0,1,3
geosphere,0,0,1,5
geostandards and geoanalytical research,0,0,1,6
geosynthetics international,0,0,1,6
geotechnical testing journal,0,0,1,4
geotechnique,0,0,1,13
geotechnique letters,0,0,1,4
geotectonics,0,0,1,2
geotextiles and geomembranes,0,0,1,15
geothermal energy,0,0,1,8
geothermics,0,0,1,11
geriatric nursing,0,0,1,5
geriatrics and gerontology international,0,0,1,3
german economic review,0,0,1,2
german history,0,0,1,0
german journal of human resource management-zeitschrift fuer personalforschung,0,0,1,4
german life and letters,0,0,1,0
german politics,0,0,1,6
german quarterly,0,0,1,0
germanic review,0,0,1,0
gerodontology,0,0,1,3
gerontologist,0,0,1,6
gerontology,0,0,1,7
geroscience,0,0,1,28
geschichte und gesellschaft,0,0,1,0
gesta-international center of medieval art,0,0,1,0
gesture,0,0,1,1
gesunde pflanzen,0,0,1,10
gesundheitswesen,0,0,1,0
gff,0,0,1,2
gifted child quarterly,0,0,1,6
gigascience,0,0,1,10
ginekologia polska,0,0,1,2
giornale storico della letteratura italiana,0,0,1,0
giscience and remote sensing,0,0,1,15
gland surgery,0,0,1,3
glasgow mathematical journal,0,0,1,1
glasnik matematicki,0,0,1,1
glass and ceramics,0,0,1,1
glass physics and chemistry,0,0,1,2
glia,0,0,1,12
global and planetary change,0,0,1,9
global biogeochemical cycles,0,0,1,11
global challenges,0,0,1,6
global change biology,0,0,1,23
global change biology bioenergy,0,0,1,8
global ecology and biogeography,0,0,1,13
global ecology and conservation,0,0,1,5
global economic review,0,0,1,1
global environmental change-human and policy dimensions,0,0,1,22
global environmental politics,0,0,1,7
global finance journal,0,0,1,11
global food security-agriculture policy economics and environment,0,0,1,20
global governance,0,0,1,1
global health action,0,0,1,6
global health promotion,0,0,1,2
global health-science and practice,0,0,1,6
global heart,0,0,1,6
global mental health,0,0,1,4
global nest journal,0,0,1,1
global networks-a journal of transnational affairs,0,0,1,6
global policy,0,0,1,3
global public health,0,0,1,5
global spine journal,0,0,1,4
global strategy journal,0,0,1,12
globalization and health,0,0,1,12
globalizations,0,0,1,5
glossa-a journal of general linguistics,0,0,1,1
glq-a journal of lesbian and gay studies,0,0,1,0
glycoconjugate journal,0,0,1,8
gm crops and food-biotechnology in agriculture and the food chain,0,0,1,8
gnomon-kritische zeitschrift fuer die gesamte klassische altertumswissenschaft,0,0,1,0
goethe jahrbuch,0,0,1,0
gold bulletin,0,0,1,4
gondwana research,0,0,1,17
governance-an international journal of policy administration and institutions,0,0,1,5
government and opposition,0,0,1,5
government information quarterly,0,0,1,29
gps solutions,0,0,1,10
gradevinar,0,0,1,0
graefes archive for clinical and experimental ophthalmology,0,0,1,5
grana,0,0,1,3
granular matter,0,0,1,7
graphical models,0,0,1,2
graphs and combinatorics,0,0,1,1
grasas y aceites,0,0,1,3
grass and forage science,0,0,1,4
grassland science,0,0,1,2
gravitation and cosmology,0,0,1,3
great plains quarterly,0,0,1,0
greece and rome,0,0,1,0
green chemistry,0,0,1,18
green chemistry letters and reviews,0,0,1,13
green energy and environment,0,0,1,26
green materials,0,0,1,2
greenhouse gases-science and technology,0,0,1,5
grey room,0,0,1,0
grey systems-theory and application,0,0,1,6
ground water monitoring and remediation,0,0,1,1
groundwater,0,0,1,4
group and organization management,0,0,1,6
group decision and negotiation,0,0,1,4
group dynamics-theory research and practice,0,0,1,4
group processes and intergroup relations,0,0,1,7
groups geometry and dynamics,0,0,1,2
growth and change,0,0,1,5
growth factors,0,0,1,4
growth hormone and igf research,0,0,1,5
grundwasser,0,0,1,1
gruppenpsychotherapie und gruppendynamik,0,0,1,0
guerres mondiales et conflits contemporains,0,0,1,0
gut,0,0,1,18
gut and liver,0,0,1,8
gut microbes,0,0,1,25
gut pathogens,0,0,1,9
gynecologic and obstetric investigation,0,0,1,4
gynecologic oncology,0,0,1,2
gynecological endocrinology,0,0,1,5
gynecologie obstetrique fertilite and senologie,0,0,1,0
habitat international,0,0,1,15
haematologica,0,0,1,5
haemophilia,0,0,1,5
hague journal on the rule of law,0,0,1,3
hahr-hispanic american historical review,0,0,1,0
hamostaseologie,0,0,1,0
hand clinics,0,0,1,2
hand surgery and rehabilitation,0,0,1,0
handbook of clinical neurology,1,1,0,
handchirurgie mikrochirurgie plastische chirurgie,0,0,1,1
harm reduction journal,0,0,1,8
harmful algae,0,0,1,10
harvard educational review,0,0,1,2
harvard review of psychiatry,0,0,1,7
harvard theological review,0,0,1,0
hastings center report,0,0,1,2
hau-journal of ethnographic theory,0,0,1,0
head and face medicine,0,0,1,6
head and neck-journal for the sciences and specialties of the head and neck,0,0,1,5
headache,0,0,1,6
health,0,0,1,3
health affairs,0,0,1,10
health and place,0,0,1,10
health and quality of life outcomes,0,0,1,9
health and social care in the community,0,0,1,7
health and social work,0,0,1,2
health care analysis,0,0,1,2
health care for women international,0,0,1,2
health care management review,0,0,1,4
health care management science,0,0,1,6
health communication,0,0,1,5
health economics,0,0,1,5
health economics policy and law,0,0,1,3
health economics review,0,0,1,6
health education and behavior,0,0,1,5
health education journal,0,0,1,3
health education research,0,0,1,4
health expectations,0,0,1,6
health informatics journal,0,0,1,6
health information and libraries journal,0,0,1,2
health information management journal,0,0,1,3
health information science and systems,0,0,1,9
health physics,0,0,1,1
health policy,0,0,1,8
health policy and planning,0,0,1,0
health policy and technology,0,0,1,5
health promotion and chronic disease prevention in canada-research policy and practice,0,0,1,4
health promotion international,0,0,1,5
health promotion journal of australia,0,0,1,3
health psychology,0,0,1,3
health psychology review,0,0,1,16
health research policy and systems,0,0,1,7
health risk and society,0,0,1,4
health security,0,0,1,3
health services research,0,0,1,4
health sociology review,0,0,1,6
health systems and reform,0,0,1,7
health technology assessment,0,0,1,13
healthcare,0,0,1,6
healthcare-the journal of delivery science and innovation,0,0,1,5
hearing research,0,0,1,7
heart,0,0,1,6
heart and lung,0,0,1,5
heart and vessels,0,0,1,4
heart failure clinics,0,0,1,3
heart failure reviews,0,0,1,18
heart lung and circulation,0,0,1,0
heart rhythm,0,0,1,0
heart surgery forum,0,0,1,1
heat and mass transfer,0,0,1,5
heat transfer engineering,0,0,1,3
heat transfer research,0,0,1,2
hec forum,0,0,1,3
helicobacter,0,0,1,9
heliyon,1,2,1,9
hellenic journal of cardiology,0,0,1,4
helvetica chimica acta,0,0,1,3
hemasphere,0,0,1,1
hematological oncology,0,0,1,1
hematology-american society of hematology education program,0,0,1,12
hematology-oncology clinics of north america,0,0,1,5
hemijska industrija,0,0,1,2
hemodialysis international,0,0,1,2
hemoglobin,0,0,1,2
henry james review,0,0,1,0
hepatitis monthly,0,0,1,1
hepatobiliary and pancreatic diseases international,0,0,1,5
hepatobiliary surgery and nutrition,0,0,1,2
hepatology,0,0,1,14
hepatology communications,0,0,1,10
hepatology international,0,0,1,11
hepatology research,0,0,1,5
herald of the russian academy of sciences,0,0,1,1
herd-health environments research and design journal,0,0,1,4
hereditary cancer in clinical practice,0,0,1,6
hereditas,0,0,1,2
heredity,0,0,1,8
heritage science,0,0,1,10
hermes-zeitschrift fuer klassische philologie,0,0,1,0
hernia,0,0,1,9
herpetologica,0,0,1,1
herpetozoa,0,0,1,2
herz,0,0,1,2
herzogia,0,0,1,1
hesperia,0,0,1,1
heterocycles,0,0,1,2
heythrop journal,0,0,1,0
hidrobiologica,0,0,1,1
high ability studies,0,0,1,3
high energy chemistry,0,0,1,1
high energy density physics,0,0,1,1
high performance polymers,0,0,1,5
high power laser science and engineering,0,0,1,9
high pressure research,0,0,1,2
high temperature,0,0,1,2
high voltage,0,0,1,10
higher education,0,0,1,8
higher education policy,0,0,1,4
higher education research and development,0,0,1,7
hip international,0,0,1,2
hippocampus,0,0,1,5
hispania sacra,0,0,1,0
hispania-revista espanola de historia,0,0,1,0
hispanic journal of behavioral sciences,0,0,1,1
hispanic research journal-iberian and latin american studies,0,0,1,0
hispanofila,0,0,1,0
histochemistry and cell biology,0,0,1,5
histopathology,0,0,1,7
historia agraria,0,0,1,1
historia ciencias saude-manguinhos,0,0,1,0
historia critica,0,0,1,0
historia mathematica,0,0,1,0
historia mexicana,0,0,1,0
historia y comunicacion social,0,0,1,1
historia y politica,0,0,1,0
historia-santiago,0,0,1,0
historia-zeitschrift fuer alte geschichte,0,0,1,0
historian,0,0,1,0
historic environment-policy and practice,0,0,1,3
historical archaeology,0,0,1,1
historical biology,0,0,1,3
historical journal,0,0,1,0
historical journal of film radio and television,0,0,1,0
historical materialism-research in critical marxist theory,0,0,1,1
historical methods,0,0,1,3
historical records of australian science,0,0,1,1
historical research,0,0,1,0
historical studies in the natural sciences,0,0,1,1
historicky casopis,0,0,1,0
historiographia linguistica,0,0,1,0
historische zeitschrift,0,0,1,0
historisk tidsskrift,0,0,1,0
history,0,0,1,0
history and anthropology,0,0,1,1
history and philosophy of logic,0,0,1,1
history and philosophy of the life sciences,0,0,1,2
history and technology,0,0,1,2
history and theory,0,0,1,1
history of education,0,0,1,0
history of european ideas,0,0,1,0
history of geo- and space sciences,0,0,1,3
history of photography,0,0,1,0
history of political economy,0,0,1,1
history of psychiatry,0,0,1,2
history of psychology,0,0,1,1
history of religions,0,0,1,0
history of science,0,0,1,1
history of the family,0,0,1,2
history of the human sciences,0,0,1,1
history workshop journal,0,0,1,0
hiv medicine,0,0,1,4
hla,0,0,1,3
hno,0,0,1,1
hokkaido mathematical journal,0,0,1,1
holistic nursing practice,0,0,1,3
holocaust and genocide studies,0,0,1,0
holocene,0,0,1,4
holzforschung,0,0,1,5
homeopathy,0,0,1,2
homicide studies,0,0,1,5
homo-journal of comparative human biology,0,0,1,3
homology homotopy and applications,0,0,1,1
hong kong journal of emergency medicine,0,0,1,1
hong kong medical journal,0,0,1,0
horizons,0,0,1,0
hormone and metabolic research,0,0,1,5
hormone research in paediatrics,0,0,1,4
hormones and behavior,0,0,1,7
hormones-international journal of endocrinology and metabolism,0,0,1,5
horticultura brasileira,0,0,1,3
horticulturae,0,0,1,7
horticultural plant journal,0,0,1,11
horticultural science,0,0,1,3
horticulture environment and biotechnology,0,0,1,6
horticulture journal,0,0,1,3
hortscience,0,0,1,2
horttechnology,0,0,1,2
housing policy debate,0,0,1,6
housing studies,0,0,1,5
housing theory and society,0,0,1,5
hpb,0,0,1,0
hss journal,0,0,1,3
hts teologiese studies-theological studies,0,0,1,1
human and ecological risk assessment,0,0,1,6
human and experimental toxicology,0,0,1,8
human brain mapping,0,0,1,10
human cell,1,1,0,
human communication research,0,0,1,7
human development,0,0,1,4
human dimensions of wildlife,0,0,1,3
human ecology,0,0,1,4
human ecology review,0,0,1,2
human factors,0,0,1,8
human factors and ergonomics in manufacturing and service industries,0,0,1,3
human fertility,0,0,1,4
human gene therapy,0,0,1,7
human genetics,0,0,1,9
human geography,0,0,1,2
human heredity,0,0,1,2
human immunology,0,0,1,1
human molecular genetics,0,0,1,9
human movement science,0,0,1,5
human mutation,0,0,1,10
human nature-an interdisciplinary biosocial perspective,0,0,1,4
human organization,0,0,1,2
human pathology,0,0,1,5
human psychopharmacology-clinical and experimental,0,0,1,3
human relations,0,0,1,10
human reproduction,0,0,1,1
human reproduction open,0,0,1,9
human reproduction update,0,0,1,42
human resource development quarterly,0,0,1,3
human resource development review,0,0,1,9
human resource management,0,0,1,12
human resource management journal,0,0,1,8
human resource management review,0,0,1,29
human resources for health,0,0,1,11
human rights law review,0,0,1,2
human service organizations management leadership and governance,0,0,1,2
human studies,0,0,1,2
human vaccines and immunotherapeutics,0,0,1,8
human-computer interaction,0,0,1,11
hume studies,0,0,1,0
humor-international journal of humor research,0,0,1,1
husserl studies,0,0,1,1
hydrobiologia,0,0,1,5
hydrogeology journal,0,0,1,6
hydrological processes,0,0,1,7
hydrological sciences journal-journal des sciences hydrologiques,0,0,1,6
hydrology and earth system sciences,0,0,1,12
hydrology research,0,0,1,8
hydrometallurgy,0,0,1,14
hypatia-a journal of feminist philosophy,0,0,1,1
hypertension,0,0,1,4
hypertension in pregnancy,0,0,1,4
hypertension research,0,0,1,6
i-perception,0,0,1,2
iawa journal,0,0,1,2
iberoromania,0,0,1,0
ibis,0,0,1,4
icarus,0,0,1,7
ices journal of marine science,0,0,1,8
icga journal,0,0,1,0
ichnos-an international journal for plant and animal traces,0,0,1,3
ichthyological research,0,0,1,2
icon-international journal of constitutional law,0,0,1,1
icsid review-foreign investment law journal,0,0,1,1
ict express,0,0,1,9
ideas y valores,0,0,1,0
ideggyogyaszati szemle-clinical neuroscience,0,0,1,1
identities-global studies in culture and power,0,0,1,2
idojaras,0,0,1,1
ids bulletin-institute of development studies,0,0,1,1
ieee access,0,0,1,9
ieee aerospace and electronic systems magazine,0,0,1,0
ieee annals of the history of computing,0,0,1,0
ieee antennas and propagation magazine,0,0,1,1
ieee antennas and wireless propagation letters,0,0,1,9
ieee circuits and systems magazine,0,0,1,0
ieee communications letters,0,0,1,9
ieee communications magazine,0,0,1,4
ieee communications surveys and tutorials,0,0,1,74
ieee computational intelligence magazine,0,0,1,0
ieee computer architecture letters,0,0,1,3
ieee computer graphics and applications,0,0,1,0
ieee consumer electronics magazine,0,0,1,4
ieee control systems magazine,0,0,1,0
ieee design and test,0,0,1,2
ieee electrical insulation magazine,0,0,1,0
ieee electron device letters,0,0,1,8
ieee embedded systems letters,0,0,1,4
ieee geoscience and remote sensing letters,0,0,1,9
ieee geoscience and remote sensing magazine,0,0,1,8
ieee industrial electronics magazine,0,0,1,0
ieee industry applications magazine,0,0,1,0
ieee instrumentation and measurement magazine,0,0,1,1
ieee intelligent systems,0,0,1,3
ieee intelligent transportation systems magazine,0,0,1,7
ieee internet computing,0,0,1,2
ieee internet of things journal,0,0,1,14
ieee journal of biomedical and health informatics,0,0,1,13
ieee journal of emerging and selected topics in power electronics,0,0,1,13
ieee journal of oceanic engineering,0,0,1,8
ieee journal of photovoltaics,0,0,1,7
ieee journal of quantum electronics,0,0,1,3
ieee journal of selected topics in applied earth observations and remote sensing,0,0,1,9
ieee journal of selected topics in quantum electronics,0,0,1,7
ieee journal of selected topics in signal processing,0,0,1,12
ieee journal of solid-state circuits,0,0,1,11
ieee journal of the electron devices society,0,0,1,6
ieee journal of translational engineering in health and medicine,0,0,1,10
ieee journal on emerging and selected topics in circuits and systems,0,0,1,8
ieee journal on selected areas in communications,0,0,1,23
ieee latin america transactions,0,0,1,4
ieee magnetics letters,0,0,1,3
ieee micro,0,0,1,1
ieee microwave and wireless components letters,0,0,1,14
ieee microwave magazine,0,0,1,0
ieee multimedia,0,0,1,2
ieee network,0,0,1,10
ieee pervasive computing,0,0,1,1
ieee photonics journal,0,0,1,6
ieee photonics technology letters,0,0,1,4
ieee power and energy magazine,0,0,1,1
ieee pulse,0,0,1,0
ieee reviews in biomedical engineering,0,0,1,33
ieee robotics and automation letters,0,0,1,12
ieee robotics and automation magazine,0,0,1,3
ieee security and privacy,0,0,1,1
ieee sensors journal,0,0,1,9
ieee signal processing letters,0,0,1,7
ieee signal processing magazine,0,0,1,3
ieee software,0,0,1,2
ieee spectrum,0,0,1,0
ieee systems journal,0,0,1,17
ieee technology and society magazine,0,0,1,1
ieee transactions on aerospace and electronic systems,0,0,1,9
ieee transactions on affective computing,0,0,1,19
ieee transactions on antennas and propagation,0,0,1,13
ieee transactions on applied superconductivity,0,0,1,4
ieee transactions on automatic control,0,0,1,13
ieee transactions on automation science and engineering,0,0,1,11
ieee transactions on big data,0,0,1,10
ieee transactions on biomedical circuits and systems,0,0,1,11
ieee transactions on biomedical engineering,0,0,1,8
ieee transactions on broadcasting,0,0,1,11
ieee transactions on circuits and systems for video technology,0,0,1,19
ieee transactions on circuits and systems i-regular papers,0,0,1,9
ieee transactions on circuits and systems ii-express briefs,0,0,1,9
ieee transactions on cloud computing,0,0,1,17
ieee transactions on cognitive and developmental systems,0,0,1,11
ieee transactions on cognitive communications and networking,0,0,1,8
ieee transactions on communications,0,0,1,12
ieee transactions on components packaging and manufacturing technology,0,0,1,5
ieee transactions on computational imaging,0,0,1,8
ieee transactions on computational social systems,0,0,1,9
ieee transactions on computer-aided design of integrated circuits and systems,0,0,1,7
ieee transactions on computers,0,0,1,9
ieee transactions on consumer electronics,0,0,1,7
ieee transactions on control of network systems,0,0,1,9
ieee transactions on control systems technology,0,0,1,12
ieee transactions on cybernetics,0,0,1,31
ieee transactions on dependable and secure computing,0,0,1,12
ieee transactions on device and materials reliability,0,0,1,4
ieee transactions on dielectrics and electrical insulation,0,0,1,7
ieee transactions on education,0,0,1,6
ieee transactions on electromagnetic compatibility,0,0,1,6
ieee transactions on electron devices,0,0,1,8
ieee transactions on emerging topics in computational intelligence,0,0,1,9
ieee transactions on emerging topics in computing,0,0,1,10
ieee transactions on energy conversion,0,0,1,14
ieee transactions on engineering management,0,0,1,15
ieee transactions on evolutionary computation,0,0,1,17
ieee transactions on fuzzy systems,0,0,1,23
ieee transactions on games,0,0,1,5
ieee transactions on geoscience and remote sensing,0,0,1,14
ieee transactions on green communications and networking,0,0,1,14
ieee transactions on haptics,0,0,1,6
ieee transactions on human-machine systems,0,0,1,9
ieee transactions on image processing,0,0,1,22
ieee transactions on industrial electronics,0,0,1,19
ieee transactions on industrial informatics,0,0,1,24
ieee transactions on industry applications,0,0,1,11
ieee transactions on information forensics and security,0,0,1,13
ieee transactions on information theory,0,0,1,6
ieee transactions on instrumentation and measurement,0,0,1,9
ieee transactions on intelligent transportation systems,0,0,1,21
ieee transactions on intelligent vehicles,0,0,1,18
ieee transactions on knowledge and data engineering,0,0,1,15
ieee transactions on learning technologies,0,0,1,13
ieee transactions on magnetics,0,0,1,4
ieee transactions on medical imaging,0,0,1,20
ieee transactions on microwave theory and techniques,0,0,1,10
ieee transactions on mobile computing,0,0,1,12
ieee transactions on multimedia,0,0,1,18
ieee transactions on nanobioscience,0,0,1,8
ieee transactions on nanotechnology,0,0,1,7
ieee transactions on network and service management,0,0,1,13
ieee transactions on network science and engineering,0,0,1,14
ieee transactions on neural networks and learning systems,0,0,1,24
ieee transactions on neural systems and rehabilitation engineering,0,0,1,13
ieee transactions on nuclear science,0,0,1,3
ieee transactions on parallel and distributed systems,0,0,1,14
ieee transactions on pattern analysis and machine intelligence,0,0,1,25
ieee transactions on plasma science,0,0,1,3
ieee transactions on power delivery,0,0,1,13
ieee transactions on power electronics,0,0,1,16
ieee transactions on power systems,0,0,1,19
ieee transactions on professional communication,0,0,1,2
ieee transactions on reliability,0,0,1,10
ieee transactions on robotics,0,0,1,21
ieee transactions on semiconductor manufacturing,0,0,1,3
ieee transactions on services computing,0,0,1,14
ieee transactions on signal and information processing over networks,0,0,1,7
ieee transactions on signal processing,0,0,1,12
ieee transactions on smart grid,0,0,1,23
ieee transactions on software engineering,0,0,1,15
ieee transactions on sustainable computing,0,0,1,11
ieee transactions on sustainable energy,0,0,1,21
ieee transactions on systems man cybernetics-systems,0,0,1,19
ieee transactions on terahertz science and technology,0,0,1,5
ieee transactions on transportation electrification,0,0,1,15
ieee transactions on ultrasonics ferroelectrics and frequency control,0,0,1,10
ieee transactions on vehicular technology,0,0,1,13
ieee transactions on very large scale integration vlsi systems,0,0,1,6
ieee transactions on visualization and computer graphics,0,0,1,10
ieee transactions on wireless communications,0,0,1,18
ieee vehicular technology magazine,0,0,1,5
ieee wireless communications,0,0,1,12
ieee wireless communications letters,0,0,1,9
ieee-acm transactions on audio speech and language processing,0,0,1,14
ieee-acm transactions on computational biology and bioinformatics,0,0,1,14
ieee-acm transactions on networking,0,0,1,11
ieee-asme transactions on mechatronics,0,0,1,14
ieee-caa journal of automatica sinica,0,0,1,19
ieej transactions on electrical and electronic engineering,0,0,1,2
ieice electronics express,0,0,1,2
ieice transactions on communications,0,0,1,2
ieice transactions on electronics,0,0,1,1
ieice transactions on fundamentals of electronics communications and computer sciences,0,0,1,1
ieice transactions on information and systems,0,0,1,2
iet biometrics,0,0,1,5
iet circuits devices and systems,0,0,1,3
iet communications,0,0,1,4
iet computers and digital techniques,0,0,1,3
iet electric power applications,0,0,1,3
iet electrical systems in transportation,0,0,1,7
iet generation transmission and distribution,0,0,1,6
iet image processing,0,0,1,5
iet microwaves antennas and propagation,0,0,1,3
iet nanobiotechnology,0,0,1,11
iet renewable power generation,0,0,1,7
iet signal processing,0,0,1,4
iet software,0,0,1,4
iet systems biology,0,0,1,2
iete journal of research,0,0,1,3
iete technical review,0,0,1,4
iforest-biogeosciences and forestry,0,0,1,5
iheringia serie botanica,0,0,1,1
iheringia serie zoologia,0,0,1,2
iise transactions,0,0,1,5
ilr review,0,0,1,2
ima journal of applied mathematics,0,0,1,3
ima journal of management mathematics,0,0,1,2
ima journal of mathematical control and information,0,0,1,3
ima journal of numerical analysis,0,0,1,4
image analysis and stereology,0,0,1,2
image and vision computing,0,0,1,7
imaging science journal,0,0,1,4
imago mundi-the international journal for the history of cartography,0,0,1,0
imf economic review,0,0,1,5
immune network,0,0,1,13
immunity,0,0,1,46
immunity and ageing,0,0,1,14
immunity inflammation and disease,0,0,1,6
immunobiology,0,0,1,3
immunogenetics,0,0,1,5
immunologic research,0,0,1,4
immunological investigations,0,0,1,4
immunological reviews,0,0,1,18
immunology,0,0,1,9
immunology and allergy clinics of north america,0,0,1,5
immunology and cell biology,0,0,1,4
immunology letters,0,0,1,7
immunopharmacology and immunotoxicology,0,0,1,7
immunotherapy,0,0,1,5
impact assessment and project appraisal,0,0,1,5
implementation science,0,0,1,16
in practice,0,0,1,0
in vitro cellular and developmental biology animal,1,1,0,
in vitro cellular and developmental biology-animal,0,0,1,3
in vitro cellular and developmental biology-plant,0,0,1,5
in vivo,0,0,1,4
indagationes mathematicae-new series,0,0,1,1
index on censorship,0,0,1,0
india review,0,0,1,1
indian economic and social history review,0,0,1,0
indian historical review,0,0,1,0
indian journal of agricultural sciences,0,0,1,1
indian journal of animal research,0,0,1,0
indian journal of animal sciences,0,0,1,1
indian journal of cancer,0,0,1,1
indian journal of dermatology,0,0,1,2
indian journal of dermatology venereology and leprology,0,0,1,1
indian journal of engineering and materials sciences,0,0,1,1
indian journal of fisheries,0,0,1,1
indian journal of gender studies,0,0,1,0
indian journal of genetics and plant breeding,0,0,1,5
indian journal of hematology and blood transfusion,0,0,1,1
indian journal of medical microbiology,0,0,1,3
indian journal of medical research,0,0,1,3
indian journal of microbiology,0,0,1,4
indian journal of ophthalmology,0,0,1,3
indian journal of orthopaedics,0,0,1,2
indian journal of pathology and microbiology,0,0,1,1
indian journal of pediatrics,0,0,1,2
indian journal of pharmaceutical education and research,0,0,1,2
indian journal of pharmacology,0,0,1,2
indian journal of physics,0,0,1,3
indian journal of psychiatry,0,0,1,1
indian journal of public health,0,0,1,2
indian journal of pure and applied mathematics,0,0,1,1
indian journal of surgery,0,0,1,0
indian journal of traditional knowledge,0,0,1,0
indian pediatrics,0,0,1,1
indiana university mathematics journal,0,0,1,3
indo-iranian journal,0,0,1,0
indonesia and the malay world,0,0,1,1
indoor air,0,0,1,10
indoor and built environment,0,0,1,7
industria textila,0,0,1,2
industrial and corporate change,0,0,1,6
industrial and engineering chemistry research,0,0,1,8
industrial and organizational psychology-perspectives on science and practice,0,0,1,2
industrial archaeology review,0,0,1,0
industrial crops and products,0,0,1,14
industrial health,0,0,1,3
industrial law journal,0,0,1,1
industrial lubrication and tribology,0,0,1,4
industrial management and data systems,0,0,1,11
industrial marketing management,0,0,1,19
industrial relations,0,0,1,3
industrial robot-the international journal of robotics research and application,0,0,1,5
industry and innovation,0,0,1,9
infancy,0,0,1,4
infant and child development,0,0,1,3
infant behavior and development,0,0,1,5
infant mental health journal,0,0,1,4
infants and young children,0,0,1,2
infection,0,0,1,7
infection and drug resistance,0,0,1,7
infection and immunity,0,0,1,7
infection control and hospital epidemiology,0,0,1,3
infection genetics and evolution,0,0,1,7
infectious agents and cancer,0,0,1,6
infectious disease clinics of north america,0,0,1,7
infectious diseases,0,0,1,4
infectious diseases and therapy,0,0,1,9
infectious diseases of poverty,0,0,1,13
infinite dimensional analysis quantum probability and related topics,0,0,1,2
inflammation,0,0,1,14
inflammation and regeneration,0,0,1,15
inflammation research,0,0,1,11
inflammatory bowel diseases,0,0,1,4
inflammopharmacology,0,0,1,10
influenza and other respiratory viruses,0,0,1,7
infomat,0,0,1,29
infor,0,0,1,2
informacao and sociedade-estudos,0,0,1,0
informacije midem-journal of microelectronics electronic components and materials,0,0,1,1
informacios tarsadalom,0,0,1,0
informal logic,0,0,1,1
informatica,0,0,1,4
informatics for health and social care,0,0,1,5
information and computation,0,0,1,2
information and management,0,0,1,17
information and organization,0,0,1,14
information and software technology,0,0,1,10
information communication and society,0,0,1,6
information development,0,0,1,3
information economics and policy,0,0,1,6
information fusion,0,0,1,28
information processing and management,0,0,1,19
information processing letters,0,0,1,2
information retrieval journal,0,0,1,7
information sciences,0,0,1,17
information society,0,0,1,6
information systems,0,0,1,10
information systems and e-business management,0,0,1,8
information systems frontiers,0,0,1,14
information systems journal,0,0,1,13
information systems management,0,0,1,5
information systems research,0,0,1,15
information technology and control,0,0,1,5
information technology and libraries,0,0,1,1
information technology and management,0,0,1,6
information technology and people,0,0,1,14
information technology and tourism,0,0,1,14
information technology for development,0,0,1,8
information visualization,0,0,1,4
informes de la construccion,0,0,1,1
informs journal on applied analytics,0,0,1,3
informs journal on computing,0,0,1,4
infrared physics and technology,0,0,1,8
ingenieria e investigacion,0,0,1,1
inhalation toxicology,0,0,1,5
injury epidemiology,0,0,1,5
injury prevention,0,0,1,3
injury-international journal of the care of the injured,0,0,1,5
inland water biology,0,0,1,2
inland waters,0,0,1,3
innate immunity,0,0,1,7
innovation in aging,0,0,1,0
innovation in language learning and teaching,0,0,1,4
innovation-organization and management,0,0,1,4
innovation-the european journal of social science research,0,0,1,3
innovations in education and teaching international,0,0,1,3
innovative food science and emerging technologies,0,0,1,17
inorganic and nano-metal chemistry,0,0,1,3
inorganic chemistry,0,0,1,11
inorganic chemistry communications,0,0,1,11
inorganic chemistry frontiers,0,0,1,13
inorganic materials,0,0,1,2
inorganica chimica acta,0,0,1,6
inorganics,0,0,1,6
inquiry-an interdisciplinary journal of philosophy,0,0,1,2
inquiry-the journal of health care organization provision and financing,0,0,1,4
inra productions animales,0,0,1,2
insect biochemistry and molecular biology,0,0,1,9
insect conservation and diversity,0,0,1,5
insect molecular biology,0,0,1,6
insect science,0,0,1,5
insect systematics and diversity,0,0,1,4
insectes sociaux,0,0,1,3
insects,0,0,1,7
insight,0,0,1,2
insights into imaging,0,0,1,10
instructional science,0,0,1,6
instrumentation science and technology,0,0,1,3
instruments and experimental techniques,0,0,1,1
insurance mathematics and economics,0,0,1,3
integral equations and operator theory,0,0,1,2
integral transforms and special functions,0,0,1,2
integrated computer-aided engineering,0,0,1,11
integrated environmental assessment and management,0,0,1,4
integrated ferroelectrics,0,0,1,2
integrating materials and manufacturing innovation,0,0,1,7
integration-the vlsi journal,0,0,1,5
integrative and comparative biology,0,0,1,6
integrative cancer therapies,0,0,1,6
integrative medicine research,0,0,1,6
integrative organismal biology,0,0,1,6
integrative psychological and behavioral science,0,0,1,3
integrative zoology,0,0,1,4
intellectual and developmental disabilities,0,0,1,3
intelligence,0,0,1,7
intelligence and national security,0,0,1,1
intelligent automation and soft computing,0,0,1,7
intelligent data analysis,0,0,1,2
intelligent service robotics,0,0,1,5
intensive and critical care nursing,0,0,1,7
intensive care medicine,0,0,1,9
inter-asia cultural studies,0,0,1,1
interacting with computers,0,0,1,3
interaction studies,0,0,1,4
interactive cardiovascular and thoracic surgery,0,0,1,6
interactive learning environments,0,0,1,8
intercultural pragmatics,0,0,1,2
interdisciplinary science reviews,0,0,1,2
interdisciplinary sciences-computational life sciences,0,0,1,6
intermetallics,0,0,1,11
internal and emergency medicine,0,0,1,4
internal medicine,0,0,1,2
internal medicine journal,0,0,1,2
internasjonal politikk,0,0,1,0
international affairs,0,0,1,1
international agrophysics,0,0,1,4
international and comparative law quarterly,0,0,1,1
international angiology,0,0,1,3
international arab journal of information technology,0,0,1,2
international archives of allergy and immunology,0,0,1,4
international archives of occupational and environmental health,0,0,1,7
international biodeterioration and biodegradation,0,0,1,9
international brazilian journal of urology,0,0,1,7
international breastfeeding journal,0,0,1,8
international business review,0,0,1,16
international clinical psychopharmacology,0,0,1,6
international communication gazette,0,0,1,4
international communications in heat and mass transfer,0,0,1,11
international dairy journal,0,0,1,8
international data privacy law,0,0,1,4
international dental journal,0,0,1,0
international development planning review,0,0,1,3
international economic review,0,0,1,4
international emergency nursing,0,0,1,4
international endodontic journal,0,0,1,10
international entrepreneurship and management journal,0,0,1,11
international environmental agreements-politics law and economics,0,0,1,7
international feminist journal of politics,0,0,1,2
international finance,0,0,1,3
international food and agribusiness management review,0,0,1,4
international forestry review,0,0,1,2
international forum of allergy and rhinology,0,0,1,4
international gambling studies,0,0,1,5
international geology review,0,0,1,4
international health,0,0,1,5
international heart journal,0,0,1,3
international history review,0,0,1,0
international immunopharmacology,1,1,1,10
international insolvency review,0,0,1,0
international interactions,0,0,1,4
international journal,0,0,1,1
international journal for academic development,0,0,1,3
international journal for educational and vocational guidance,0,0,1,3
international journal for equity in health,0,0,1,8
international journal for lesson and learning studies,0,0,1,4
international journal for multiscale computational engineering,0,0,1,3
international journal for numerical and analytical methods in geomechanics,0,0,1,6
international journal for numerical methods in biomedical engineering,0,0,1,4
international journal for numerical methods in engineering,0,0,1,6
international journal for numerical methods in fluids,0,0,1,3
international journal for parasitology,0,0,1,7
international journal for parasitology-drugs and drug resistance,0,0,1,9
international journal for parasitology-parasites and wildlife,0,0,1,5
international journal for philosophy of religion,0,0,1,1
international journal for quality in health care,0,0,1,3
international journal for the psychology of religion,0,0,1,2
international journal for uncertainty quantification,0,0,1,3
international journal for vitamin and nutrition research,0,0,1,7
international journal of acarology,0,0,1,2
international journal of accounting information systems,0,0,1,14
international journal of ad hoc and ubiquitous computing,0,0,1,1
international journal of adaptive control and signal processing,0,0,1,5
international journal of adhesion and adhesives,0,0,1,9
international journal of advanced manufacturing technology,0,0,1,8
international journal of advanced robotic systems,0,0,1,4
international journal of advertising,0,0,1,12
international journal of aeroacoustics,0,0,1,2
international journal of aeronautical and space sciences,0,0,1,3
international journal of aerospace engineering,0,0,1,3
international journal of aging and human development,0,0,1,5
international journal of agricultural and biological engineering,0,0,1,2
international journal of agricultural sustainability,0,0,1,10
international journal of algebra and computation,0,0,1,1
international journal of american linguistics,0,0,1,0
international journal of analytical chemistry,0,0,1,5
international journal of antennas and propagation,0,0,1,4
international journal of antimicrobial agents,0,0,1,9
international journal of applied ceramic technology,0,0,1,5
international journal of applied earth observation and geoinformation,0,0,1,8
international journal of applied electromagnetics and mechanics,0,0,1,1
international journal of applied glass science,0,0,1,5
international journal of applied linguistics,0,0,1,3
international journal of applied mechanics,0,0,1,5
international journal of approximate reasoning,0,0,1,6
international journal of architectural heritage,0,0,1,4
international journal of art and design education,0,0,1,2
international journal of artificial organs,0,0,1,3
international journal of asian studies,0,0,1,0
international journal of astrobiology,0,0,1,3
international journal of audiology,0,0,1,4
international journal of auditing,0,0,1,4
international journal of automotive technology,0,0,1,4
international journal of bank marketing,0,0,1,15
international journal of behavioral development,0,0,1,4
international journal of behavioral medicine,0,0,1,4
international journal of behavioral nutrition and physical activity,0,0,1,14
international journal of bifurcation and chaos,0,0,1,5
international journal of bilingual education and bilingualism,0,0,1,4
international journal of bilingualism,0,0,1,3
international journal of bio-inspired computation,0,0,1,2
international journal of biochemistry and cell biology,0,0,1,7
international journal of biological macromolecules,1,3,1,14
international journal of biological sciences,0,0,1,21
international journal of biomathematics,0,0,1,3
international journal of biometeorology,0,0,1,6
international journal of bipolar disorders,0,0,1,9
international journal of business communication,0,0,1,4
international journal of cancer,0,0,1,8
international journal of cardiology,0,0,1,4
international journal of cast metals research,0,0,1,4
international journal of chemical engineering,0,0,1,7
international journal of chemical kinetics,0,0,1,3
international journal of childrens spirituality,0,0,1,2
international journal of chronic obstructive pulmonary disease,0,0,1,7
international journal of circuit theory and applications,0,0,1,3
international journal of civil engineering,0,0,1,5
international journal of climate change strategies and management,0,0,1,10
international journal of climatology,0,0,1,7
international journal of clinical and experimental hypnosis,0,0,1,4
international journal of clinical and health psychology,0,0,1,8
international journal of clinical oncology,0,0,1,5
international journal of clinical pharmacology and therapeutics,0,0,1,2
international journal of clinical pharmacy,0,0,1,6
international journal of clinical practice,0,0,1,6
international journal of clothing science and technology,0,0,1,3
international journal of coal geology,0,0,1,14
international journal of coal preparation and utilization,0,0,1,3
international journal of colorectal disease,0,0,1,10
international journal of communication systems,0,0,1,4
international journal of community music,0,0,1,2
international journal of comparative sociology,0,0,1,2
international journal of computational fluid dynamics,0,0,1,3
international journal of computational methods,0,0,1,2
international journal of computer assisted radiology and surgery,0,0,1,11
international journal of computer integrated manufacturing,0,0,1,8
international journal of computer mathematics,0,0,1,3
international journal of computer vision,0,0,1,13
international journal of computer-supported collaborative learning,0,0,1,11
international journal of computers communications and control,0,0,1,3
international journal of concrete structures and materials,0,0,1,14
international journal of conflict management,0,0,1,6
international journal of consumer studies,0,0,1,17
international journal of contemporary hospitality management,0,0,1,25
international journal of control,0,0,1,3
international journal of control automation and systems,0,0,1,7
international journal of cooperative information systems,0,0,1,3
international journal of corpus linguistics,0,0,1,4
international journal of cosmetic science,0,0,1,5
international journal of crashworthiness,0,0,1,4
international journal of critical infrastructure protection,0,0,1,10
international journal of cultural policy,0,0,1,3
international journal of cultural studies,0,0,1,4
international journal of dairy technology,0,0,1,5
international journal of damage mechanics,0,0,1,10
international journal of data mining and bioinformatics,0,0,1,0
international journal of data warehousing and mining,0,0,1,3
international journal of dental hygiene,0,0,1,3
international journal of dermatology,0,0,1,2
international journal of developmental biology,0,0,1,4
international journal of developmental disabilities,0,0,1,3
international journal of developmental neuroscience,0,0,1,3
international journal of diabetes in developing countries,0,0,1,1
international journal of digital earth,0,0,1,9
international journal of disability development and education,0,0,1,2
international journal of disaster risk reduction,0,0,1,11
international journal of disaster risk science,0,0,1,10
international journal of distributed sensor networks,0,0,1,8
international journal of drug policy,0,0,1,9
international journal of earth sciences,0,0,1,5
international journal of eating disorders,0,0,1,8
international journal of economic theory,0,0,1,1
international journal of educational development,0,0,1,5
international journal of educational research,0,0,1,5
international journal of educational technology in higher education,0,0,1,36
international journal of electrical power and energy systems,0,0,1,14
international journal of electrochemical science,0,0,1,6
international journal of electronic commerce,0,0,1,8
international journal of electronics,0,0,1,3
international journal of emerging markets,0,0,1,9
international journal of endocrinology,0,0,1,6
international journal of energy research,0,0,1,12
international journal of engine research,0,0,1,5
international journal of engineering science,0,0,1,10
international journal of entrepreneurial behavior and research,0,0,1,12
international journal of environment and pollution,0,0,1,0
international journal of environmental analytical chemistry,0,0,1,5
international journal of environmental health research,0,0,1,3
international journal of environmental research,0,0,1,5
international journal of environmental research and public health,0,0,1,12
international journal of environmental science and technology,0,0,1,7
international journal of epidemiology,0,0,1,13
international journal of evidence and proof,0,0,1,2
international journal of exergy,0,0,1,1
international journal of experimental pathology,0,0,1,3
international journal of extreme manufacturing,0,0,1,28
international journal of fatigue,0,0,1,17
international journal of feminist approaches to bioethics,0,0,1,0
international journal of finance and economics,0,0,1,5
international journal of food microbiology,0,0,1,12
international journal of food properties,0,0,1,13
international journal of food science and technology,0,0,1,8
international journal of food sciences and nutrition,0,0,1,7
international journal of forecasting,0,0,1,13
international journal of forensic mental health,0,0,1,3
international journal of forest engineering,0,0,1,3
international journal of foundations of computer science,0,0,1,1
international journal of fracture,0,0,1,5
international journal of fruit science,0,0,1,8
international journal of fuzzy systems,0,0,1,6
international journal of game theory,0,0,1,1
international journal of gastronomy and food science,0,0,1,8
international journal of general medicine,1,1,1,5
international journal of general systems,0,0,1,4
international journal of genomics,1,1,1,3
international journal of geographical information science,0,0,1,9
international journal of geomechanics,0,0,1,8
international journal of geometric methods in modern physics,0,0,1,4
international journal of geriatric psychiatry,0,0,1,6
international journal of global warming,0,0,1,1
international journal of green energy,0,0,1,5
international journal of greenhouse gas control,0,0,1,14
international journal of group psychotherapy,0,0,1,1
international journal of gynecological cancer,0,0,1,0
international journal of gynecological pathology,0,0,1,3
international journal of gynecology and obstetrics,0,0,1,3
international journal of health economics and management,0,0,1,3
international journal of health geographics,0,0,1,7
international journal of health planning and management,0,0,1,5
international journal of health policy and management,0,0,1,3
international journal of health services,0,0,1,10
international journal of heat and fluid flow,0,0,1,7
international journal of heat and mass transfer,0,0,1,15
international journal of heavy vehicle systems,0,0,1,1
international journal of hematology,0,0,1,4
international journal of heritage studies,0,0,1,3
international journal of high performance computing applications,0,0,1,5
international journal of hindu studies,0,0,1,0
international journal of historical archaeology,0,0,1,1
international journal of hospitality management,0,0,1,17
international journal of housing policy,0,0,1,3
international journal of human genetics,0,0,1,0
international journal of human resource management,0,0,1,10
international journal of human rights,0,0,1,2
international journal of human-computer interaction,0,0,1,8
international journal of human-computer studies,0,0,1,12
international journal of humanoid robotics,0,0,1,4
international journal of hydrogen energy,0,0,1,18
international journal of hygiene and environmental health,0,0,1,11
international journal of hypertension,0,0,1,6
international journal of hyperthermia,0,0,1,7
international journal of imaging systems and technology,0,0,1,5
international journal of immunogenetics,0,0,1,1
international journal of impact engineering,0,0,1,15
international journal of implant dentistry,0,0,1,8
international journal of impotence research,0,0,1,4
international journal of inclusive education,0,0,1,4
international journal of industrial engineering computations,0,0,1,3
international journal of industrial ergonomics,0,0,1,7
international journal of industrial organization,0,0,1,4
international journal of infectious diseases,0,0,1,7
international journal of information management,0,0,1,40
international journal of information security,0,0,1,8
international journal of information technology and decision making,0,0,1,3
international journal of injury control and safety promotion,0,0,1,5
international journal of integrated care,0,0,1,0
international journal of intelligent systems,0,0,1,9
international journal of interactive multimedia and artificial intelligence,0,0,1,5
international journal of intercultural relations,0,0,1,6
international journal of islamic and middle eastern finance and management,0,0,1,6
international journal of islamic architecture,0,0,1,1
international journal of laboratory hematology,0,0,1,2
international journal of language and communication disorders,0,0,1,5
international journal of law and psychiatry,0,0,1,3
international journal of law crime and justice,0,0,1,3
international journal of law in context,0,0,1,1
international journal of law policy and the family,0,0,1,1
international journal of lean six sigma,0,0,1,8
international journal of legal medicine,0,0,1,5
international journal of lexicography,0,0,1,1
international journal of life cycle assessment,0,0,1,11
international journal of logistics management,0,0,1,17
international journal of logistics-research and applications,0,0,1,10
international journal of lower extremity wounds,0,0,1,3
international journal of machine learning and cybernetics,0,0,1,5
international journal of machine tools and manufacture,0,0,1,34
international journal of management education,0,0,1,10
international journal of management reviews,0,0,1,19
international journal of managing projects in business,0,0,1,8
international journal of manpower,0,0,1,8
international journal of marine and coastal law,0,0,1,2
international journal of market research,0,0,1,4
international journal of mass spectrometry,0,0,1,4
international journal of material forming,0,0,1,5
international journal of materials and product technology,0,0,1,0
international journal of materials research,0,0,1,2
international journal of mathematics,0,0,1,1
international journal of mechanical sciences,0,0,1,22
international journal of mechanics and materials in design,0,0,1,7
international journal of medical informatics,0,0,1,10
international journal of medical microbiology,0,0,1,6
international journal of medical robotics and computer assisted surgery,0,0,1,5
international journal of medical sciences,0,0,1,6
international journal of medicinal mushrooms,0,0,1,3
international journal of mental health and addiction,0,0,1,5
international journal of mental health nursing,0,0,1,6
international journal of mental health systems,0,0,1,10
international journal of metalcasting,0,0,1,4
international journal of methods in psychiatric research,0,0,1,7
international journal of micro air vehicles,0,0,1,5
international journal of microwave and wireless technologies,0,0,1,2
international journal of middle east studies,0,0,1,0
international journal of minerals metallurgy and materials,0,0,1,17
international journal of mining reclamation and environment,0,0,1,7
international journal of mining science and technology,0,0,1,33
international journal of mobile communications,0,0,1,1
international journal of modern physics a,0,0,1,2
international journal of modern physics b,0,0,1,6
international journal of modern physics c,0,0,1,2
international journal of modern physics d,0,0,1,4
international journal of modern physics e,0,0,1,2
international journal of molecular medicine,1,1,1,9
international journal of molecular sciences,1,10,1,11
international journal of morphology,0,0,1,1
international journal of multilingualism,0,0,1,4
international journal of multimedia information retrieval,0,0,1,8
international journal of multiphase flow,0,0,1,9
international journal of music education,0,0,1,3
international journal of nanomedicine,0,0,1,13
international journal of nanotechnology,0,0,1,1
international journal of nautical archaeology,0,0,1,0
international journal of naval architecture and ocean engineering,0,0,1,9
international journal of network management,0,0,1,3
international journal of neural systems,0,0,1,12
international journal of neuropsychopharmacology,0,0,1,0
international journal of neuroscience,0,0,1,3
international journal of non-linear mechanics,0,0,1,8
international journal of nonlinear sciences and numerical simulation,0,0,1,4
international journal of number theory,0,0,1,1
international journal of numerical methods for heat and fluid flow,0,0,1,9
international journal of numerical modelling-electronic networks devices and fields,0,0,1,3
international journal of nursing knowledge,0,0,1,2
international journal of nursing practice,0,0,1,4
international journal of nursing studies,0,0,1,14
international journal of obesity,0,0,1,8
international journal of obstetric anesthesia,0,0,1,0
international journal of occupational medicine and environmental health,0,0,1,4
international journal of occupational safety and ergonomics,0,0,1,4
international journal of odonatology,0,0,1,2
international journal of offender therapy and comparative criminology,0,0,1,3
international journal of offshore and polar engineering,0,0,1,1
international journal of oil gas and coal technology,0,0,1,1
international journal of older people nursing,0,0,1,4
international journal of oncology,1,1,1,11
international journal of operations and production management,0,0,1,20
international journal of ophthalmology,0,0,1,3
international journal of optics,0,0,1,3
international journal of oral and maxillofacial implants,0,0,1,3
international journal of oral and maxillofacial surgery,0,0,1,0
international journal of oral science,0,0,1,44
international journal of osteoarchaeology,0,0,1,2
international journal of osteopathic medicine,0,0,1,3
international journal of paediatric dentistry,0,0,1,4
international journal of paleopathology,0,0,1,3
international journal of parallel programming,0,0,1,3
international journal of pattern recognition and artificial intelligence,0,0,1,2
international journal of pavement engineering,0,0,1,7
international journal of pediatric otorhinolaryngology,0,0,1,4
international journal of peptide research and therapeutics,0,0,1,12
international journal of performance analysis in sport,0,0,1,4
international journal of periodontics and restorative dentistry,0,0,1,3
international journal of pest management,0,0,1,3
international journal of pharmaceutics,0,0,1,13
international journal of pharmaceutics-x,0,0,1,4
international journal of pharmacology,0,0,1,1
international journal of philosophical studies,0,0,1,0
international journal of photoenergy,0,0,1,10
international journal of physical distribution and logistics management,0,0,1,16
international journal of physical modelling in geotechnics,0,0,1,3
international journal of phytoremediation,0,0,1,6
international journal of plant production,0,0,1,6
international journal of plant sciences,0,0,1,3
international journal of plasticity,0,0,1,31
international journal of polymer analysis and characterization,0,0,1,4
international journal of polymer science,0,0,1,11
international journal of polymeric materials and polymeric biomaterials,0,0,1,6
international journal of precision engineering and manufacturing,0,0,1,6
international journal of precision engineering and manufacturing-green technology,0,0,1,11
international journal of press-politics,0,0,1,8
international journal of pressure vessels and piping,0,0,1,8
international journal of primatology,0,0,1,4
international journal of production economics,0,0,1,22
international journal of production research,0,0,1,14
international journal of project management,0,0,1,17
international journal of prosthodontics,0,0,1,3
international journal of psychiatry in clinical practice,0,0,1,4
international journal of psychiatry in medicine,0,0,1,3
international journal of psychoanalysis,0,0,1,1
international journal of psychological research,0,0,1,2
international journal of psychology,0,0,1,2
international journal of psychophysiology,0,0,1,1
international journal of public theology,0,0,1,0
international journal of qualitative methods,0,0,1,6
international journal of quantum chemistry,0,0,1,4
international journal of quantum information,0,0,1,2
international journal of radiation biology,0,0,1,5
international journal of radiation oncology biology physics,0,0,1,1
international journal of rail transportation,0,0,1,7
international journal of refractory metals and hard materials,0,0,1,10
international journal of refrigeration,0,0,1,9
international journal of rehabilitation research,0,0,1,4
international journal of remote sensing,0,0,1,6
international journal of research in marketing,0,0,1,13
international journal of retail and distribution management,0,0,1,13
international journal of rf and microwave computer-aided engineering,0,0,1,3
international journal of rheumatic diseases,0,0,1,3
international journal of robotics research,0,0,1,9
international journal of robust and nonlinear control,0,0,1,6
international journal of rock mechanics and mining sciences,0,0,1,17
international journal of satellite communications and networking,0,0,1,2
international journal of science and mathematics education,0,0,1,7
international journal of science education,0,0,1,5
international journal of sediment research,0,0,1,9
international journal of selection and assessment,0,0,1,6
international journal of sensor networks,0,0,1,1
international journal of sexual health,0,0,1,5
international journal of shipping and transport logistics,0,0,1,1
international journal of simulation modelling,0,0,1,3
international journal of smart and nano materials,0,0,1,14
international journal of social psychiatry,0,0,1,5
international journal of social psychology,0,0,1,2
international journal of social research methodology,0,0,1,5
international journal of social robotics,0,0,1,10
international journal of social welfare,0,0,1,3
international journal of software engineering and knowledge engineering,0,0,1,2
international journal of solids and structures,0,0,1,8
international journal of speech-language pathology,0,0,1,4
international journal of speleology,0,0,1,1
international journal of sport and exercise psychology,0,0,1,4
international journal of sport nutrition and exercise metabolism,0,0,1,5
international journal of sports marketing and sponsorship,0,0,1,5
international journal of sports medicine,0,0,1,3
international journal of sports physiology and performance,0,0,1,6
international journal of sports science and coaching,0,0,1,4
international journal of std and aids,0,0,1,3
international journal of steel structures,0,0,1,3
international journal of stem education,0,0,1,20
international journal of strategic property management,0,0,1,4
international journal of stress management,0,0,1,4
international journal of stroke,0,0,1,9
international journal of structural stability and dynamics,0,0,1,5
international journal of surface science and engineering,0,0,1,1
international journal of surgery,0,0,1,7
international journal of surgical pathology,0,0,1,2
international journal of sustainability in higher education,0,0,1,7
international journal of sustainable development and world ecology,0,0,1,16
international journal of sustainable transportation,0,0,1,6
international journal of systematic and evolutionary microbiology,0,0,1,6
international journal of systematic theology,0,0,1,0
international journal of systems science,0,0,1,5
international journal of systems science-operations and logistics,0,0,1,3
international journal of technology and design education,0,0,1,6
international journal of technology assessment in health care,0,0,1,0
international journal of technology management,0,0,1,2
international journal of the classical tradition,0,0,1,0
international journal of the commons,0,0,1,4
international journal of the history of sport,0,0,1,0
international journal of the platonic tradition,0,0,1,0
international journal of theoretical physics,0,0,1,7
international journal of thermal sciences,0,0,1,13
international journal of thermophysics,0,0,1,6
international journal of tourism research,0,0,1,7
international journal of toxicology,0,0,1,2
international journal of transitional justice,0,0,1,2
international journal of tuberculosis and lung disease,0,0,1,4
international journal of turbo and jet-engines,0,0,1,2
international journal of uncertainty fuzziness and knowledge-based systems,0,0,1,3
international journal of urban and regional research,0,0,1,3
international journal of urban sciences,0,0,1,3
international journal of urology,0,0,1,3
international journal of vehicle design,0,0,1,1
international journal of ventilation,0,0,1,1
international journal of water resources development,0,0,1,4
international journal of wavelets multiresolution and information processing,0,0,1,2
international journal of web and grid services,0,0,1,2
international journal of web services research,0,0,1,2
international journal of wildland fire,0,0,1,6
international journal of womens health,0,0,1,4
international journal on artificial intelligence tools,0,0,1,3
international journal on criminology,0,0,1,0
international journal on document analysis and recognition,0,0,1,5
international journal on physical medication and rehabilitation,1,1,0,
international journal on semantic web and information systems,0,0,1,6
international journal on software tools for technology transfer,0,0,1,4
international labor and working-class history,0,0,1,1
international labour review,0,0,1,4
international marketing review,0,0,1,10
international materials reviews,0,0,1,32
international mathematics research notices,0,0,1,2
international migration,0,0,1,3
international migration review,0,0,1,4
international multilingual research journal,0,0,1,5
international nursing review,0,0,1,7
international organization,0,0,1,4
international orthopaedics,0,0,1,6
international peacekeeping,0,0,1,1
international philosophical quarterly,0,0,1,0
international political science review,0,0,1,4
international political sociology,0,0,1,5
international politics,0,0,1,2
international polymer processing,0,0,1,4
international psychogeriatrics,0,0,1,2
international public management journal,0,0,1,5
international regional science review,0,0,1,5
international relations,0,0,1,4
international relations of the asia-pacific,0,0,1,2
international research in childrens literature,0,0,1,0
international review for the sociology of sport,0,0,1,5
international review of administrative sciences,0,0,1,5
international review of economics and finance,0,0,1,10
international review of economics education,0,0,1,2
international review of finance,0,0,1,2
international review of financial analysis,0,0,1,15
international review of hydrobiology,0,0,1,0
international review of law and economics,0,0,1,2
international review of psychiatry,0,0,1,6
international review of research in open and distributed learning,0,0,1,6
international review of social history,0,0,1,0
international review of sport and exercise psychology,0,0,1,19
international review of the red cross,0,0,1,1
international reviews of immunology,0,0,1,8
international security,0,0,1,8
international small business journal-researching entrepreneurship,0,0,1,10
international social work,0,0,1,2
international sociology,0,0,1,2
international soil and water conservation research,0,0,1,17
international statistical review,0,0,1,2
international studies in the philosophy of science,0,0,1,2
international studies perspectives,0,0,1,3
international studies quarterly,0,0,1,5
international studies review,0,0,1,6
international surgery,0,0,1,0
international tax and public finance,0,0,1,3
international theory,0,0,1,5
international transactions in operational research,0,0,1,6
international transactions on electrical energy systems,0,0,1,5
international urogynecology journal,0,0,1,4
international urology and nephrology,0,0,1,8
international wound journal,0,0,1,4
internationales archiv fuer sozialgeschichte der deutschen literatur,0,0,1,0
internet and higher education,0,0,1,14
internet interventions-the application of information technology in mental and behavioural health,0,0,1,10
internet of things,0,0,1,15
internet research,0,0,1,14
internist,0,0,1,1
interpretation-a journal of bible and theology,0,0,1,0
interpretation-a journal of subsurface characterization,0,0,1,2
interpreter and translator trainer,0,0,1,4
intervention in school and clinic,0,0,1,3
interventional neuroradiology,0,0,1,3
interventions-international journal of postcolonial studies,0,0,1,1
intervirology,0,0,1,4
invasive plant science and management,0,0,1,2
inventiones mathematicae,0,0,1,7
inverse problems,0,0,1,4
invertebrate biology,0,0,1,2
invertebrate reproduction and development,0,0,1,1
invertebrate systematics,0,0,1,4
investigacion bibliotecologica,0,0,1,1
investigacion economica,0,0,1,1
investigational new drugs,0,0,1,6
investigative and clinical urology,0,0,1,6
investigative radiology,0,0,1,16
investment analysts journal,0,0,1,2
inzinerine ekonomika-engineering economics,0,0,1,6
ionics,0,0,1,6
iral-international review of applied linguistics in language teaching,0,0,1,4
iran and the caucasus,0,0,1,0
iran-journal of the british institute of persian studies,0,0,1,0
iranian journal of allergy asthma and immunology,0,0,1,1
iranian journal of parasitology,0,0,1,1
iranian journal of pediatrics,0,0,1,1
iranian journal of public health,0,0,1,1
iranian journal of radiology,0,0,1,1
iranian journal of science and technology transaction a-science,0,0,1,6
iranian journal of science and technology-transactions of civil engineering,0,0,1,3
iranian journal of science and technology-transactions of electrical engineering,0,0,1,3
iranian journal of science and technology-transactions of mechanical engineering,0,0,1,4
iranian polymer journal,0,0,1,6
iranian studies,0,0,1,0
irbm,0,0,1,8
irish educational studies,0,0,1,4
irish historical studies,0,0,1,0
irish journal of medical science,0,0,1,3
irish political studies,0,0,1,1
irish studies review,0,0,1,0
irish theological quarterly,0,0,1,0
irish university review,0,0,1,0
irish veterinary journal,0,0,1,4
ironmaking and steelmaking,0,0,1,3
irrigation and drainage,0,0,1,3
irrigation science,0,0,1,7
isa transactions,0,0,1,16
iscience,0,0,1,10
isegoria,0,0,1,0
isij international,0,0,1,5
isis,0,0,1,1
islam and christian-muslim relations,0,0,1,0
islam-zeitschrift fuer geschichte und kultur des islamischen orients,0,0,1,0
islamic law and society,0,0,1,0
island arc,0,0,1,2
island studies journal,0,0,1,3
isle-interdisciplinary studies in literature and environment,0,0,1,0
isme journal,0,0,1,21
isokinetics and exercise science,0,0,1,1
isotopes in environmental and health studies,0,0,1,3
isprs international journal of geo-information,0,0,1,8
isprs journal of photogrammetry and remote sensing,0,0,1,25
israel affairs,0,0,1,1
israel journal of chemistry,0,0,1,5
israel journal of health policy research,0,0,1,4
israel journal of mathematics,0,0,1,2
israel journal of plant sciences,0,0,1,1
issues in mental health nursing,0,0,1,3
it professional,0,0,1,1
italian journal of agronomy,0,0,1,5
italian journal of geosciences,0,0,1,3
italian journal of pediatrics,0,0,1,5
italian studies,0,0,1,0
itinerario-international journal on the history of european expansion and global interaction,0,0,1,0
iubmb life,0,0,1,5
iucrj,0,0,1,7
izvestiya atmospheric and oceanic physics,0,0,1,2
izvestiya mathematics,0,0,1,2
izvestiya-physics of the solid earth,0,0,1,2
jaapa-journal of the american academy of physician assistants,0,0,1,1
jacc cardiooncology,0,0,1,8
jacc-basic to translational science,0,0,1,5
jacc-cardiovascular imaging,0,0,1,10
jacc-cardiovascular interventions,0,0,1,2
jacc-heart failure,0,0,1,6
jahrbuch fuer internationale germanistik,0,0,1,0
jahrbuch musikpsychologieyearbook of music psychology,0,0,1,1
jahrbucher fuer geschichte osteuropas,0,0,1,0
jahrbucher fuer nationalokonomie und statistik,0,0,1,2
jaids-journal of acquired immune deficiency syndromes,0,0,1,6
jama cardiology,0,0,1,14
jama dermatology,0,0,1,8
jama internal medicine,0,0,1,7
jama network open,0,0,1,17
jama neurology,0,0,1,20
jama oncology,0,0,1,15
jama ophthalmology,0,0,1,5
jama otolaryngology-head and neck surgery,0,0,1,7
jama pediatrics,0,0,1,10
jama psychiatry,0,0,1,21
jama surgery,0,0,1,8
jama-journal of the american medical association,0,0,1,5
james joyce quarterly,0,0,1,0
janac-journal of the association of nurses in aids care,0,0,1,2
japan and the world economy,0,0,1,4
japan journal of industrial and applied mathematics,0,0,1,2
japan journal of nursing science,0,0,1,3
japanese dental science review,0,0,1,19
japanese economic review,0,0,1,1
japanese journal of applied entomology and zoology,0,0,1,0
japanese journal of applied physics,0,0,1,4
japanese journal of infectious diseases,0,0,1,3
japanese journal of ophthalmology,0,0,1,3
japanese journal of political science,0,0,1,2
japanese journal of radiology,0,0,1,5
japanese journal of religious studies,0,0,1,0
japanese psychological research,0,0,1,1
jaro-journal of the association for research in otolaryngology,0,0,1,10
jarq-japan agricultural research quarterly,0,0,1,2
jasss-the journal of artificial societies and social simulation,0,0,1,5
javma-journal of the american veterinary medical association,0,0,1,2
javnost-the public,0,0,1,2
jci insight,1,1,1,16
jcms-journal of cinema and media studies,0,0,1,0
jcms-journal of common market studies,0,0,1,6
jco precision oncology,0,0,1,6
jcpsp-journal of the college of physicians and surgeons pakistan,0,0,1,1
jcr-journal of clinical rheumatology,0,0,1,3
jetp letters,0,0,1,3
jewish history,0,0,1,0
jfr-journal of family research,0,0,1,5
jhep reports,0,0,1,10
jmir medical informatics,0,0,1,9
jmir mental health,0,0,1,16
jmir mhealth and uhealth,0,0,1,14
jmir public health and surveillance,0,0,1,8
jmir serious games,0,0,1,12
jnci-journal of the national cancer institute,0,0,1,8
jnp- the journal for nurse practitioners,0,0,1,1
jnt-journal of narrative theory,0,0,1,0
jognn-journal of obstetric gynecologic and neonatal nursing,0,0,1,0
johnson matthey technology review,0,0,1,3
joint bone spine,0,0,1,6
jom,0,0,1,4
jor spine,0,0,1,5
jornal de pediatria,0,0,1,6
joule,0,0,1,56
journal awwa,0,0,1,0
journal danalyse mathematique,0,0,1,3
journal de mathematiques pures et appliquees,0,0,1,5
journal de mycologie medicale,0,0,1,5
journal der deutschen dermatologischen gesellschaft,0,0,1,1
journal for eighteenth-century studies,0,0,1,0
journal for general philosophy of science,0,0,1,1
journal for healthcare quality,0,0,1,1
journal for immunotherapy of cancer,1,2,1,20
journal for nature conservation,0,0,1,6
journal for research in mathematics education,0,0,1,6
journal for specialists in pediatric nursing,0,0,1,3
journal for the history of astronomy,0,0,1,1
journal for the scientific study of religion,0,0,1,4
journal for the study of education and development,0,0,1,3
journal for the study of judaism,0,0,1,0
journal for the study of the new testament,0,0,1,0
journal for the study of the old testament,0,0,1,0
journal for the theory of social behaviour,0,0,1,3
journal francais dophtalmologie,0,0,1,1
journal fuer die reine und angewandte mathematik,0,0,1,2
journal of aapos,0,0,1,1
journal of academic librarianship,0,0,1,6
journal of accounting and economics,0,0,1,17
journal of accounting and public policy,0,0,1,5
journal of accounting research,0,0,1,14
journal of addiction medicine,0,0,1,5
journal of addictions nursing,0,0,1,1
journal of adhesion,0,0,1,5
journal of adhesion science and technology,0,0,1,6
journal of adolescence,0,0,1,6
journal of adolescent and adult literacy,0,0,1,2
journal of adolescent and young adult oncology,0,0,1,4
journal of adolescent health,0,0,1,5
journal of adolescent research,0,0,1,7
journal of adult development,0,0,1,5
journal of advanced ceramics,0,0,1,31
journal of advanced concrete technology,0,0,1,6
journal of advanced mechanical design systems and manufacturing,0,0,1,2
journal of advanced nursing,0,0,1,5
journal of advanced prosthodontics,0,0,1,6
journal of advanced research,1,1,1,16
journal of advanced transportation,0,0,1,5
journal of advances in modeling earth systems,0,0,1,9
journal of advertising,0,0,1,16
journal of advertising research,0,0,1,5
journal of aerosol medicine and pulmonary drug delivery,0,0,1,4
journal of aerosol science,0,0,1,7
journal of aerospace engineering,0,0,1,4
journal of aesthetic education,0,0,1,1
journal of aesthetics and art criticism,0,0,1,1
journal of affective disorders,0,0,1,12
journal of african cultural studies,0,0,1,2
journal of african earth sciences,0,0,1,5
journal of african economies,0,0,1,3
journal of african history,0,0,1,0
journal of african law,0,0,1,0
journal of african media studies,0,0,1,3
journal of aggression maltreatment and trauma,0,0,1,3
journal of aging and health,0,0,1,5
journal of aging and physical activity,0,0,1,4
journal of aging and social policy,0,0,1,4
journal of aging studies,0,0,1,6
journal of agrarian change,0,0,1,5
journal of agricultural and environmental ethics,0,0,1,4
journal of agricultural and food chemistry,1,1,1,12
journal of agricultural biological and environmental statistics,0,0,1,2
journal of agricultural economics,0,0,1,8
journal of agricultural education and extension,0,0,1,4
journal of agricultural engineering,0,0,1,3
journal of agricultural meteorology,0,0,1,2
journal of agricultural science,0,0,1,3
journal of agricultural sciences-tarim bilimleri dergisi,0,0,1,2
journal of agromedicine,0,0,1,3
journal of agronomy and crop science,0,0,1,4
journal of air transport management,0,0,1,10
journal of aircraft,0,0,1,3
journal of algebra,0,0,1,2
journal of algebra and its applications,0,0,1,1
journal of algebraic combinatorics,0,0,1,2
journal of algebraic geometry,0,0,1,2
journal of allergy and clinical immunology,0,0,1,1
journal of allergy and clinical immunology-in practice,0,0,1,8
journal of alloys and compounds,0,0,1,15
journal of alzheimers disease,0,0,1,7
journal of ambient intelligence and smart environments,0,0,1,3
journal of american college health,0,0,1,4
journal of american ethnic history,0,0,1,0
journal of american folklore,0,0,1,0
journal of american history,0,0,1,0
journal of american studies,0,0,1,0
journal of analytical and applied pyrolysis,0,0,1,14
journal of analytical atomic spectrometry,0,0,1,7
journal of analytical chemistry,0,0,1,3
journal of analytical methods in chemistry,0,0,1,6
journal of analytical toxicology,0,0,1,6
journal of anatomy,0,0,1,4
journal of anesthesia,0,0,1,3
journal of anglican studies,0,0,1,0
journal of animal and feed sciences,0,0,1,4
journal of animal breeding and genetics,0,0,1,4
journal of animal ecology,0,0,1,8
journal of animal physiology and animal nutrition,0,0,1,5
journal of animal science,0,0,1,1
journal of animal science and biotechnology,0,0,1,16
journal of animal science and technology,0,0,1,5
journal of anthropological archaeology,0,0,1,6
journal of anthropological research,0,0,1,0
journal of antibiotics,0,0,1,5
journal of antimicrobial chemotherapy,0,0,1,8
journal of anxiety disorders,0,0,1,10
journal of aoac international,0,0,1,4
journal of apicultural research,0,0,1,4
journal of applied analysis and computation,0,0,1,1
journal of applied animal research,0,0,1,5
journal of applied animal welfare science,0,0,1,3
journal of applied behavior analysis,0,0,1,7
journal of applied behavioral science,0,0,1,6
journal of applied biomaterials and functional materials,0,0,1,4
journal of applied biomechanics,0,0,1,3
journal of applied biomedicine,0,0,1,5
journal of applied clinical medical physics,0,0,1,4
journal of applied communication research,0,0,1,4
journal of applied crystallography,0,0,1,5
journal of applied developmental psychology,0,0,1,5
journal of applied ecology,0,0,1,10
journal of applied econometrics,0,0,1,4
journal of applied economics,0,0,1,6
journal of applied electrochemistry,0,0,1,7
journal of applied entomology,0,0,1,4
journal of applied fluid mechanics,0,0,1,1
journal of applied genetics,0,0,1,4
journal of applied geophysics,0,0,1,5
journal of applied gerontology,0,0,1,5
journal of applied ichthyology,0,0,1,2
journal of applied mathematics and computing,0,0,1,4
journal of applied mechanics and technical physics,0,0,1,2
journal of applied mechanics-transactions of the asme,0,0,1,6
journal of applied meteorology and climatology,0,0,1,3
journal of applied microbiology,0,0,1,15
journal of applied oral science,0,0,1,6
journal of applied philosophy,0,0,1,2
journal of applied phycology,0,0,1,7
journal of applied physics,0,0,1,5
journal of applied physiology,0,0,1,7
journal of applied polymer science,0,0,1,6
journal of applied poultry research,0,0,1,4
journal of applied probability,0,0,1,2
journal of applied psychology,0,0,1,16
journal of applied remote sensing,0,0,1,3
journal of applied research in intellectual disabilities,0,0,1,4
journal of applied research in memory and cognition,0,0,1,4
journal of applied research on medicinal and aromatic plants,0,0,1,5
journal of applied social psychology,0,0,1,4
journal of applied spectroscopy,0,0,1,2
journal of applied sport psychology,0,0,1,7
journal of applied statistics,0,0,1,2
journal of applied toxicology,0,0,1,4
journal of approximation theory,0,0,1,1
journal of aquatic animal health,0,0,1,3
journal of aquatic food product technology,0,0,1,4
journal of arabic literature,0,0,1,0
journal of arachnology,0,0,1,2
journal of archaeological method and theory,0,0,1,4
journal of archaeological research,0,0,1,9
journal of archaeological science,0,0,1,5
journal of archaeological science-reports,0,0,1,2
journal of architectural conservation,0,0,1,2
journal of architectural education,0,0,1,0
journal of architecture,0,0,1,1
journal of arid environments,0,0,1,6
journal of arid land,0,0,1,7
journal of arthroplasty,0,0,1,7
journal of arthropod-borne diseases,0,0,1,1
journal of artificial intelligence research,0,0,1,5
journal of artificial organs,0,0,1,2
journal of arts management law and society,0,0,1,1
journal of asia-pacific entomology,0,0,1,3
journal of asian and african studies,0,0,1,2
journal of asian architecture and building engineering,0,0,1,3
journal of asian ceramic societies,0,0,1,6
journal of asian earth sciences,0,0,1,6
journal of asian economics,0,0,1,6
journal of asian history,0,0,1,0
journal of asian natural products research,0,0,1,2
journal of asian public policy,0,0,1,3
journal of asian studies,0,0,1,0
journal of assisted reproduction and genetics,0,0,1,5
journal of asthma,0,0,1,3
journal of asthma and allergy,0,0,1,7
journal of astronomical telescopes instruments and systems,0,0,1,2
journal of astrophysics and astronomy,0,0,1,6
journal of atherosclerosis and thrombosis,0,0,1,7
journal of athletic training,0,0,1,4
journal of atmospheric and oceanic technology,0,0,1,4
journal of atmospheric and solar-terrestrial physics,0,0,1,4
journal of attention disorders,0,0,1,6
journal of australian studies,0,0,1,0
journal of autism and developmental disorders,0,0,1,5
journal of autoimmunity,0,0,1,15
journal of automated reasoning,0,0,1,2
journal of avian biology,0,0,1,3
journal of avian medicine and surgery,0,0,1,1
journal of back and musculoskeletal rehabilitation,0,0,1,3
journal of bacteriology,0,0,1,8
journal of balkan and near eastern studies,0,0,1,2
journal of baltic science education,0,0,1,3
journal of baltic studies,0,0,1,1
journal of banking and finance,0,0,1,11
journal of basic microbiology,0,0,1,5
journal of beckett studies,0,0,1,0
journal of behavior therapy and experimental psychiatry,0,0,1,6
journal of behavioral addictions,0,0,1,12
journal of behavioral and experimental economics,0,0,1,3
journal of behavioral and experimental finance,0,0,1,8
journal of behavioral decision making,0,0,1,3
journal of behavioral education,0,0,1,3
journal of behavioral finance,0,0,1,3
journal of behavioral health services and research,0,0,1,2
journal of behavioral medicine,0,0,1,6
journal of beliefs and values-studies in religion and education,0,0,1,2
journal of benefit-cost analysis,0,0,1,4
journal of berry research,0,0,1,4
journal of biblical literature,0,0,1,0
journal of big data,0,0,1,15
journal of bioactive and compatible polymers,0,0,1,6
journal of biobased materials and bioenergy,0,0,1,1
journal of biochemical and molecular toxicology,0,0,1,6
journal of biochemistry,0,0,1,5
journal of bioenergetics and biomembranes,0,0,1,7
journal of bioethical inquiry,0,0,1,4
journal of biogeography,0,0,1,7
journal of bioinformatics and computational biology,0,0,1,2
journal of biological chemistry,0,0,1,5
journal of biological dynamics,0,0,1,5
journal of biological education,0,0,1,3
journal of biological engineering,0,0,1,10
journal of biological physics,0,0,1,5
journal of biological rhythms,0,0,1,7
journal of biological systems,0,0,1,3
journal of biomaterials and tissue engineering,0,0,1,1
journal of biomaterials applications,0,0,1,6
journal of biomaterials science-polymer edition,0,0,1,7
journal of biomechanical engineering-transactions of the asme,0,0,1,4
journal of biomechanics,0,0,1,6
journal of biomedical informatics,0,0,1,13
journal of biomedical materials research part a,0,0,1,7
journal of biomedical materials research part b-applied biomaterials,0,0,1,7
journal of biomedical nanotechnology,0,0,1,1
journal of biomedical optics,0,0,1,6
journal of biomedical semantics,0,0,1,5
journal of biomolecular nmr,0,0,1,6
journal of biomolecular structure and dynamics,0,0,1,6
journal of bionic engineering,0,0,1,10
journal of biopharmaceutical statistics,0,0,1,3
journal of biophotonics,0,0,1,4
journal of bioscience and bioengineering,0,0,1,7
journal of biosciences,0,0,1,10
journal of biosocial science,0,0,1,4
journal of biotechnology,0,0,1,8
journal of black psychology,0,0,1,5
journal of black studies,0,0,1,1
journal of bone and joint surgery-american volume,0,0,1,6
journal of bone and mineral metabolism,0,0,1,6
journal of bone and mineral research,0,0,1,6
journal of bone oncology,0,0,1,7
journal of brand management,0,0,1,10
journal of breast cancer,0,0,1,4
journal of bridge engineering,0,0,1,8
journal of british cinema and television,0,0,1,0
journal of british studies,0,0,1,0
journal of broadcasting and electronic media,0,0,1,3
journal of bryology,0,0,1,1
journal of building engineering,0,0,1,8
journal of building performance simulation,0,0,1,6
journal of building physics,0,0,1,3
journal of burn care and research,0,0,1,1
journal of business and economic statistics,0,0,1,5
journal of business and industrial marketing,0,0,1,10
journal of business and psychology,0,0,1,8
journal of business and technical communication,0,0,1,5
journal of business economics and management,0,0,1,7
journal of business ethics,0,0,1,11
journal of business finance and accounting,0,0,1,6
journal of business logistics,0,0,1,14
journal of business research,0,0,1,28
journal of business venturing,0,0,1,22
journal of business-to-business marketing,0,0,1,5
journal of cachexia sarcopenia and muscle,0,0,1,17
journal of canadian studies-revue detudes canadiennes,0,0,1,1
journal of cancer,0,0,1,7
journal of cancer education,0,0,1,2
journal of cancer research and clinical oncology,1,1,1,9
journal of cancer research and therapeutics,0,0,1,3
journal of cancer survivorship,0,0,1,6
journal of carbohydrate chemistry,0,0,1,2
journal of cardiac failure,0,0,1,1
journal of cardiac surgery,0,0,1,3
journal of cardiology,0,0,1,7
journal of cardiopulmonary rehabilitation and prevention,0,0,1,4
journal of cardiothoracic and vascular anesthesia,0,0,1,3
journal of cardiothoracic surgery,0,0,1,3
journal of cardiovascular computed tomography,0,0,1,0
journal of cardiovascular development and disease,0,0,1,4
journal of cardiovascular electrophysiology,0,0,1,3
journal of cardiovascular medicine,0,0,1,3
journal of cardiovascular nursing,0,0,1,3
journal of cardiovascular pharmacology,0,0,1,7
journal of cardiovascular pharmacology and therapeutics,0,0,1,5
journal of cardiovascular surgery,0,0,1,2
journal of cardiovascular translational research,0,0,1,5
journal of career assessment,0,0,1,7
journal of career development,0,0,1,6
journal of catalysis,0,0,1,15
journal of cataract and refractive surgery,0,0,1,6
journal of cave and karst studies,0,0,1,1
journal of cell biology,0,0,1,15
journal of cell communication and signaling,0,0,1,8
journal of cell science,0,0,1,7
journal of cellular and molecular medicine,0,0,1,8
journal of cellular biochemistry,0,0,1,6
journal of cellular physiology,0,0,1,8
journal of cellular plastics,0,0,1,6
journal of central south university,0,0,1,9
journal of cereal science,0,0,1,8
journal of cerebral blood flow and metabolism,0,0,1,10
journal of chemical and engineering data,0,0,1,5
journal of chemical crystallography,0,0,1,2
journal of chemical ecology,0,0,1,4
journal of chemical education,0,0,1,6
journal of chemical engineering of japan,0,0,1,3
journal of chemical information and modeling,0,0,1,10
journal of chemical neuroanatomy,0,0,1,7
journal of chemical physics,0,0,1,7
journal of chemical research,0,0,1,3
journal of chemical sciences,0,0,1,4
journal of chemical technology and biotechnology,0,0,1,6
journal of chemical theory and computation,0,0,1,11
journal of chemical thermodynamics,0,0,1,7
journal of cheminformatics,0,0,1,13
journal of chemistry,0,0,1,6
journal of chemometrics,0,0,1,3
journal of chemotherapy,0,0,1,3
journal of child and adolescent psychopharmacology,0,0,1,4
journal of child and family studies,0,0,1,5
journal of child health care,0,0,1,4
journal of child language,0,0,1,3
journal of child neurology,0,0,1,3
journal of child psychology and psychiatry,0,0,1,10
journal of child sexual abuse,0,0,1,3
journal of children and media,0,0,1,3
journal of childrens orthopaedics,0,0,1,4
journal of chinese governance,0,0,1,6
journal of chinese literature and culture,0,0,1,0
journal of chinese philosophy,0,0,1,0
journal of chinese political science,0,0,1,9
journal of choice modelling,0,0,1,6
journal of chromatographic science,0,0,1,3
journal of chromatography a,0,0,1,10
journal of chromatography b-analytical technologies in the biomedical and life sciences,0,0,1,6
journal of church and state,0,0,1,0
journal of circuits systems and computers,0,0,1,2
journal of civil engineering and management,0,0,1,7
journal of civil structural health monitoring,0,0,1,9
journal of classification,0,0,1,3
journal of cleaner production,0,0,1,27
journal of climate,0,0,1,7
journal of clinical and experimental neuropsychology,0,0,1,4
journal of clinical and translational hepatology,0,0,1,5
journal of clinical anesthesia,0,0,1,5
journal of clinical apheresis,0,0,1,2
journal of clinical biochemistry and nutrition,0,0,1,5
journal of clinical child and adolescent psychology,0,0,1,9
journal of clinical densitometry,0,0,1,4
journal of clinical endocrinology and metabolism,0,0,1,9
journal of clinical epidemiology,0,0,1,8
journal of clinical gastroenterology,0,0,1,10
journal of clinical hypertension,0,0,1,5
journal of clinical immunology,0,0,1,8
journal of clinical laboratory analysis,0,0,1,8
journal of clinical lipidology,0,0,1,2
journal of clinical medicine,0,0,1,7
journal of clinical microbiology,0,0,1,8
journal of clinical monitoring and computing,0,0,1,6
journal of clinical neurology,0,0,1,5
journal of clinical neurophysiology,0,0,1,3
journal of clinical neuroscience,0,0,1,4
journal of clinical nursing,0,0,1,7
journal of clinical oncology,0,0,1,1
journal of clinical pathology,0,0,1,4
journal of clinical pediatric dentistry,0,0,1,3
journal of clinical periodontology,0,0,1,11
journal of clinical pharmacology,0,0,1,4
journal of clinical pharmacy and therapeutics,0,0,1,5
journal of clinical psychology,0,0,1,6
journal of clinical psychology in medical settings,0,0,1,4
journal of clinical psychopharmacology,0,0,1,3
journal of clinical research in pediatric endocrinology,0,0,1,3
journal of clinical sleep medicine,0,0,1,7
journal of clinical sport psychology,0,0,1,4
journal of clinical ultrasound,0,0,1,2
journal of clinical virology,0,0,1,9
journal of cloud computing-advances systems and applications,0,0,1,13
journal of cluster science,0,0,1,8
journal of co2 utilization,0,0,1,20
journal of coastal conservation,0,0,1,5
journal of coastal research,0,0,1,1
journal of coatings technology and research,0,0,1,6
journal of cognition and development,0,0,1,4
journal of cognitive neuroscience,0,0,1,7
journal of cognitive psychology,0,0,1,3
journal of cognitive psychotherapy,0,0,1,2
journal of cold regions engineering,0,0,1,4
journal of cold war studies,0,0,1,0
journal of college student development,0,0,1,3
journal of colloid and interface science,0,0,1,26
journal of combinatorial designs,0,0,1,1
journal of combinatorial optimization,0,0,1,2
journal of combinatorial theory series a,0,0,1,3
journal of combinatorial theory series b,0,0,1,3
journal of commodity markets,0,0,1,7
journal of commonwealth literature,0,0,1,1
journal of communication,0,0,1,9
journal of communication disorders,0,0,1,5
journal of communications and networks,0,0,1,4
journal of communications technology and electronics,0,0,1,1
journal of community and applied social psychology,0,0,1,3
journal of community health,0,0,1,5
journal of community health nursing,0,0,1,3
journal of community psychology,0,0,1,6
journal of commutative algebra,0,0,1,1
journal of comparative economics,0,0,1,9
journal of comparative effectiveness research,0,0,1,5
journal of comparative family studies,0,0,1,2
journal of comparative neurology,0,0,1,5
journal of comparative pathology,0,0,1,0
journal of comparative physiology a-neuroethology sensory neural and behavioral physiology,0,0,1,6
journal of comparative physiology b-biochemical systems and environmental physiology,0,0,1,4
journal of comparative policy analysis,0,0,1,3
journal of comparative psychology,0,0,1,1
journal of competition law and economics,0,0,1,2
journal of competitiveness,0,0,1,6
journal of complexity,0,0,1,3
journal of composite materials,0,0,1,6
journal of composites for construction,0,0,1,11
journal of computational and applied mathematics,0,0,1,6
journal of computational and graphical statistics,0,0,1,3
journal of computational and nonlinear dynamics,0,0,1,3
journal of computational biophysics and chemistry,0,0,1,2
journal of computational chemistry,0,0,1,4
journal of computational electronics,0,0,1,4
journal of computational mathematics,0,0,1,2
journal of computational neuroscience,0,0,1,3
journal of computational physics,0,0,1,8
journal of computational science,0,0,1,8
journal of computer and system sciences,0,0,1,3
journal of computer and systems sciences international,0,0,1,1
journal of computer assisted learning,0,0,1,11
journal of computer assisted tomography,0,0,1,3
journal of computer information systems,0,0,1,7
journal of computer languages,0,0,1,3
journal of computer science and technology,0,0,1,4
journal of computer-aided molecular design,0,0,1,5
journal of computer-mediated communication,0,0,1,13
journal of computing and information science in engineering,0,0,1,7
journal of computing in civil engineering,0,0,1,12
journal of computing in higher education,0,0,1,9
journal of conflict resolution,0,0,1,5
journal of construction engineering and management,0,0,1,12
journal of constructional steel research,0,0,1,11
journal of constructivist psychology,0,0,1,2
journal of consulting and clinical psychology,0,0,1,7
journal of consumer affairs,0,0,1,7
journal of consumer behaviour,0,0,1,11
journal of consumer culture,0,0,1,5
journal of consumer protection and food safety,0,0,1,3
journal of consumer psychology,0,0,1,9
journal of consumer research,0,0,1,12
journal of contaminant hydrology,0,0,1,10
journal of contemporary accounting and economics,0,0,1,5
journal of contemporary asia,0,0,1,3
journal of contemporary brachytherapy,0,0,1,3
journal of contemporary china,0,0,1,6
journal of contemporary criminal justice,0,0,1,2
journal of contemporary ethnography,0,0,1,2
journal of contemporary european studies,0,0,1,3
journal of contemporary history,0,0,1,0
journal of contemporary mathematical analysis-armenian academy of sciences,0,0,1,1
journal of contemporary physics-armenian academy of sciences,0,0,1,2
journal of contemporary religion,0,0,1,0
journal of contextual behavioral science,0,0,1,7
journal of contingencies and crisis management,0,0,1,5
journal of continuing education in nursing,0,0,1,2
journal of continuing education in the health professions,0,0,1,4
journal of controlled release,0,0,1,23
journal of coordination chemistry,0,0,1,3
journal of corporate finance,0,0,1,16
journal of corporate law studies,0,0,1,2
journal of correctional health care,0,0,1,2
journal of cosmetic and laser therapy,0,0,1,3
journal of cosmetic dermatology,0,0,1,5
journal of cosmology and astroparticle physics,0,0,1,13
journal of counseling and development,0,0,1,6
journal of counseling psychology,0,0,1,4
journal of cranio-maxillofacial surgery,0,0,1,3
journal of craniofacial surgery,0,0,1,1
journal of creative behavior,0,0,1,4
journal of crime and justice,0,0,1,2
journal of criminal justice,0,0,1,5
journal of critical care,0,0,1,5
journal of crohns and colitis,0,0,1,1
journal of cross-cultural psychology,0,0,1,6
journal of crustacean biology,0,0,1,2
journal of cryptographic engineering,0,0,1,3
journal of cryptology,0,0,1,5
journal of crystal growth,0,0,1,6
journal of cultural economics,0,0,1,3
journal of cultural economy,0,0,1,3
journal of cultural heritage,0,0,1,7
journal of current southeast asian affairs,0,0,1,4
journal of curriculum studies,0,0,1,4
journal of cutaneous medicine and surgery,0,0,1,1
journal of cutaneous pathology,0,0,1,2
journal of cystic fibrosis,0,0,1,0
journal of cytology,0,0,1,1
journal of dairy research,0,0,1,2
journal of dairy science,0,0,1,10
journal of deaf studies and deaf education,0,0,1,3
journal of democracy,0,0,1,7
journal of demographic economics,0,0,1,2
journal of dental education,0,0,1,2
journal of dental research,0,0,1,12
journal of dental sciences,0,0,1,5
journal of dentistry,0,0,1,9
journal of derivatives,0,0,1,0
journal of dermatological science,0,0,1,5
journal of dermatological treatment,0,0,1,7
journal of dermatology,0,0,1,3
journal of design history,0,0,1,0
journal of destination marketing and management,0,0,1,17
journal of development economics,0,0,1,11
journal of development effectiveness,0,0,1,2
journal of development studies,0,0,1,3
journal of developmental and behavioral pediatrics,0,0,1,6
journal of developmental and life-course criminology,0,0,1,4
journal of developmental and physical disabilities,0,0,1,4
journal of developmental origins of health and disease,0,0,1,4
journal of diabetes,0,0,1,5
journal of diabetes and its complications,0,0,1,6
journal of diabetes investigation,0,0,1,5
journal of diabetes research,0,0,1,8
journal of difference equations and applications,0,0,1,2
journal of differential equations,0,0,1,4
journal of differential geometry,0,0,1,3
journal of digestive diseases,0,0,1,4
journal of digital imaging,0,0,1,15
journal of disability policy studies,0,0,1,4
journal of dispersion science and technology,0,0,1,4
journal of diversity in higher education,0,0,1,7
journal of documentation,0,0,1,5
journal of drug delivery science and technology,0,0,1,9
journal of drug issues,0,0,1,3
journal of drug targeting,0,0,1,7
journal of dual diagnosis,0,0,1,4
journal of dynamic systems measurement and control-transactions of the asme,0,0,1,4
journal of dynamical and control systems,0,0,1,2
journal of dynamics and differential equations,0,0,1,3
journal of early adolescence,0,0,1,4
journal of early childhood literacy,0,0,1,3
journal of early christian studies,0,0,1,0
journal of early intervention,0,0,1,5
journal of early modern history,0,0,1,0
journal of earth science,0,0,1,8
journal of earth system science,0,0,1,4
journal of earthquake and tsunami,0,0,1,5
journal of earthquake engineering,0,0,1,5
journal of east asian studies,0,0,1,2
journal of east european management studies,0,0,1,1
journal of eastern african studies,0,0,1,3
journal of eating disorders,0,0,1,8
journal of ecclesiastical history,0,0,1,0
journal of ecology,0,0,1,10
journal of econometrics,0,0,1,8
journal of economic behavior and organization,0,0,1,7
journal of economic dynamics and control,0,0,1,4
journal of economic education,0,0,1,3
journal of economic entomology,0,0,1,5
journal of economic geography,0,0,1,6
journal of economic history,0,0,1,4
journal of economic inequality,0,0,1,4
journal of economic interaction and coordination,0,0,1,3
journal of economic issues,0,0,1,2
journal of economic literature,0,0,1,6
journal of economic methodology,0,0,1,1
journal of economic perspectives,0,0,1,24
journal of economic policy reform,0,0,1,5
journal of economic psychology,0,0,1,7
journal of economic surveys,0,0,1,8
journal of economic theory,0,0,1,4
journal of economics,0,0,1,1
journal of economics and management strategy,0,0,1,2
journal of ect,0,0,1,2
journal of ecumenical studies,0,0,1,0
journal of education for teaching,0,0,1,4
journal of education policy,0,0,1,5
journal of educational administration,0,0,1,5
journal of educational and behavioral statistics,0,0,1,4
journal of educational and psychological consultation,0,0,1,3
journal of educational change,0,0,1,7
journal of educational computing research,0,0,1,16
journal of educational measurement,0,0,1,2
journal of educational psychology,0,0,1,8
journal of educational research,0,0,1,2
journal of egyptian archaeology,0,0,1,0
journal of elasticity,0,0,1,4
journal of elastomers and plastics,0,0,1,4
journal of elder abuse and neglect,0,0,1,4
journal of elections public opinion and parties,0,0,1,2
journal of electrical engineering and technology,0,0,1,3
journal of electroanalytical chemistry,0,0,1,11
journal of electrocardiology,0,0,1,2
journal of electroceramics,0,0,1,4
journal of electrochemical energy conversion and storage,0,0,1,4
journal of electrochemical science and technology,0,0,1,5
journal of electromagnetic engineering and science,0,0,1,4
journal of electromagnetic waves and applications,0,0,1,2
journal of electromyography and kinesiology,0,0,1,5
journal of electron spectroscopy and related phenomena,0,0,1,3
journal of electronic imaging,0,0,1,2
journal of electronic materials,0,0,1,5
journal of electronic packaging,0,0,1,3
journal of electronic testing-theory and applications,0,0,1,3
journal of electrostatics,0,0,1,4
journal of elementology,0,0,1,0
journal of emergency medicine,0,0,1,2
journal of emergency nursing,0,0,1,2
journal of emotional and behavioral disorders,0,0,1,5
journal of empirical finance,0,0,1,7
journal of empirical legal studies,0,0,1,3
journal of empirical research on human research ethics,0,0,1,3
journal of employment counseling,0,0,1,2
journal of endocrinology,0,0,1,8
journal of endodontics,0,0,1,7
journal of endourology,0,0,1,6
journal of endovascular therapy,0,0,1,4
journal of energetic materials,0,0,1,3
journal of energy and natural resources law,0,0,1,2
journal of energy chemistry,0,0,1,36
journal of energy engineering,0,0,1,5
journal of energy in southern africa,0,0,1,5
journal of energy resources technology-transactions of the asme,0,0,1,8
journal of energy storage,0,0,1,20
journal of engineered fibers and fabrics,0,0,1,3
journal of engineering and technology management,0,0,1,8
journal of engineering design,0,0,1,6
journal of engineering education,0,0,1,10
journal of engineering for gas turbines and power-transactions of the asme,0,0,1,3
journal of engineering materials and technology-transactions of the asme,0,0,1,4
journal of engineering mathematics,0,0,1,3
journal of engineering mechanics,0,0,1,5
journal of engineering thermophysics,0,0,1,3
journal of english and germanic philology,0,0,1,0
journal of english for academic purposes,0,0,1,6
journal of english linguistics,0,0,1,1
journal of enhanced heat transfer,0,0,1,3
journal of enterprise information management,0,0,1,16
journal of entomological science,0,0,1,1
journal of environment and development,0,0,1,4
journal of environmental and engineering geophysics,0,0,1,2
journal of environmental and public health,0,0,1,3
journal of environmental chemical engineering,0,0,1,12
journal of environmental economics and management,0,0,1,10
journal of environmental education,0,0,1,6
journal of environmental engineering,0,0,1,4
journal of environmental engineering and landscape management,0,0,1,4
journal of environmental health science and engineering,0,0,1,9
journal of environmental informatics,0,0,1,3
journal of environmental law,0,0,1,2
journal of environmental management,0,0,1,17
journal of environmental pathology toxicology and oncology,0,0,1,4
journal of environmental planning and management,0,0,1,8
journal of environmental policy and planning,0,0,1,6
journal of environmental psychology,0,0,1,14
journal of environmental quality,0,0,1,5
journal of environmental radioactivity,0,0,1,5
journal of environmental science and health part a-toxichazardous substances and environmental engineering,0,0,1,5
journal of environmental science and health part b-pesticides food contaminants and agricultural wastes,0,0,1,6
journal of environmental science and management,0,0,1,1
journal of environmental sciences,0,0,1,16
journal of enzyme inhibition and medicinal chemistry,0,0,1,15
journal of epidemiology,0,0,1,8
journal of epidemiology and community health,0,0,1,6
journal of equine veterinary science,0,0,1,1
journal of essential oil bearing plants,0,0,1,5
journal of essential oil research,0,0,1,6
journal of esthetic and restorative dentistry,0,0,1,6
journal of ethnic and migration studies,0,0,1,8
journal of ethnicity in substance abuse,0,0,1,2
journal of ethnobiology,0,0,1,3
journal of ethnobiology and ethnomedicine,0,0,1,9
journal of ethnopharmacology,0,0,1,13
journal of ethology,0,0,1,2
journal of eukaryotic microbiology,0,0,1,5
journal of european integration,0,0,1,7
journal of european public policy,0,0,1,10
journal of european social policy,0,0,1,8
journal of european studies,0,0,1,0
journal of evaluation in clinical practice,0,0,1,2
journal of evidence based medicine,0,0,1,4
journal of evidence-based dental practice,0,0,1,4
journal of evidence-based psychotherapies,0,0,1,2
journal of evolution equations,0,0,1,3
journal of evolutionary biochemistry and physiology,0,0,1,1
journal of evolutionary biology,0,0,1,8
journal of evolutionary economics,0,0,1,5
journal of exercise science and fitness,0,0,1,9
journal of exotic pet medicine,0,0,1,1
journal of experimental and clinical cancer research,0,0,1,24
journal of experimental and clinical cancer research cr,1,1,0,
journal of experimental and theoretical artificial intelligence,0,0,1,5
journal of experimental and theoretical physics,0,0,1,3
journal of experimental biology,0,0,1,5
journal of experimental botany,0,0,1,14
journal of experimental child psychology,0,0,1,5
journal of experimental criminology,0,0,1,4
journal of experimental education,0,0,1,3
journal of experimental marine biology and ecology,0,0,1,5
journal of experimental medicine,0,0,1,23
journal of experimental nanoscience,0,0,1,9
journal of experimental psychology-animal learning and cognition,0,0,1,1
journal of experimental psychology-applied,0,0,1,4
journal of experimental psychology-general,0,0,1,5
journal of experimental psychology-human perception and performance,0,0,1,3
journal of experimental psychology-learning memory and cognition,0,0,1,3
journal of experimental psychopathology,0,0,1,5
journal of experimental social psychology,0,0,1,7
journal of experimental zoology part a-ecological and integrative physiology,0,0,1,3
journal of experimental zoology part b-molecular and developmental evolution,0,0,1,3
journal of exposure science and environmental epidemiology,0,0,1,10
journal of extracellular vesicles,0,0,1,24
journal of eye movement research,0,0,1,3
journal of family and economic issues,0,0,1,5
journal of family business strategy,0,0,1,14
journal of family history,0,0,1,0
journal of family issues,0,0,1,4
journal of family nursing,0,0,1,5
journal of family psychology,0,0,1,4
journal of family studies,0,0,1,3
journal of family theory and review,0,0,1,5
journal of family therapy,0,0,1,1
journal of family violence,0,0,1,4
journal of fashion marketing and management,0,0,1,7
journal of feline medicine and surgery,0,0,1,4
journal of fiber science and technology,0,0,1,1
journal of field archaeology,0,0,1,3
journal of field robotics,0,0,1,7
journal of film and video,0,0,1,0
journal of finance,0,0,1,26
journal of financial and quantitative analysis,0,0,1,9
journal of financial econometrics,0,0,1,4
journal of financial economics,0,0,1,37
journal of financial intermediation,0,0,1,7
journal of financial markets,0,0,1,5
journal of financial research,0,0,1,2
journal of financial services research,0,0,1,4
journal of financial stability,0,0,1,9
journal of fire sciences,0,0,1,3
journal of fish and wildlife management,0,0,1,2
journal of fish biology,0,0,1,4
journal of fish diseases,0,0,1,5
journal of fixed point theory and applications,0,0,1,2
journal of flood risk management,0,0,1,6
journal of flow chemistry,0,0,1,5
journal of fluency disorders,0,0,1,4
journal of fluid mechanics,0,0,1,9
journal of fluids and structures,0,0,1,9
journal of fluids engineering-transactions of the asme,0,0,1,4
journal of fluorescence,0,0,1,10
journal of fluorine chemistry,0,0,1,3
journal of food biochemistry,0,0,1,9
journal of food composition and analysis,0,0,1,9
journal of food engineering,0,0,1,14
journal of food measurement and characterization,0,0,1,6
journal of food process engineering,0,0,1,7
journal of food processing and preservation,0,0,1,8
journal of food protection,0,0,1,7
journal of food quality,0,0,1,8
journal of food safety,0,0,1,5
journal of food science,0,0,1,6
journal of food science and technology-mysore,0,0,1,6
journal of foot and ankle research,0,0,1,5
journal of foot and ankle surgery,0,0,1,4
journal of foraminiferal research,0,0,1,1
journal of forecasting,0,0,1,5
journal of forensic and legal medicine,0,0,1,3
journal of forensic nursing,0,0,1,2
journal of forensic psychiatry and psychology,0,0,1,2
journal of forensic psychology research and practice,0,0,1,2
journal of forensic sciences,0,0,1,3
journal of forest economics,0,0,1,1
journal of forest research,0,0,1,3
journal of forestry,0,0,1,2
journal of forestry research,0,0,1,10
journal of fourier analysis and applications,0,0,1,3
journal of french language studies,0,0,1,1
journal of freshwater ecology,0,0,1,3
journal of friction and wear,0,0,1,2
journal of function spaces,0,0,1,3
journal of functional analysis,0,0,1,3
journal of functional biomaterials,0,0,1,10
journal of functional foods,0,0,1,9
journal of functional programming,0,0,1,1
journal of fungi,0,0,1,10
journal of fusion energy,0,0,1,5
journal of futures markets,0,0,1,4
journal of gastric cancer,0,0,1,6
journal of gastroenterology,0,0,1,9
journal of gastroenterology and hepatology,0,0,1,5
journal of gastrointestinal and liver diseases,0,0,1,3
journal of gastrointestinal oncology,0,0,1,5
journal of gastrointestinal surgery,0,0,1,5
journal of gemmology,0,0,1,0
journal of gender studies,0,0,1,2
journal of gene medicine,0,0,1,5
journal of general and applied microbiology,0,0,1,2
journal of general internal medicine,0,0,1,5
journal of general physiology,0,0,1,8
journal of general plant pathology,0,0,1,3
journal of general psychology,0,0,1,2
journal of general virology,0,0,1,6
journal of genetic counseling,0,0,1,4
journal of genetic psychology,0,0,1,3
journal of genetics,0,0,1,9
journal of genetics and genomics,0,0,1,9
journal of geochemical exploration,0,0,1,8
journal of geodesy,0,0,1,8
journal of geodynamics,0,0,1,4
journal of geographical sciences,0,0,1,12
journal of geographical systems,0,0,1,5
journal of geography,0,0,1,3
journal of geography in higher education,0,0,1,4
journal of geology,0,0,1,3
journal of geometric analysis,0,0,1,2
journal of geometry and physics,0,0,1,2
journal of geophysical research-atmospheres,0,0,1,7
journal of geophysical research-biogeosciences,0,0,1,7
journal of geophysical research-earth surface,0,0,1,7
journal of geophysical research-oceans,0,0,1,7
journal of geophysical research-planets,0,0,1,7
journal of geophysical research-solid earth,0,0,1,9
journal of geophysical research-space physics,0,0,1,6
journal of geophysics and engineering,0,0,1,4
journal of geotechnical and geoenvironmental engineering,0,0,1,10
journal of geriatric oncology,0,0,1,1
journal of geriatric physical therapy,0,0,1,3
journal of geriatric psychiatry and neurology,0,0,1,6
journal of germanic linguistics,0,0,1,0
journal of gerontological nursing,0,0,1,2
journal of gerontological social work,0,0,1,2
journal of ginseng research,0,0,1,13
journal of glaciology,0,0,1,6
journal of glaucoma,0,0,1,5
journal of global antimicrobial resistance,0,0,1,6
journal of global health,0,0,1,8
journal of global history,0,0,1,2
journal of global information management,0,0,1,8
journal of global information technology management,0,0,1,2
journal of global optimization,0,0,1,4
journal of graph theory,0,0,1,2
journal of great lakes research,0,0,1,8
journal of green building,0,0,1,2
journal of grid computing,0,0,1,9
journal of group theory,0,0,1,1
journal of guidance control and dynamics,0,0,1,5
journal of gynecologic oncology,0,0,1,6
journal of gynecology obstetrics and human reproduction,0,0,1,3
journal of hand surgery-american volume,0,0,1,4
journal of hand surgery-european volume,0,0,1,3
journal of hand therapy,0,0,1,3
journal of happiness studies,0,0,1,8
journal of hard tissue biology,0,0,1,1
journal of hazardous materials,0,0,1,25
journal of head trauma rehabilitation,0,0,1,5
journal of headache and pain,0,0,1,27
journal of health and social behavior,0,0,1,8
journal of health communication,0,0,1,6
journal of health economics,0,0,1,10
journal of health organization and management,0,0,1,4
journal of health politics policy and law,0,0,1,4
journal of health psychology,0,0,1,3
journal of health services research and policy,0,0,1,6
journal of healthcare engineering,0,0,1,4
journal of healthcare management,0,0,1,2
journal of heart and lung transplantation,0,0,1,0
journal of heat transfer-transactions of the asme,0,0,1,9
journal of hellenic studies,0,0,1,0
journal of helminthology,0,0,1,3
journal of hematology and oncology,0,0,1,54
journal of hematopathology,0,0,1,1
journal of hepato-biliary-pancreatic sciences,0,0,1,4
journal of hepatology,0,0,1,0
journal of herbal medicine,0,0,1,5
journal of heredity,0,0,1,5
journal of herpetology,0,0,1,2
journal of heterocyclic chemistry,0,0,1,5
journal of heuristics,0,0,1,3
journal of high energy astrophysics,0,0,1,6
journal of high energy physics,0,0,1,11
journal of higher education,0,0,1,6
journal of higher education policy and management,0,0,1,5
journal of hip preservation surgery,0,0,1,0
journal of histochemistry and cytochemistry,0,0,1,3
journal of historical geography,0,0,1,1
journal of historical sociology,0,0,1,1
journal of histotechnology,0,0,1,2
journal of holy land and palestine studies,0,0,1,0
journal of homosexuality,0,0,1,4
journal of homotopy and related structures,0,0,1,1
journal of horticultural science and biotechnology,0,0,1,4
journal of hospice and palliative nursing,0,0,1,2
journal of hospital infection,0,0,1,6
journal of hospital medicine,0,0,1,2
journal of hospitality and tourism management,0,0,1,21
journal of hospitality and tourism research,0,0,1,11
journal of hospitality and tourism technology,0,0,1,13
journal of hospitality leisure sport and tourism education,0,0,1,7
journal of hospitality marketing and management,0,0,1,20
journal of housing and the built environment,0,0,1,6
journal of housing economics,0,0,1,5
journal of human capital,0,0,1,2
journal of human development and capabilities,0,0,1,2
journal of human evolution,0,0,1,7
journal of human genetics,0,0,1,4
journal of human hypertension,0,0,1,10
journal of human lactation,0,0,1,3
journal of human nutrition and dietetics,0,0,1,5
journal of human resources,0,0,1,3
journal of human rights,0,0,1,3
journal of humanistic psychology,0,0,1,1
journal of hydraulic engineering,0,0,1,5
journal of hydraulic research,0,0,1,4
journal of hydro-environment research,0,0,1,6
journal of hydrodynamics,0,0,1,7
journal of hydroinformatics,0,0,1,6
journal of hydrologic engineering,0,0,1,4
journal of hydrology,0,0,1,16
journal of hydrology-regional studies,0,0,1,5
journal of hydrometeorology,0,0,1,5
journal of hymenoptera research,0,0,1,3
journal of hyperbolic differential equations,0,0,1,3
journal of hypertension,0,0,1,0
journal of iberian geology,0,0,1,2
journal of ichthyology,0,0,1,2
journal of immigrant and minority health,0,0,1,3
journal of immigrant and refugee studies,0,0,1,4
journal of immunological methods,0,0,1,4
journal of immunology,0,0,1,0
journal of immunology research,0,0,1,10
journal of immunotherapy,0,0,1,7
journal of immunotoxicology,0,0,1,5
journal of imperial and commonwealth history,0,0,1,0
journal of inclusion phenomena and macrocyclic chemistry,0,0,1,4
journal of indian philosophy,0,0,1,0
journal of individual differences,0,0,1,3
journal of industrial and engineering chemistry,0,0,1,14
journal of industrial ecology,0,0,1,11
journal of industrial economics,0,0,1,3
journal of industrial information integration,0,0,1,9
journal of industrial microbiology and biotechnology,0,0,1,9
journal of industrial relations,0,0,1,3
journal of industrial textiles,0,0,1,6
journal of inequalities and applications,0,0,1,3
journal of infection,0,0,1,9
journal of infection and chemotherapy,0,0,1,4
journal of infection and public health,0,0,1,8
journal of infection in developing countries,0,0,1,3
journal of infectious diseases,0,0,1,7
journal of inflammation research,0,0,1,7
journal of inflammation-london,0,0,1,8
journal of information display,0,0,1,7
journal of information science,0,0,1,5
journal of information security and applications,0,0,1,6
journal of information systems,0,0,1,3
journal of information technology,0,0,1,13
journal of information technology and politics,0,0,1,4
journal of informetrics,0,0,1,8
journal of infrared millimeter and terahertz waves,0,0,1,5
journal of infrastructure systems,0,0,1,6
journal of inherited metabolic disease,0,0,1,7
journal of innate immunity,0,0,1,9
journal of innovation and knowledge,0,0,1,29
journal of innovative optical health sciences,0,0,1,5
journal of inorganic and organometallic polymers and materials,0,0,1,9
journal of inorganic biochemistry,0,0,1,8
journal of inorganic materials,0,0,1,3
journal of insect behavior,0,0,1,2
journal of insect conservation,0,0,1,5
journal of insect physiology,0,0,1,6
journal of insect science,0,0,1,5
journal of insects as food and feed,0,0,1,5
journal of institutional and theoretical economics-zeitschrift fuer die gesamte staatswissenschaft,0,0,1,0
journal of institutional economics,0,0,1,4
journal of instrumentation,0,0,1,3
journal of integral equations and applications,0,0,1,2
journal of integrated pest management,0,0,1,5
journal of integrative agriculture,0,0,1,9
journal of integrative medicine-jim,0,0,1,9
journal of integrative neuroscience,0,0,1,6
journal of integrative plant biology,0,0,1,16
journal of intellectual and developmental disability,0,0,1,3
journal of intellectual capital,0,0,1,12
journal of intellectual disabilities,0,0,1,4
journal of intellectual disability research,0,0,1,3
journal of intelligence,0,0,1,7
journal of intelligent and fuzzy systems,0,0,1,3
journal of intelligent and robotic systems,0,0,1,10
journal of intelligent information systems,0,0,1,6
journal of intelligent manufacturing,0,0,1,13
journal of intelligent material systems and structures,0,0,1,6
journal of intelligent transportation systems,0,0,1,7
journal of intensive care,0,0,1,11
journal of intensive care medicine,0,0,1,5
journal of interactive marketing,0,0,1,16
journal of interdisciplinary history,0,0,1,0
journal of interferon and cytokine research,0,0,1,4
journal of interior design,0,0,1,3
journal of internal medicine,0,0,1,11
journal of international business studies,0,0,1,19
journal of international criminal justice,0,0,1,1
journal of international development,0,0,1,4
journal of international dispute settlement,0,0,1,1
journal of international economic law,0,0,1,2
journal of international economics,0,0,1,9
journal of international financial management and accounting,0,0,1,9
journal of international financial markets institutions and money,0,0,1,14
journal of international management,0,0,1,11
journal of international marketing,0,0,1,11
journal of international medical research,0,0,1,4
journal of international money and finance,0,0,1,8
journal of international relations and development,0,0,1,5
journal of international trade and economic development,0,0,1,5
journal of interpersonal violence,0,0,1,5
journal of interprofessional care,0,0,1,5
journal of intervention and statebuilding,0,0,1,5
journal of interventional cardiac electrophysiology,0,0,1,7
journal of interventional cardiology,0,0,1,5
journal of inverse and ill-posed problems,0,0,1,2
journal of invertebrate pathology,0,0,1,5
journal of investigational allergology and clinical immunology,0,0,1,4
journal of investigative dermatology,0,0,1,0
journal of investigative medicine,0,0,1,4
journal of investigative psychology and offender profiling,0,0,1,2
journal of investigative surgery,0,0,1,4
journal of iron and steel research international,0,0,1,7
journal of irrigation and drainage engineering,0,0,1,3
journal of islamic studies,0,0,1,0
journal of island and coastal archaeology,0,0,1,3
journal of israeli history,0,0,1,0
journal of jewish studies,0,0,1,0
journal of king saud university science,0,0,1,10
journal of king saud university-computer and information sciences,0,0,1,17
journal of knee surgery,0,0,1,3
journal of knot theory and its ramifications,0,0,1,1
journal of knowledge management,0,0,1,18
journal of korean academy of nursing,0,0,1,3
journal of korean medical science,0,0,1,5
journal of korean neurosurgical society,0,0,1,4
journal of korean studies,0,0,1,0
journal of labelled compounds and radiopharmaceuticals,0,0,1,1
journal of labor economics,0,0,1,9
journal of labor research,0,0,1,2
journal of laboratory medicine,0,0,1,2
journal of land use science,0,0,1,9
journal of landscape architecture,0,0,1,1
journal of language and politics,0,0,1,2
journal of language and social psychology,0,0,1,4
journal of language identity and education,0,0,1,3
journal of laparoendoscopic and advanced surgical techniques,0,0,1,3
journal of laryngology and otology,0,0,1,2
journal of laser applications,0,0,1,5
journal of laser micro nanoengineering,0,0,1,1
journal of latin american and caribbean anthropology,0,0,1,1
journal of latin american cultural studies,0,0,1,0
journal of latin american studies,0,0,1,0
journal of latinx psychology,0,0,1,3
journal of law and economics,0,0,1,5
journal of law and society,0,0,1,1
journal of law economics and organization,0,0,1,3
journal of law medicine and ethics,0,0,1,2
journal of leadership and organizational studies,0,0,1,9
journal of learning disabilities,0,0,1,7
journal of legal history,0,0,1,0
journal of legal medicine,0,0,1,0
journal of leisure research,0,0,1,6
journal of leukocyte biology,0,0,1,12
journal of librarianship and information science,0,0,1,5
journal of lightwave technology,0,0,1,9
journal of limnology,0,0,1,3
journal of linguistic anthropology,0,0,1,1
journal of linguistics,0,0,1,1
journal of lipid research,0,0,1,9
journal of liposome research,0,0,1,8
journal of liquid chromatography and related technologies,0,0,1,2
journal of literacy research,0,0,1,5
journal of literary studies,0,0,1,0
journal of logic and computation,0,0,1,2
journal of logic language and information,0,0,1,2
journal of logical and algebraic methods in programming,0,0,1,2
journal of loss and trauma,0,0,1,3
journal of loss prevention in the process industries,0,0,1,11
journal of low frequency noise vibration and active control,0,0,1,6
journal of low temperature physics,0,0,1,3
journal of luminescence,0,0,1,10
journal of macroeconomics,0,0,1,4
journal of macromarketing,0,0,1,4
journal of macromolecular science part a-pure and applied chemistry,0,0,1,5
journal of macromolecular science part b-physics,0,0,1,3
journal of magnesium and alloys,0,0,1,26
journal of magnetic resonance,0,0,1,6
journal of magnetic resonance imaging,0,0,1,6
journal of magnetics,0,0,1,1
journal of magnetism and magnetic materials,0,0,1,7
journal of mammalian evolution,0,0,1,5
journal of mammalogy,0,0,1,4
journal of mammary gland biology and neoplasia,0,0,1,8
journal of managed care and specialty pharmacy,0,0,1,3
journal of management,0,0,1,16
journal of management analytics,0,0,1,5
journal of management and organization,0,0,1,6
journal of management in engineering,0,0,1,15
journal of management information systems,0,0,1,14
journal of management inquiry,0,0,1,4
journal of management studies,0,0,1,10
journal of managerial psychology,0,0,1,6
journal of manipulative and physiological therapeutics,0,0,1,2
journal of manufacturing processes,0,0,1,16
journal of manufacturing science and engineering-transactions of the asme,0,0,1,7
journal of manufacturing systems,0,0,1,29
journal of manufacturing technology management,0,0,1,16
journal of maps,0,0,1,5
journal of marine engineering and technology,0,0,1,5
journal of marine science and engineering,0,0,1,7
journal of marine science and technology,0,0,1,5
journal of marine systems,0,0,1,7
journal of marital and family therapy,0,0,1,2
journal of maritime archaeology,0,0,1,1
journal of marketing,0,0,1,17
journal of marketing for higher education,0,0,1,8
journal of marketing management,0,0,1,6
journal of marketing research,0,0,1,16
journal of marriage and family,0,0,1,7
journal of mass spectrometry,0,0,1,3
journal of material culture,0,0,1,2
journal of material cycles and waste management,0,0,1,7
journal of materials chemistry a,0,0,1,19
journal of materials chemistry b,0,0,1,11
journal of materials chemistry c,0,0,1,11
journal of materials engineering and performance,0,0,1,4
journal of materials in civil engineering,0,0,1,7
journal of materials processing technology,0,0,1,19
journal of materials research,0,0,1,7
journal of materials research and technology-jmrandt,0,0,1,15
journal of materials science,0,0,1,9
journal of materials science and technology,0,0,1,40
journal of materials science-materials in electronics,0,0,1,5
journal of materials science-materials in medicine,0,0,1,24
journal of materiomics,0,0,1,14
journal of maternal-fetal and neonatal medicine,0,0,1,5
journal of mathematical analysis and applications,0,0,1,3
journal of mathematical biology,0,0,1,5
journal of mathematical chemistry,0,0,1,4
journal of mathematical economics,0,0,1,2
journal of mathematical fluid mechanics,0,0,1,3
journal of mathematical imaging and vision,0,0,1,4
journal of mathematical inequalities,0,0,1,1
journal of mathematical logic,0,0,1,1
journal of mathematical physics,0,0,1,3
journal of mathematical physics analysis geometry,0,0,1,0
journal of mathematical psychology,0,0,1,3
journal of mathematical sociology,0,0,1,2
journal of mathematics,0,0,1,3
journal of mathematics and music,0,0,1,1
journal of mathematics teacher education,0,0,1,4
journal of mechanical design,0,0,1,6
journal of mechanical science and technology,0,0,1,4
journal of mechanics in medicine and biology,0,0,1,1
journal of mechanics of materials and structures,0,0,1,2
journal of mechanisms and robotics-transactions of the asme,0,0,1,6
journal of media ethics,0,0,1,2
journal of media psychology-theories methods and applications,0,0,1,4
journal of medical and biological engineering,0,0,1,4
journal of medical biography,0,0,1,0
journal of medical devices-transactions of the asme,0,0,1,1
journal of medical economics,0,0,1,5
journal of medical entomology,0,0,1,5
journal of medical ethics,0,0,1,4
journal of medical genetics,0,0,1,8
journal of medical imaging and radiation oncology,0,0,1,2
journal of medical internet research,0,0,1,13
journal of medical microbiology,0,0,1,5
journal of medical primatology,0,0,1,1
journal of medical screening,0,0,1,4
journal of medical toxicology,0,0,1,3
journal of medical ultrasonics,0,0,1,3
journal of medical virology,0,0,1,9
journal of medicinal chemistry,0,0,1,14
journal of medicinal food,0,0,1,4
journal of medicine and philosophy,0,0,1,5
journal of medieval and early modern studies,0,0,1,0
journal of medieval history,0,0,1,0
journal of medieval iberian studies,0,0,1,1
journal of membrane biology,0,0,1,6
journal of membrane science,0,0,1,23
journal of memory and language,0,0,1,6
journal of mens health,0,0,1,1
journal of mental health,0,0,1,7
journal of metamorphic geology,0,0,1,5
journal of meteorological research,0,0,1,5
journal of microbiological methods,0,0,1,4
journal of microbiology,0,0,1,6
journal of microbiology and biotechnology,0,0,1,6
journal of microbiology immunology and infection,0,0,1,8
journal of microelectromechanical systems,0,0,1,5
journal of microencapsulation,0,0,1,8
journal of micromechanics and microengineering,0,0,1,6
journal of microscopy,0,0,1,3
journal of microwave power and electromagnetic energy,0,0,1,2
journal of middle east womens studies,0,0,1,0
journal of midwifery and womens health,0,0,1,3
journal of mineralogical and petrological sciences,0,0,1,3
journal of minimal access surgery,0,0,1,3
journal of minimally invasive gynecology,0,0,1,0
journal of mining and metallurgy section b-metallurgy,0,0,1,3
journal of mining science,0,0,1,2
journal of mixed methods research,0,0,1,6
journal of modern african studies,0,0,1,1
journal of modern craft,0,0,1,0
journal of modern dynamics,0,0,1,2
journal of modern european history,0,0,1,1
journal of modern greek studies,0,0,1,0
journal of modern history,0,0,1,0
journal of modern italian studies,0,0,1,0
journal of modern optics,0,0,1,2
journal of modern power systems and clean energy,0,0,1,14
journal of molecular and cellular cardiology,0,0,1,6
journal of molecular biology,0,0,1,10
journal of molecular diagnostics,0,0,1,6
journal of molecular endocrinology,0,0,1,8
journal of molecular evolution,0,0,1,5
journal of molecular graphics and modelling,0,0,1,8
journal of molecular histology,0,0,1,3
journal of molecular liquids,0,0,1,13
journal of molecular medicine-jmm,0,0,1,10
journal of molecular modeling,0,0,1,5
journal of molecular neuroscience,0,0,1,11
journal of molecular neuroscience mn,1,1,0,
journal of molecular recognition,0,0,1,5
journal of molecular spectroscopy,0,0,1,3
journal of molecular structure,0,0,1,10
journal of molluscan studies,0,0,1,3
journal of monetary economics,0,0,1,11
journal of money credit and banking,0,0,1,4
journal of moral education,0,0,1,4
journal of moral philosophy,0,0,1,0
journal of morphology,0,0,1,3
journal of motor behavior,0,0,1,2
journal of mountain science,0,0,1,6
journal of movement disorders,0,0,1,3
journal of multicultural counseling and development,0,0,1,2
journal of multidisciplinary healthcare,0,0,1,5
journal of multilingual and multicultural development,0,0,1,5
journal of multinational financial management,0,0,1,7
journal of multivariate analysis,0,0,1,4
journal of muscle research and cell motility,0,0,1,4
journal of music therapy,0,0,1,3
journal of musicological research,0,0,1,0
journal of nano research,0,0,1,2
journal of nanobiotechnology,0,0,1,25
journal of nanoelectronics and optoelectronics,0,0,1,1
journal of nanomaterials,0,0,1,14
journal of nanoparticle research,0,0,1,6
journal of nanophotonics,0,0,1,3
journal of nanostructure in chemistry,0,0,1,36
journal of natural fibers,0,0,1,9
journal of natural gas science and engineering,0,0,1,23
journal of natural history,0,0,1,1
journal of natural medicines,0,0,1,6
journal of natural products,0,0,1,9
journal of navigation,0,0,1,4
journal of near eastern studies,0,0,1,0
journal of near infrared spectroscopy,0,0,1,4
journal of nepal medical association,0,0,1,2
journal of nervous and mental disease,0,0,1,4
journal of network and computer applications,0,0,1,14
journal of network and systems management,0,0,1,6
journal of neural engineering,0,0,1,10
journal of neural transmission,0,0,1,7
journal of neuro-oncology,1,4,1,7
journal of neuro-ophthalmology,0,0,1,1
journal of neurochemistry,1,1,1,7
journal of neurodevelopmental disorders,0,0,1,23
journal of neuroendocrinology,0,0,1,7
journal of neuroengineering and rehabilitation,0,0,1,11
journal of neurogastroenterology and motility,0,0,1,8
journal of neurogenetics,0,0,1,3
journal of neuroimaging,0,0,1,5
journal of neuroimmune pharmacology,0,0,1,14
journal of neuroimmunology,0,0,1,6
journal of neuroinflammation,0,0,1,24
journal of neurointerventional surgery,0,0,1,7
journal of neurolinguistics,0,0,1,3
journal of neurologic physical therapy,0,0,1,5
journal of neurological surgery part a-central european neurosurgery,0,0,1,2
journal of neurological surgery part b-skull base,0,0,1,0
journal of neurology,0,0,1,9
journal of neurology neurosurgery and psychiatry,0,0,1,5
journal of neuromuscular diseases,0,0,1,6
journal of neuropathology and experimental neurology,0,0,1,4
journal of neurophysiology,0,0,1,6
journal of neuropsychiatry and clinical neurosciences,0,0,1,5
journal of neuropsychology,0,0,1,3
journal of neuroradiology,0,0,1,2
journal of neuroscience,0,0,1,11
journal of neuroscience methods,0,0,1,6
journal of neuroscience nursing,0,0,1,4
journal of neuroscience research,0,0,1,7
journal of neurosurgery,0,0,1,7
journal of neurosurgery-pediatrics,0,0,1,4
journal of neurosurgery-spine,0,0,1,6
journal of neurosurgical anesthesiology,0,0,1,3
journal of neurosurgical sciences,0,0,1,3
journal of neurotrauma,0,0,1,9
journal of neurovirology,0,0,1,5
journal of new materials for electrochemical systems,0,0,1,1
journal of new music research,0,0,1,1
journal of nietzsche studies,0,0,1,0
journal of nippon medical school,0,0,1,2
journal of non-crystalline solids,0,0,1,9
journal of non-equilibrium thermodynamics,0,0,1,7
journal of non-newtonian fluid mechanics,0,0,1,7
journal of noncommutative geometry,0,0,1,2
journal of nondestructive evaluation,0,0,1,5
journal of nonlinear and variational analysis,0,0,1,1
journal of nonlinear optical physics and materials,0,0,1,4
journal of nonlinear science,0,0,1,5
journal of nonparametric statistics,0,0,1,2
journal of nonverbal behavior,0,0,1,4
journal of nuclear cardiology,0,0,1,4
journal of nuclear materials,0,0,1,8
journal of nuclear medicine,0,0,1,14
journal of nuclear science and technology,0,0,1,3
journal of number theory,0,0,1,2
journal of numerical mathematics,0,0,1,4
journal of nursing administration,0,0,1,3
journal of nursing care quality,0,0,1,2
journal of nursing education,0,0,1,3
journal of nursing management,0,0,1,10
journal of nursing regulation,0,0,1,3
journal of nursing scholarship,0,0,1,7
journal of nutrition,0,0,1,7
journal of nutrition education and behavior,0,0,1,1
journal of nutrition health and aging,0,0,1,7
journal of nutritional biochemistry,0,0,1,13
journal of nutritional science and vitaminology,0,0,1,3
journal of obsessive-compulsive and related disorders,0,0,1,4
journal of obstetrics and gynaecology,0,0,1,4
journal of obstetrics and gynaecology research,0,0,1,3
journal of occupational and environmental hygiene,0,0,1,3
journal of occupational and environmental medicine,0,0,1,3
journal of occupational and organizational psychology,0,0,1,7
journal of occupational health,0,0,1,7
journal of occupational health psychology,0,0,1,12
journal of occupational medicine and toxicology,0,0,1,6
journal of occupational rehabilitation,0,0,1,5
journal of ocean engineering and science,0,0,1,16
journal of ocean university of china,0,0,1,3
journal of oceanography,0,0,1,3
journal of oceanology and limnology,0,0,1,4
journal of ocular pharmacology and therapeutics,0,0,1,4
journal of offshore mechanics and arctic engineering-transactions of the asme,0,0,1,3
journal of oil palm research,0,0,1,1
journal of oleo science,0,0,1,5
journal of oncology,0,0,1,7
journal of oncology pharmacy practice,0,0,1,3
journal of operational oceanography,0,0,1,2
journal of operations management,0,0,1,16
journal of operator theory,0,0,1,1
journal of ophthalmology,0,0,1,5
journal of optical communications and networking,0,0,1,10
journal of optical technology,0,0,1,1
journal of optics,0,0,1,5
journal of optimization theory and applications,0,0,1,3
journal of oral and facial pain and headache,0,0,1,1
journal of oral and maxillofacial surgery,0,0,1,2
journal of oral implantology,0,0,1,2
journal of oral microbiology,0,0,1,11
journal of oral pathology and medicine,0,0,1,4
journal of oral rehabilitation,0,0,1,5
journal of oral science,0,0,1,4
journal of organic chemistry,0,0,1,8
journal of organizational and end user computing,0,0,1,7
journal of organizational behavior,0,0,1,11
journal of organizational change management,0,0,1,7
journal of organometallic chemistry,0,0,1,4
journal of ornithology,0,0,1,3
journal of orofacial orthopedics-fortschritte der kieferorthopadie,0,0,1,3
journal of orthopaedic and sports physical therapy,0,0,1,10
journal of orthopaedic research,0,0,1,5
journal of orthopaedic science,0,0,1,4
journal of orthopaedic surgery,0,0,1,4
journal of orthopaedic surgery and research,0,0,1,7
journal of orthopaedic translation,0,0,1,13
journal of orthopaedic trauma,0,0,1,5
journal of orthopaedics and traumatology,0,0,1,20
journal of otolaryngology-head and neck surgery,0,0,1,4
journal of outdoor recreation and tourism-research planning and management,0,0,1,10
journal of ovarian research,0,0,1,8
journal of pacific history,0,0,1,0
journal of pacific rim psychology,0,0,1,6
journal of paediatrics and child health,0,0,1,2
journal of pain,0,0,1,2
journal of pain and symptom management,0,0,1,1
journal of pain research,0,0,1,5
journal of paleolimnology,0,0,1,4
journal of paleontology,0,0,1,3
journal of palestine studies,0,0,1,1
journal of palliative care,0,0,1,5
journal of palliative medicine,0,0,1,3
journal of parallel and distributed computing,0,0,1,8
journal of parasitology,0,0,1,2
journal of parenteral and enteral nutrition,0,0,1,5
journal of parkinsons disease,0,0,1,10
journal of pathology,0,0,1,10
journal of pathology clinical research,0,0,1,6
journal of patient safety,0,0,1,5
journal of peace research,0,0,1,6
journal of peasant studies,0,0,1,7
journal of pediatric and adolescent gynecology,0,0,1,1
journal of pediatric endocrinology and metabolism,0,0,1,2
journal of pediatric gastroenterology and nutrition,0,0,1,5
journal of pediatric health care,0,0,1,2
journal of pediatric hematology oncology,0,0,1,2
journal of pediatric infectious diseases,0,0,1,0
journal of pediatric nursing-nursing care of children and families,0,0,1,5
journal of pediatric ophthalmology and strabismus,0,0,1,2
journal of pediatric orthopaedics,0,0,1,4
journal of pediatric orthopaedics-part b,0,0,1,2
journal of pediatric psychology,0,0,1,4
journal of pediatric surgery,0,0,1,5
journal of pediatric urology,0,0,1,3
journal of pediatrics,0,0,1,6
journal of pension economics and finance,0,0,1,3
journal of peptide science,0,0,1,3
journal of performance of constructed facilities,0,0,1,5
journal of perianesthesia nursing,0,0,1,2
journal of perinatal and neonatal nursing,0,0,1,2
journal of perinatal medicine,0,0,1,3
journal of perinatology,0,0,1,5
journal of periodontal and implant science,0,0,1,6
journal of periodontal research,0,0,1,8
journal of periodontology,0,0,1,8
journal of personality,0,0,1,6
journal of personality and social psychology,0,0,1,7
journal of personality assessment,0,0,1,5
journal of personality disorders,0,0,1,7
journal of personalized medicine,0,0,1,9
journal of personnel psychology,0,0,1,2
journal of pest science,0,0,1,9
journal of pesticide science,0,0,1,3
journal of petroleum exploration and production technology,0,0,1,8
journal of petroleum geology,0,0,1,2
journal of petroleum science and engineering,0,0,1,22
journal of petrology,0,0,1,8
journal of pharmaceutical analysis,0,0,1,12
journal of pharmaceutical and biomedical analysis,0,0,1,8
journal of pharmaceutical innovation,0,0,1,2
journal of pharmaceutical investigation,0,0,1,10
journal of pharmaceutical sciences,0,0,1,8
journal of pharmacokinetics and pharmacodynamics,0,0,1,5
journal of pharmacological and toxicological methods,0,0,1,1
journal of pharmacological sciences,0,0,1,7
journal of pharmacology and experimental therapeutics,0,0,1,1
journal of pharmacy and pharmaceutical sciences,0,0,1,10
journal of pharmacy and pharmacology,0,0,1,8
journal of phase equilibria and diffusion,0,0,1,4
journal of philosophical logic,0,0,1,3
journal of philosophical research,0,0,1,0
journal of philosophy,0,0,1,2
journal of philosophy of education,0,0,1,2
journal of phonetics,0,0,1,5
journal of photochemistry and photobiology a-chemistry,0,0,1,12
journal of photochemistry and photobiology b-biology,0,0,1,9
journal of photochemistry and photobiology c-photochemistry reviews,0,0,1,30
journal of photonics for energy,0,0,1,4
journal of photopolymer science and technology,0,0,1,1
journal of phycology,0,0,1,5
journal of physical activity and health,0,0,1,4
journal of physical chemistry a,0,0,1,6
journal of physical chemistry b,0,0,1,7
journal of physical chemistry c,0,0,1,8
journal of physical chemistry letters,0,0,1,10
journal of physical oceanography,0,0,1,4
journal of physical organic chemistry,0,0,1,3
journal of physics a-mathematical and theoretical,0,0,1,4
journal of physics and chemistry of solids,0,0,1,12
journal of physics b-atomic molecular and optical physics,0,0,1,4
journal of physics d-applied physics,0,0,1,6
journal of physics g-nuclear and particle physics,0,0,1,5
journal of physics-condensed matter,0,0,1,4
journal of physics-energy,0,0,1,8
journal of physics-materials,0,0,1,7
journal of physiological anthropology,0,0,1,6
journal of physiological sciences,0,0,1,5
journal of physiology and biochemistry,0,0,1,8
journal of physiology-london,0,0,1,6
journal of physiotherapy,0,0,1,3
journal of phytopathology,0,0,1,2
journal of pidgin and creole languages,0,0,1,1
journal of pineal research,0,0,1,11
journal of pipeline systems engineering and practice,0,0,1,4
journal of plankton research,0,0,1,4
journal of planning education and research,0,0,1,3
journal of planning literature,0,0,1,2
journal of plant biochemistry and biotechnology,0,0,1,4
journal of plant biology,0,0,1,4
journal of plant diseases and protection,0,0,1,5
journal of plant ecology,0,0,1,0
journal of plant growth regulation,0,0,1,8
journal of plant interactions,0,0,1,9
journal of plant nutrition,0,0,1,4
journal of plant nutrition and soil science,0,0,1,4
journal of plant physiology,0,0,1,10
journal of plant registrations,0,0,1,2
journal of plant research,0,0,1,5
journal of plasma physics,0,0,1,6
journal of plastic film and sheeting,0,0,1,3
journal of plastic reconstructive and aesthetic surgery,0,0,1,4
journal of plastic surgery and hand surgery,0,0,1,3
journal of policy analysis and management,0,0,1,2
journal of policy and practice in intellectual disabilities,0,0,1,4
journal of policy history,0,0,1,0
journal of policy modeling,0,0,1,6
journal of politeness research-language behaviour culture,0,0,1,4
journal of political economy,0,0,1,15
journal of political ideologies,0,0,1,2
journal of political philosophy,0,0,1,4
journal of politics,0,0,1,6
journal of polymer engineering,0,0,1,3
journal of polymer materials,0,0,1,2
journal of polymer research,0,0,1,7
journal of polymer science,0,0,1,5
journal of polymers and the environment,0,0,1,12
journal of popular culture,0,0,1,0
journal of popular film and television,0,0,1,0
journal of population economics,0,0,1,6
journal of porous materials,0,0,1,7
journal of porous media,0,0,1,4
journal of porphyrins and phthalocyanines,0,0,1,2
journal of portfolio management,0,0,1,1
journal of positive behavior interventions,0,0,1,3
journal of positive psychology,0,0,1,6
journal of post keynesian economics,0,0,1,3
journal of postcolonial writing,0,0,1,0
journal of postgraduate medicine,0,0,1,2
journal of poultry science,0,0,1,4
journal of poverty and social justice,0,0,1,2
journal of power electronics,0,0,1,3
journal of power sources,0,0,1,16
journal of pragmatics,0,0,1,4
journal of pressure vessel technology-transactions of the asme,0,0,1,2
journal of process control,0,0,1,9
journal of product and brand management,0,0,1,14
journal of product innovation management,0,0,1,14
journal of productivity analysis,0,0,1,5
journal of professional capital and community,0,0,1,4
journal of professional nursing,0,0,1,6
journal of propulsion and power,0,0,1,5
journal of prosthetic dentistry,0,0,1,7
journal of prosthodontic research,0,0,1,9
journal of prosthodontics-implant esthetic and reconstructive dentistry,0,0,1,6
journal of proteome research,0,0,1,7
journal of proteomics,0,0,1,8
journal of pseudo-differential operators and applications,0,0,1,2
journal of psychiatric and mental health nursing,0,0,1,5
journal of psychiatric research,0,0,1,9
journal of psychiatry and neuroscience,0,0,1,9
journal of psychoactive drugs,0,0,1,5
journal of psychoeducational assessment,0,0,1,3
journal of psycholinguistic research,0,0,1,3
journal of psychologists and counsellors in schools,0,0,1,3
journal of psychology,0,0,1,6
journal of psychology and theology,0,0,1,2
journal of psychology in africa,0,0,1,3
journal of psychopathology and behavioral assessment,0,0,1,4
journal of psychopharmacology,0,0,1,10
journal of psychophysiology,0,0,1,2
journal of psychosocial nursing and mental health services,0,0,1,2
journal of psychosocial oncology,0,0,1,4
journal of psychosomatic obstetrics and gynecology,0,0,1,5
journal of psychosomatic research,0,0,1,5
journal of public administration research and theory,0,0,1,13
journal of public child welfare,0,0,1,2
journal of public economic theory,0,0,1,1
journal of public economics,0,0,1,9
journal of public health,0,0,1,3
journal of public health dentistry,0,0,1,4
journal of public health management and practice,0,0,1,3
journal of public health policy,0,0,1,3
journal of public policy,0,0,1,4
journal of public policy and marketing,0,0,1,9
journal of purchasing and supply management,0,0,1,14
journal of pure and applied algebra,0,0,1,2
journal of quality technology,0,0,1,3
journal of quantitative criminology,0,0,1,5
journal of quantitative linguistics,0,0,1,2
journal of quantitative spectroscopy and radiative transfer,0,0,1,5
journal of quaternary science,0,0,1,4
journal of quranic studies,0,0,1,0
journal of racial and ethnic health disparities,0,0,1,3
journal of radiation research,0,0,1,4
journal of radiation research and applied sciences,0,0,1,2
journal of radioanalytical and nuclear chemistry,0,0,1,3
journal of radiological protection,0,0,1,4
journal of raman spectroscopy,0,0,1,5
journal of raptor research,0,0,1,2
journal of rare earths,0,0,1,16
journal of rational-emotive and cognitive-behavior therapy,0,0,1,4
journal of real estate finance and economics,0,0,1,4
journal of real estate research,0,0,1,4
journal of real-time image processing,0,0,1,7
journal of receptors and signal transduction,0,0,1,4
journal of reconstructive microsurgery,0,0,1,4
journal of refractive surgery,0,0,1,5
journal of refugee studies,0,0,1,3
journal of regional science,0,0,1,5
journal of regulatory economics,0,0,1,3
journal of reinforced plastics and composites,0,0,1,4
journal of religion,0,0,1,0
journal of religion and health,0,0,1,4
journal of religious ethics,0,0,1,1
journal of religious history,0,0,1,0
journal of renal care,0,0,1,3
journal of renal nutrition,0,0,1,6
journal of renewable and sustainable energy,0,0,1,4
journal of reproduction and development,0,0,1,5
journal of reproductive and infant psychology,0,0,1,4
journal of reproductive immunology,0,0,1,3
journal of research in crime and delinquency,0,0,1,7
journal of research in interactive marketing,0,0,1,14
journal of research in medical sciences,0,0,1,3
journal of research in music education,0,0,1,3
journal of research in personality,0,0,1,7
journal of research in reading,0,0,1,4
journal of research in science teaching,0,0,1,10
journal of research on adolescence,0,0,1,6
journal of research on educational effectiveness,0,0,1,4
journal of research on technology in education,0,0,1,7
journal of responsible innovation,0,0,1,8
journal of retailing,0,0,1,16
journal of retailing and consumer services,0,0,1,36
journal of rheology,0,0,1,9
journal of rheumatology,0,0,1,2
journal of risk,0,0,1,0
journal of risk and insurance,0,0,1,3
journal of risk and uncertainty,0,0,1,5
journal of risk research,0,0,1,4
journal of rock mechanics and geotechnical engineering,0,0,1,15
journal of roman archaeology,0,0,1,0
journal of roman studies,0,0,1,0
journal of rubber research,0,0,1,3
journal of rural health,0,0,1,5
journal of rural studies,0,0,1,14
journal of russian laser research,0,0,1,3
journal of safety research,0,0,1,11
journal of sandwich structures and materials,0,0,1,5
journal of saudi chemical society,0,0,1,14
journal of scheduling,0,0,1,4
journal of scholarly publishing,0,0,1,1
journal of school health,0,0,1,3
journal of school nursing,0,0,1,3
journal of school psychology,0,0,1,9
journal of school violence,0,0,1,4
journal of science and medicine in sport,0,0,1,3
journal of science education and technology,0,0,1,8
journal of science-advanced materials and devices,0,0,1,5
journal of scientific and industrial research,0,0,1,1
journal of scientific computing,0,0,1,5
journal of screenwriting,0,0,1,1
journal of sea research,0,0,1,7
journal of second language writing,0,0,1,6
journal of sedimentary research,0,0,1,4
journal of seed science,0,0,1,2
journal of seismology,0,0,1,3
journal of semantics,0,0,1,2
journal of semiconductor technology and science,0,0,1,1
journal of semitic studies,0,0,1,0
journal of sensors,0,0,1,3
journal of sensory studies,0,0,1,3
journal of separation science,0,0,1,7
journal of service management,0,0,1,19
journal of service research,0,0,1,19
journal of service theory and practice,0,0,1,12
journal of services marketing,0,0,1,10
journal of sex and marital therapy,0,0,1,4
journal of sex research,0,0,1,7
journal of sexual aggression,0,0,1,4
journal of sexual medicine,0,0,1,0
journal of shellfish research,0,0,1,2
journal of ship production and design,0,0,1,2
journal of ship research,0,0,1,3
journal of shoulder and elbow surgery,0,0,1,6
journal of signal processing systems for signal image and video technology,0,0,1,5
journal of simulation,0,0,1,4
journal of sleep research,0,0,1,7
journal of small animal practice,0,0,1,2
journal of small business management,0,0,1,13
journal of social and clinical psychology,0,0,1,3
journal of social and personal relationships,0,0,1,6
journal of social archaeology,0,0,1,4
journal of social history,0,0,1,0
journal of social issues,0,0,1,13
journal of social marketing,0,0,1,6
journal of social philosophy,0,0,1,1
journal of social policy,0,0,1,5
journal of social psychology,0,0,1,4
journal of social service research,0,0,1,2
journal of social work,0,0,1,2
journal of social work education,0,0,1,3
journal of social work practice,0,0,1,1
journal of sociolinguistics,0,0,1,2
journal of sociology,0,0,1,4
journal of software-evolution and process,0,0,1,3
journal of soil and water conservation,0,0,1,5
journal of soil science and plant nutrition,0,0,1,6
journal of soils and sediments,0,0,1,8
journal of sol-gel science and technology,0,0,1,6
journal of solar energy engineering-transactions of the asme,0,0,1,5
journal of solid state chemistry,0,0,1,9
journal of solid state electrochemistry,0,0,1,6
journal of solution chemistry,0,0,1,3
journal of song-yuan studies,0,0,1,0
journal of sound and vibration,0,0,1,12
journal of south american earth sciences,0,0,1,4
journal of south asian development,0,0,1,3
journal of southeast asian studies,0,0,1,0
journal of southern african studies,0,0,1,1
journal of southern hemisphere earth systems science,0,0,1,3
journal of space weather and space climate,0,0,1,5
journal of spacecraft and rockets,0,0,1,4
journal of spanish cultural studies,0,0,1,0
journal of spatial science,0,0,1,3
journal of special education,0,0,1,3
journal of special education technology,0,0,1,4
journal of spectral theory,0,0,1,2
journal of spectroscopy,0,0,1,6
journal of speculative philosophy,0,0,1,0
journal of speech language and hearing research,0,0,1,5
journal of spinal cord medicine,0,0,1,3
journal of sport and exercise psychology,0,0,1,5
journal of sport and health science,0,0,1,19
journal of sport and social issues,0,0,1,4
journal of sport management,0,0,1,7
journal of sport rehabilitation,0,0,1,4
journal of sports economics,0,0,1,4
journal of sports medicine and physical fitness,0,0,1,2
journal of sports sciences,0,0,1,5
journal of statistical computation and simulation,0,0,1,3
journal of statistical mechanics-theory and experiment,0,0,1,4
journal of statistical physics,0,0,1,6
journal of statistical planning and inference,0,0,1,3
journal of statistical software,0,0,1,13
journal of steroid biochemistry and molecular biology,0,0,1,6
journal of stomatology oral and maxillofacial surgery,0,0,1,4
journal of stored products research,0,0,1,6
journal of strain analysis for engineering design,0,0,1,3
journal of strategic information systems,0,0,1,17
journal of strategic studies,0,0,1,2
journal of strength and conditioning research,0,0,1,5
journal of stroke,0,0,1,10
journal of stroke and cerebrovascular diseases,0,0,1,5
journal of structural biology,0,0,1,7
journal of structural chemistry,0,0,1,3
journal of structural engineering,0,0,1,9
journal of structural geology,0,0,1,7
journal of studies in international education,0,0,1,6
journal of studies on alcohol and drugs,0,0,1,3
journal of substance abuse treatment,0,0,1,15
journal of substance use,0,0,1,2
journal of sulfur chemistry,0,0,1,4
journal of supercomputing,0,0,1,8
journal of superconductivity and novel magnetism,0,0,1,4
journal of supercritical fluids,0,0,1,11
journal of superhard materials,0,0,1,2
journal of supply chain management,0,0,1,11
journal of surfactants and detergents,0,0,1,4
journal of surgical education,0,0,1,5
journal of surgical oncology,0,0,1,4
journal of surgical research,0,0,1,4
journal of survey statistics and methodology,0,0,1,4
journal of surveying engineering,0,0,1,4
journal of sustainable cement-based materials,0,0,1,3
journal of sustainable forestry,0,0,1,2
journal of sustainable metallurgy,0,0,1,5
journal of sustainable tourism,0,0,1,14
journal of symbolic computation,0,0,1,3
journal of symbolic logic,0,0,1,1
journal of symplectic geometry,0,0,1,1
journal of synthetic organic chemistry japan,0,0,1,0
journal of systematic palaeontology,0,0,1,5
journal of systematics and evolution,0,0,1,6
journal of systems and software,0,0,1,10
journal of systems architecture,0,0,1,10
journal of systems engineering and electronics,0,0,1,5
journal of systems science and complexity,0,0,1,4
journal of systems science and systems engineering,0,0,1,4
journal of taibah university for science,0,0,1,7
journal of teacher education,0,0,1,9
journal of teaching in physical education,0,0,1,4
journal of technology transfer,0,0,1,9
journal of telemedicine and telecare,0,0,1,9
journal of terramechanics,0,0,1,9
journal of testing and evaluation,0,0,1,3
journal of texture studies,0,0,1,6
journal of the academy of marketing science,0,0,1,17
journal of the academy of nutrition and dietetics,0,0,1,0
journal of the acm,0,0,1,6
journal of the acoustical society of america,0,0,1,1
journal of the air and waste management association,0,0,1,5
journal of the american academy of audiology,0,0,1,1
journal of the american academy of child and adolescent psychiatry,0,0,1,0
journal of the american academy of dermatology,0,0,1,1
journal of the american academy of orthopaedic surgeons,0,0,1,4
journal of the american academy of religion,0,0,1,0
journal of the american animal hospital association,0,0,1,2
journal of the american association for laboratory animal science,0,0,1,2
journal of the american board of family medicine,0,0,1,3
journal of the american ceramic society,0,0,1,8
journal of the american chemical society,0,0,1,31
journal of the american college of cardiology,0,0,1,0
journal of the american college of radiology,0,0,1,4
journal of the american college of surgeons,0,0,1,1
journal of the american dental association,0,0,1,2
journal of the american geriatrics society,0,0,1,5
journal of the american heart association,0,0,1,10
journal of the american institute for conservation,0,0,1,1
journal of the american mathematical society,0,0,1,5
journal of the american medical directors association,0,0,1,5
journal of the american medical informatics association,0,0,1,11
journal of the american mosquito control association,0,0,1,2
journal of the american musicological society,0,0,1,1
journal of the american oil chemists society,0,0,1,4
journal of the american oriental society,0,0,1,0
journal of the american pharmacists association,0,0,1,3
journal of the american philosophical association,0,0,1,3
journal of the american planning association,0,0,1,3
journal of the american podiatric medical association,0,0,1,1
journal of the american psychiatric nurses association,0,0,1,3
journal of the american psychoanalytic association,0,0,1,0
journal of the american society for horticultural science,0,0,1,3
journal of the american society for mass spectrometry,0,0,1,6
journal of the american society of brewing chemists,0,0,1,4
journal of the american society of echocardiography,0,0,1,5
journal of the american society of nephrology,0,0,1,0
journal of the american statistical association,0,0,1,6
journal of the american water resources association,0,0,1,3
journal of the anatomical society of india,0,0,1,0
journal of the asia pacific economy,0,0,1,3
journal of the association for information science and technology,0,0,1,6
journal of the association for information systems,0,0,1,12
journal of the association of environmental and resource economists,0,0,1,5
journal of the astronautical sciences,0,0,1,4
journal of the atmospheric sciences,0,0,1,4
journal of the audio engineering society,0,0,1,2
journal of the australian ceramic society,0,0,1,4
journal of the australian library and information association,0,0,1,1
journal of the australian mathematical society,0,0,1,1
journal of the belgian society of radiology,0,0,1,1
journal of the brazilian chemical society,0,0,1,1
journal of the brazilian society of mechanical sciences and engineering,0,0,1,5
journal of the british archaeological association,0,0,1,0
journal of the british society for phenomenology,0,0,1,1
journal of the ceramic society of japan,0,0,1,2
journal of the chemical society of pakistan,0,0,1,1
journal of the chilean chemical society,0,0,1,4
journal of the chinese chemical society,0,0,1,3
journal of the chinese institute of engineers,0,0,1,2
journal of the chinese medical association,0,0,1,5
journal of the civil war era,0,0,1,0
journal of the economic and social history of the orient,0,0,1,1
journal of the economics of ageing,0,0,1,5
journal of the electrochemical society,0,0,1,8
journal of the european academy of dermatology and venereology,0,0,1,6
journal of the european ceramic society,0,0,1,17
journal of the european economic association,0,0,1,10
journal of the european mathematical society,0,0,1,4
journal of the european optical society-rapid publications,0,0,1,3
journal of the experimental analysis of behavior,0,0,1,3
journal of the faculty of agriculture kyushu university,0,0,1,1
journal of the faculty of engineering and architecture of gazi university,0,0,1,2
journal of the formosan medical association,0,0,1,4
journal of the franklin institute-engineering and applied mathematics,0,0,1,8
journal of the geological society,0,0,1,4
journal of the geological society of india,0,0,1,2
journal of the gilded age and progressive era,0,0,1,0
journal of the hellenic veterinary medical society,0,0,1,1
journal of the history of biology,0,0,1,1
journal of the history of collections,0,0,1,0
journal of the history of economic thought,0,0,1,1
journal of the history of medicine and allied sciences,0,0,1,1
journal of the history of philosophy,0,0,1,0
journal of the history of the behavioral sciences,0,0,1,1
journal of the history of the neurosciences,0,0,1,1
journal of the indian institute of science,0,0,1,6
journal of the indian society of remote sensing,0,0,1,4
journal of the institute of brewing,0,0,1,9
journal of the institute of mathematics of jussieu,0,0,1,1
journal of the international aids society,0,0,1,8
journal of the international neuropsychological society,0,0,1,0
journal of the international phonetic association,0,0,1,1
journal of the international society of sports nutrition,0,0,1,5
journal of the iranian chemical society,0,0,1,6
journal of the japan institute of metals and materials,0,0,1,1
journal of the japan petroleum institute,0,0,1,1
journal of the japanese and international economies,0,0,1,6
journal of the japanese society for food science and technology-nippon shokuhin kagaku kogaku kaishi,0,0,1,0
journal of the kansas entomological society,0,0,1,1
journal of the knowledge economy,0,0,1,16
journal of the korean ceramic society,0,0,1,7
journal of the korean physical society,0,0,1,2
journal of the korean statistical society,0,0,1,1
journal of the learning sciences,0,0,1,8
journal of the lepidopterists society,0,0,1,0
journal of the london mathematical society-second series,0,0,1,2
journal of the marine biological association of the united kingdom,0,0,1,2
journal of the mathematical society of japan,0,0,1,1
journal of the mechanical behavior of biomedical materials,0,0,1,11
journal of the mechanics and physics of solids,0,0,1,14
journal of the medical library association,0,0,1,2
journal of the meteorological society of japan,0,0,1,4
journal of the mexican chemical society,0,0,1,2
journal of the national comprehensive cancer network,0,0,1,2
journal of the national medical association,0,0,1,1
journal of the national science foundation of sri lanka,0,0,1,1
journal of the neurological sciences,0,0,1,1
journal of the operational research society,0,0,1,5
journal of the optical society of america a-optics image science and vision,0,0,1,4
journal of the optical society of america b-optical physics,0,0,1,4
journal of the pakistan medical association,0,0,1,1
journal of the peripheral nervous system,0,0,1,4
journal of the philosophy of history,0,0,1,0
journal of the philosophy of sport,0,0,1,2
journal of the physical society of japan,0,0,1,3
journal of the renin-angiotensin-aldosterone system,0,0,1,9
journal of the royal anthropological institute,0,0,1,0
journal of the royal asiatic society,0,0,1,0
journal of the royal musical association,0,0,1,0
journal of the royal society interface,0,0,1,3
journal of the royal society of medicine,0,0,1,3
journal of the royal society of new zealand,0,0,1,5
journal of the royal statistical society series a-statistics in society,0,0,1,1
journal of the royal statistical society series b-statistical methodology,0,0,1,4
journal of the royal statistical society series c-applied statistics,0,0,1,4
journal of the science of food and agriculture,0,0,1,8
journal of the serbian chemical society,0,0,1,2
journal of the society for american music,0,0,1,0
journal of the society for information display,0,0,1,2
journal of the society for social work and research,0,0,1,2
journal of the society of architectural historians,0,0,1,0
journal of the society of christian ethics,0,0,1,0
journal of the south african institution of civil engineering,0,0,1,1
journal of the south african veterinary association,0,0,1,1
journal of the southern african institute of mining and metallurgy,0,0,1,2
journal of the southwest,0,0,1,0
journal of the taiwan institute of chemical engineers,0,0,1,14
journal of the textile institute,0,0,1,3
journal of the torrey botanical society,0,0,1,1
journal of the world aquaculture society,0,0,1,5
journal of theological studies,0,0,1,0
journal of theoretical and applied electronic commerce research,0,0,1,8
journal of theoretical and applied mechanics,0,0,1,2
journal of theoretical and computational acoustics,0,0,1,2
journal of theoretical biology,0,0,1,5
journal of theoretical politics,0,0,1,2
journal of thermal analysis and calorimetry,0,0,1,6
journal of thermal biology,0,0,1,7
journal of thermal science,0,0,1,7
journal of thermal science and engineering applications,0,0,1,4
journal of thermal science and technology,0,0,1,2
journal of thermal spray technology,0,0,1,7
journal of thermal stresses,0,0,1,5
journal of thermophysics and heat transfer,0,0,1,2
journal of thermoplastic composite materials,0,0,1,6
journal of thoracic and cardiovascular surgery,0,0,1,3
journal of thoracic disease,0,0,1,3
journal of thoracic imaging,0,0,1,4
journal of thoracic oncology,0,0,1,0
journal of thrombosis and thrombolysis,0,0,1,10
journal of time series analysis,0,0,1,2
journal of tissue engineering,0,0,1,16
journal of tissue engineering and regenerative medicine,0,0,1,10
journal of tissue viability,0,0,1,6
journal of topology,0,0,1,2
journal of topology and analysis,0,0,1,0
journal of tourism and cultural change,0,0,1,4
journal of toxicologic pathology,0,0,1,3
journal of toxicological sciences,0,0,1,4
journal of toxicology and environmental health-part a-current issues,0,0,1,6
journal of toxicology and environmental health-part b-critical reviews,0,0,1,15
journal of trace elements in medicine and biology,0,0,1,9
journal of traditional and complementary medicine,0,0,1,7
journal of transcultural nursing,0,0,1,3
journal of translational internal medicine,0,0,1,13
journal of translational medicine,1,1,1,13
journal of transport and health,0,0,1,7
journal of transport and land use,0,0,1,6
journal of transport geography,0,0,1,14
journal of transportation engineering part a-systems,0,0,1,4
journal of transportation engineering part b-pavements,0,0,1,5
journal of transportation safety and security,0,0,1,5
journal of trauma and acute care surgery,0,0,1,6
journal of trauma and dissociation,0,0,1,4
journal of trauma nursing,0,0,1,1
journal of traumatic stress,0,0,1,5
journal of travel and tourism marketing,0,0,1,20
journal of travel medicine,0,0,1,7
journal of travel research,0,0,1,15
journal of tribology-transactions of the asme,0,0,1,5
journal of tropical ecology,0,0,1,3
journal of tropical forest science,0,0,1,0
journal of tropical medicine,0,0,1,6
journal of tropical pediatrics,0,0,1,4
journal of turbomachinery-transactions of the asme,0,0,1,4
journal of turbulence,0,0,1,3
journal of ultrasound in medicine,0,0,1,3
journal of urban affairs,0,0,1,2
journal of urban economics,0,0,1,11
journal of urban health-bulletin of the new york academy of medicine,0,0,1,7
journal of urban history,0,0,1,0
journal of urban planning and development,0,0,1,6
journal of urban technology,0,0,1,8
journal of urology,0,0,1,0
journal of vacation marketing,0,0,1,10
journal of vacuum science and technology a,0,0,1,5
journal of vacuum science and technology b,0,0,1,3
journal of value inquiry,0,0,1,1
journal of vascular access,0,0,1,2
journal of vascular and interventional radiology,0,0,1,0
journal of vascular research,0,0,1,3
journal of vascular surgery,0,0,1,1
journal of vascular surgery-venous and lymphatic disorders,0,0,1,3
journal of vector borne diseases,0,0,1,2
journal of vector ecology,0,0,1,2
journal of vegetation science,0,0,1,4
journal of venomous animals and toxins including tropical diseases,0,0,1,4
journal of vertebrate paleontology,0,0,1,4
journal of vestibular research-equilibrium and orientation,0,0,1,5
journal of veterinary behavior-clinical applications and research,0,0,1,4
journal of veterinary cardiology,0,0,1,3
journal of veterinary dentistry,0,0,1,2
journal of veterinary diagnostic investigation,0,0,1,3
journal of veterinary emergency and critical care,0,0,1,3
journal of veterinary internal medicine,0,0,1,4
journal of veterinary medical education,0,0,1,2
journal of veterinary medical science,0,0,1,3
journal of veterinary pharmacology and therapeutics,0,0,1,1
journal of veterinary research,0,0,1,4
journal of veterinary science,0,0,1,4
journal of vibration and acoustics-transactions of the asme,0,0,1,3
journal of vibration and control,0,0,1,4
journal of vibration engineering and technologies,0,0,1,5
journal of victorian culture,0,0,1,0
journal of vinyl and additive technology,0,0,1,7
journal of viral hepatitis,0,0,1,4
journal of virological methods,0,0,1,6
journal of virology,0,0,1,9
journal of virus eradication,0,0,1,0
journal of visceral surgery,0,0,1,2
journal of vision,0,0,1,0
journal of visual communication and image representation,0,0,1,6
journal of visual culture,0,0,1,1
journal of visual impairment and blindness,0,0,1,2
journal of visualization,0,0,1,4
journal of visualized experiments jove,1,1,0,
journal of vocational behavior,0,0,1,15
journal of voice,0,0,1,4
journal of volcanology and geothermal research,0,0,1,6
journal of volcanology and seismology,0,0,1,1
journal of water and climate change,0,0,1,8
journal of water and health,0,0,1,6
journal of water chemistry and technology,0,0,1,2
journal of water process engineering,0,0,1,11
journal of water resources planning and management,0,0,1,6
journal of water sanitation and hygiene for development,0,0,1,4
journal of waterway port coastal and ocean engineering,0,0,1,4
journal of web engineering,0,0,1,3
journal of web semantics,0,0,1,9
journal of wildlife diseases,0,0,1,3
journal of wildlife management,0,0,1,3
journal of wind engineering and industrial aerodynamics,0,0,1,13
journal of wine economics,0,0,1,1
journal of women and aging,0,0,1,4
journal of women politics and policy,0,0,1,3
journal of womens health,0,0,1,4
journal of womens history,0,0,1,0
journal of wood chemistry and technology,0,0,1,5
journal of wood science,0,0,1,10
journal of work and organizational psychology-revista de psicologia del trabajo y de las organizaciones,0,0,1,7
journal of world business,0,0,1,22
journal of world energy law and business,0,0,1,2
journal of world history,0,0,1,0
journal of world trade,0,0,1,1
journal of wound care,0,0,1,3
journal of wound ostomy and continence nursing,0,0,1,2
journal of wuhan university of technology-materials science edition,0,0,1,3
journal of x-ray science and technology,0,0,1,2
journal of youth and adolescence,0,0,1,8
journal of youth studies,0,0,1,6
journal of zhejiang university-science a,0,0,1,8
journal of zhejiang university-science b,0,0,1,10
journal of zoo and wildlife medicine,0,0,1,1
journal of zoological systematics and evolutionary research,0,0,1,4
journal of zoology,0,0,1,3
journal on multimodal user interfaces,0,0,1,4
journalism,0,0,1,5
journalism and mass communication quarterly,0,0,1,3
journalism practice,0,0,1,4
journalism studies,0,0,1,7
journals of gerontology series a-biological sciences and medical sciences,0,0,1,9
journals of gerontology series b-psychological sciences and social sciences,0,0,1,7
jove-journal of visualized experiments,0,0,1,0
jpad-journal of prevention of alzheimers disease,0,0,1,7
jpc-journal of planar chromatography-modern tlc,0,0,1,3
jsls-journal of the society of laparoendoscopic surgeons,0,0,1,3
jundishapur journal of microbiology,0,0,1,2
jung journal-culture and psyche,0,0,1,0
justice quarterly,0,0,1,4
justice system journal,0,0,1,2
juvenile and family court journal,0,0,1,0
kafkas universitesi veteriner fakultesi dergisi,0,0,1,1
kagaku kogaku ronbunshu,0,0,1,1
kant-studien,0,0,1,0
kantian review,0,0,1,0
kaohsiung journal of medical sciences,0,0,1,5
kardiologia polska,0,0,1,1
kardiologiya,0,0,1,2
keats-shelley review,0,0,1,0
kennedy institute of ethics journal,0,0,1,2
kerntechnik,0,0,1,1
kew bulletin,0,0,1,1
kidney and blood pressure research,0,0,1,4
kidney diseases,0,0,1,6
kidney international,0,0,1,10
kidney international reports,0,0,1,1
kindheit und entwicklung,0,0,1,1
kinematics and physics of celestial bodies,0,0,1,2
kinesiology,0,0,1,2
kinetics and catalysis,0,0,1,3
klinische monatsblatter fuer augenheilkunde,0,0,1,1
klinische neurophysiologie,0,0,1,0
klinische padiatrie,0,0,1,0
knee,0,0,1,5
knee surgery sports traumatology arthroscopy,0,0,1,10
knowledge and information systems,0,0,1,6
knowledge and management of aquatic ecosystems,0,0,1,4
knowledge engineering review,0,0,1,4
knowledge management research and practice,0,0,1,7
knowledge organization,0,0,1,0
knowledge-based systems,0,0,1,14
kodai mathematical journal,0,0,1,0
kolner zeitschrift fuer soziologie und sozialpsychologie,0,0,1,3
kona powder and particle journal,0,0,1,5
konsthistorisk tidskrift,0,0,1,0
korea observer,0,0,1,1
korea-australia rheology journal,0,0,1,5
korean circulation journal,0,0,1,3
korean journal of anesthesiology,0,0,1,5
korean journal of chemical engineering,0,0,1,7
korean journal of internal medicine,0,0,1,5
korean journal of metals and materials,0,0,1,3
korean journal of orthodontics,0,0,1,5
korean journal of pain,0,0,1,8
korean journal of parasitology,0,0,1,5
korean journal of physiology and pharmacology,0,0,1,5
korean journal of radiology,0,0,1,9
kovove materialy-metallic materials,0,0,1,1
kriterion-revista de filosofia,0,0,1,0
kritika kultura,0,0,1,0
kritika-explorations in russian and eurasian history,0,0,1,0
ksce journal of civil engineering,0,0,1,6
ksii transactions on internet and information systems,0,0,1,1
kybernetes,0,0,1,7
kybernetika,0,0,1,1
kyklos,0,0,1,3
kyushu journal of mathematics,0,0,1,1
lab animal,0,0,1,0
lab on a chip,1,2,1,11
labor history,0,0,1,1
laboratory animals,0,0,1,2
laboratory investigation,0,0,1,0
laboratory medicine,0,0,1,2
labour economics,0,0,1,7
labour history,0,0,1,0
labour-le travail,0,0,1,0
laeknabladid,0,0,1,0
lake and reservoir management,0,0,1,2
lancet,0,0,1,7
lancet child and adolescent health,0,0,1,10
lancet diabetes and endocrinology,0,0,1,15
lancet digital health,0,0,1,32
lancet gastroenterology and hepatology,0,0,1,11
lancet global health,0,0,1,13
lancet haematology,0,0,1,9
lancet hiv,0,0,1,8
lancet infectious diseases,0,0,1,13
lancet neurology,0,0,1,8
lancet oncology,0,0,1,10
lancet planetary health,0,0,1,21
lancet public health,0,0,1,23
lancet regional health-western pacific,0,0,1,7
lancet respiratory medicine,0,0,1,14
lancet rheumatology,0,0,1,9
land,0,0,1,8
land degradation and development,0,0,1,8
land economics,0,0,1,3
land use policy,0,0,1,17
landscape and ecological engineering,0,0,1,5
landscape and urban planning,0,0,1,26
landscape ecology,0,0,1,13
landscape research,0,0,1,3
landslides,0,0,1,13
langages,0,0,1,1
langenbecks archives of surgery,0,0,1,9
langmuir,0,0,1,8
langmuir the acs journal of surfaces and colloids,1,1,0,
language acquisition,0,0,1,3
language and cognition,0,0,1,3
language and communication,0,0,1,3
language and education,0,0,1,4
language and history,0,0,1,0
language and intercultural communication,0,0,1,3
language and literature,0,0,1,1
language and speech,0,0,1,2
language assessment quarterly,0,0,1,4
language awareness,0,0,1,4
language cognition and neuroscience,0,0,1,4
language culture and curriculum,0,0,1,6
language in society,0,0,1,1
language learning,0,0,1,5
language learning and development,0,0,1,2
language matters,0,0,1,1
language policy,0,0,1,4
language problems and language planning,0,0,1,1
language resources and evaluation,0,0,1,3
language sciences,0,0,1,3
language speech and hearing services in schools,0,0,1,6
language teaching,0,0,1,7
language teaching research,0,0,1,6
language testing,0,0,1,6
language variation and change,0,0,1,2
langue francaise,0,0,1,1
laryngo-rhino-otologie,0,0,1,0
laryngoscope,0,0,1,3
laryngoscope investigative otolaryngology,0,0,1,4
laser and particle beams,0,0,1,5
laser and photonics reviews,0,0,1,12
laser physics,0,0,1,3
laser physics letters,0,0,1,4
lasers in surgery and medicine,0,0,1,4
laterality,0,0,1,3
latin american antiquity,0,0,1,2
latin american applied research,0,0,1,1
latin american journal of aquatic research,0,0,1,2
latin american journal of solids and structures,0,0,1,2
latin american perspectives,0,0,1,1
latin american politics and society,0,0,1,2
latin american research review,0,0,1,6
latin american theatre review,0,0,1,0
laval theologique et philosophique,0,0,1,0
law and history review,0,0,1,0
law and human behavior,0,0,1,3
law and literature,0,0,1,0
law and philosophy,0,0,1,1
law and policy,0,0,1,3
law and social inquiry-journal of the american bar foundation,0,0,1,2
law and society review,0,0,1,1
law probability and risk,0,0,1,4
leadership,0,0,1,4
leadership and organization development journal,0,0,1,10
leadership quarterly,0,0,1,24
learned publishing,0,0,1,5
learning and behavior,0,0,1,3
learning and individual differences,0,0,1,9
learning and instruction,0,0,1,10
learning and motivation,0,0,1,7
learning culture and social interaction,0,0,1,5
learning disabilities research and practice,0,0,1,4
learning disability quarterly,0,0,1,4
learning media and technology,0,0,1,9
legal and criminological psychology,0,0,1,2
legal medicine,0,0,1,4
legal studies,0,0,1,1
legislative studies quarterly,0,0,1,2
legume research,0,0,1,0
leiden journal of international law,0,0,1,1
leisure sciences,0,0,1,4
leisure studies,0,0,1,5
leonardo,0,0,1,0
lethaia,0,0,1,4
letters in applied microbiology,0,0,1,10
letters in drug design and discovery,0,0,1,2
letters in mathematical physics,0,0,1,6
letters in organic chemistry,0,0,1,2
leukemia,0,0,1,12
leukemia and lymphoma,0,0,1,3
leukemia research,0,0,1,2
leukos,0,0,1,4
levant,0,0,1,2
lex localis-journal of local self-government,0,0,1,0
lgbt health,0,0,1,8
library,0,0,1,0
library and information science research,0,0,1,7
library hi tech,0,0,1,17
library quarterly,0,0,1,3
library trends,0,0,1,1
libri-international journal of libraries and information studies,0,0,1,2
libyan journal of medicine,0,0,1,6
lichenologist,0,0,1,2
life science alliance,0,0,1,9
life sciences,0,0,1,13
life sciences in space research,0,0,1,4
life writing,0,0,1,0
life-basel,0,0,1,7
lifetime data analysis,0,0,1,3
light and engineering,0,0,1,1
light-science and applications,0,0,1,36
lighting research and technology,0,0,1,4
lili-zeitschrift fuer literaturwissenschaft und linguistik,0,0,1,0
limnetica,0,0,1,2
limnologica,0,0,1,5
limnology,0,0,1,2
limnology and oceanography,0,0,1,7
limnology and oceanography letters,0,0,1,10
limnology and oceanography-methods,0,0,1,4
linear algebra and its applications,0,0,1,2
linear and multilinear algebra,0,0,1,2
lingua,0,0,1,2
linguistic approaches to bilingualism,0,0,1,2
linguistic inquiry,0,0,1,3
linguistic review,0,0,1,2
linguistic typology,0,0,1,1
linguistica antverpiensia new series-themes in translation studies,0,0,1,2
linguistics,0,0,1,2
linguistics and education,0,0,1,5
linguistics and philosophy,0,0,1,3
linguistics vanguard,0,0,1,2
linguistique,0,0,1,0
lion and the unicorn,0,0,1,0
lipids,0,0,1,1
lipids in health and disease,0,0,1,9
liquid crystals,0,0,1,4
lit-literature interpretation theory,0,0,1,0
literacy,0,0,1,3
literary imagination,0,0,1,0
literature and history-third series,0,0,1,0
literature and medicine,0,0,1,0
literature and theology,0,0,1,0
literature compass,0,0,1,0
lithic technology,0,0,1,3
lithology and mineral resources,0,0,1,2
lithos,0,0,1,3
lithosphere,0,0,1,5
lithuanian journal of physics,0,0,1,2
lithuanian mathematical journal,0,0,1,2
litterature,0,0,1,0
litteratures,0,0,1,0
liver cancer,0,0,1,12
liver international,0,0,1,8
liver transplantation,0,0,1,4
livestock science,0,0,1,5
local environment,0,0,1,5
local government studies,0,0,1,4
logic journal of the igpl,0,0,1,2
logica universalis,0,0,1,2
logopedics phoniatrics vocology,0,0,1,3
logos-vilnius,0,0,1,0
london journal,0,0,1,0
long range planning,0,0,1,14
longitudinal and life course studies,0,0,1,2
low temperature physics,0,0,1,1
lubricants,0,0,1,7
lubrication science,0,0,1,4
luminescence,0,0,1,5
lung,0,0,1,8
lung cancer,0,0,1,4
lupus,0,0,1,5
lupus science and medicine,0,0,1,8
luso-brazilian review,0,0,1,0
luts-lower urinary tract symptoms,0,0,1,2
lwt-food science and technology,0,0,1,17
lymphatic research and biology,0,0,1,5
m s-medecine sciences,0,0,1,1
mabs,0,0,1,14
macedonian journal of chemistry and chemical engineering,0,0,1,2
machine learning,0,0,1,5
machine vision and applications,0,0,1,4
machines,0,0,1,7
machining science and technology,0,0,1,6
macroeconomic dynamics,0,0,1,1
macroheterocycles,0,0,1,2
macromolecular bioscience,0,0,1,9
macromolecular chemistry and physics,0,0,1,4
macromolecular materials and engineering,0,0,1,9
macromolecular rapid communications,0,0,1,7
macromolecular reaction engineering,0,0,1,3
macromolecular research,0,0,1,7
macromolecular theory and simulations,0,0,1,2
macromolecules,0,0,1,12
madera y bosques,0,0,1,2
maderas-ciencia y tecnologia,0,0,1,2
magallania,0,0,1,0
magazine of concrete research,0,0,1,4
magic ritual and witchcraft,0,0,1,0
magnetic resonance imaging,0,0,1,5
magnetic resonance imaging clinics of north america,0,0,1,2
magnetic resonance in chemistry,0,0,1,2
magnetic resonance in medical sciences,0,0,1,6
magnetic resonance in medicine,0,0,1,6
magnetic resonance materials in physics biology and medicine,0,0,1,5
magnetochemistry,0,0,1,6
magnetohydrodynamics,0,0,1,1
main group chemistry,0,0,1,3
malaria journal,0,0,1,9
malawi medical journal,0,0,1,2
malaysian journal of computer science,0,0,1,3
malaysian journal of library and information science,0,0,1,1
mammal research,0,0,1,4
mammal review,0,0,1,7
mammal study,0,0,1,2
mammalia,0,0,1,2
mammalian biology,0,0,1,6
mammalian genome,0,0,1,5
management accounting research,0,0,1,8
management and organization review,0,0,1,3
management and organizational history,0,0,1,3
management communication quarterly,0,0,1,6
management decision,0,0,1,11
management international review,0,0,1,9
management learning,0,0,1,6
management of biological invasions,0,0,1,3
management science,0,0,1,16
managerial and decision economics,0,0,1,5
managerial auditing journal,0,0,1,7
manchester school,0,0,1,1
mandsom-manufacturing and service operations management,0,0,1,17
manuscripta mathematica,0,0,1,1
manuscrito,0,0,1,0
mapan-journal of metrology society of india,0,0,1,3
marine and coastal fisheries,0,0,1,3
marine and freshwater behaviour and physiology,0,0,1,3
marine and freshwater research,0,0,1,4
marine and petroleum geology,0,0,1,9
marine biodiversity,0,0,1,3
marine biology,0,0,1,5
marine biology research,0,0,1,3
marine biotechnology,0,0,1,6
marine chemistry,0,0,1,6
marine drugs,0,0,1,13
marine ecology progress series,0,0,1,6
marine ecology-an evolutionary perspective,0,0,1,3
marine environmental research,0,0,1,6
marine genomics,0,0,1,4
marine geodesy,0,0,1,3
marine geology,0,0,1,7
marine geophysical research,0,0,1,5
marine georesources and geotechnology,0,0,1,4
marine mammal science,0,0,1,4
marine micropaleontology,0,0,1,5
marine policy,0,0,1,11
marine pollution bulletin,0,0,1,13
marine resource economics,0,0,1,4
marine structures,0,0,1,12
marine technology society journal,0,0,1,2
mariners mirror,0,0,1,0
maritime economics and logistics,0,0,1,13
maritime policy and management,0,0,1,8
marketing intelligence and planning,0,0,1,11
marketing letters,0,0,1,4
marketing science,0,0,1,12
marketing theory,0,0,1,8
mass communication and society,0,0,1,5
mass spectrometry reviews,0,0,1,9
massachusetts review,0,0,1,0
materia-rio de janeiro,0,0,1,1
material religion,0,0,1,0
materiale plastice,0,0,1,1
materiales de construccion,0,0,1,4
materiali in tehnologije,0,0,1,1
materials,0,0,1,8
materials and corrosion-werkstoffe und korrosion,0,0,1,3
materials and design,0,0,1,16
materials and manufacturing processes,0,0,1,10
materials and structures,0,0,1,7
materials at high temperatures,0,0,1,3
materials characterization,0,0,1,13
materials chemistry and physics,0,0,1,13
materials chemistry frontiers,0,0,1,14
materials express,0,0,1,1
materials horizons,0,0,1,16
materials letters,0,0,1,7
materials research bulletin,0,0,1,14
materials research express,0,0,1,5
materials research letters,0,0,1,15
materials research-ibero-american journal of materials,0,0,1,3
materials science,0,0,1,3
materials science and engineering a-structural materials properties microstructure and processing,0,0,1,17
materials science and engineering b-advanced functional solid-state materials,0,0,1,10
materials science and engineering r-reports,0,0,1,24
materials science and technology,0,0,1,4
materials science in semiconductor processing,0,0,1,11
materials science-medziagotyra,0,0,1,1
materials science-poland,0,0,1,3
materials technology,0,0,1,10
materials testing,0,0,1,6
materials today,0,0,1,30
materials today advances,0,0,1,12
materials today bio,1,1,1,10
materials today chemistry,0,0,1,9
materials today communications,0,0,1,5
materials today energy,0,0,1,11
materials today nano,0,0,1,12
materials today physics,0,0,1,13
materials today sustainability,0,0,1,8
materials transactions,0,0,1,4
materialwissenschaft und werkstofftechnik,0,0,1,2
maternal and child health journal,0,0,1,4
maternal and child nutrition,0,0,1,5
mathematica scandinavica,0,0,1,1
mathematica slovaca,0,0,1,1
mathematical and computer modelling of dynamical systems,0,0,1,5
mathematical biosciences,0,0,1,4
mathematical finance,0,0,1,5
mathematical geosciences,0,0,1,6
mathematical inequalities and applications,0,0,1,0
mathematical intelligencer,0,0,1,0
mathematical logic quarterly,0,0,1,1
mathematical medicine and biology-a journal of the ima,0,0,1,2
mathematical methods in the applied sciences,0,0,1,3
mathematical methods of operations research,0,0,1,3
mathematical modelling and analysis,0,0,1,3
mathematical modelling of natural phenomena,0,0,1,3
mathematical models and methods in applied sciences,0,0,1,8
mathematical notes,0,0,1,1
mathematical physics analysis and geometry,0,0,1,2
mathematical population studies,0,0,1,2
mathematical problems in engineering,0,0,1,4
mathematical proceedings of the cambridge philosophical society,0,0,1,1
mathematical programming,0,0,1,5
mathematical programming computation,0,0,1,5
mathematical research letters,0,0,1,2
mathematical sciences,0,0,1,6
mathematical social sciences,0,0,1,2
mathematical structures in computer science,0,0,1,2
mathematical thinking and learning,0,0,1,4
mathematics,0,0,1,5
mathematics and computers in simulation,0,0,1,11
mathematics and financial economics,0,0,1,2
mathematics and mechanics of solids,0,0,1,4
mathematics in engineering,0,0,1,4
mathematics of computation,0,0,1,4
mathematics of control signals and systems,0,0,1,2
mathematics of operations research,0,0,1,4
mathematika,0,0,1,1
mathematische annalen,0,0,1,3
mathematische nachrichten,0,0,1,2
mathematische zeitschrift,0,0,1,2
matrix biology,0,0,1,14
matrix biology journal of the international society for matrix biology,1,2,0,
matter,0,0,1,21
matter and radiation at extremes,0,0,1,9
maturitas,0,0,1,3
mayo clinic proceedings,0,0,1,4
mbio,0,0,1,13
mcn-the american journal of maternal-child nursing,0,0,1,2
measurement,0,0,1,12
measurement and control,0,0,1,5
measurement and evaluation in counseling and development,0,0,1,3
measurement in physical education and exercise science,0,0,1,3
measurement science and technology,0,0,1,5
measurement science review,0,0,1,3
meat science,0,0,1,16
meccanica,0,0,1,4
mechanical engineering,0,0,1,0
mechanical sciences,0,0,1,4
mechanical systems and signal processing,0,0,1,21
mechanics and industry,0,0,1,3
mechanics based design of structures and machines,0,0,1,5
mechanics of advanced materials and structures,0,0,1,9
mechanics of composite materials,0,0,1,4
mechanics of materials,0,0,1,10
mechanics of solids,0,0,1,2
mechanics of time-dependent materials,0,0,1,5
mechanics research communications,0,0,1,5
mechanika,0,0,1,1
mechanism and machine theory,0,0,1,16
mechanisms of ageing and development,0,0,1,13
mechatronics,0,0,1,9
medecine nucleaire-imagerie fonctionnelle et metabolique,0,0,1,0
media and communication,0,0,1,6
media culture and society,0,0,1,7
media international australia,0,0,1,4
media psychology,0,0,1,5
mediators of inflammation,1,1,1,10
medical and biological engineering and computing,0,0,1,7
medical and veterinary entomology,0,0,1,4
medical anthropology,0,0,1,3
medical anthropology quarterly,0,0,1,1
medical care,0,0,1,4
medical care research and review,0,0,1,5
medical clinics of north america,0,0,1,3
medical decision making,0,0,1,4
medical dosimetry,0,0,1,3
medical education,0,0,1,3
medical education online,0,0,1,8
medical engineering and physics,0,0,1,6
medical history,0,0,1,0
medical humanities,0,0,1,2
medical hypotheses,0,0,1,2
medical image analysis,0,0,1,26
medical journal of australia,0,0,1,4
medical law review,0,0,1,2
medical microbiology and immunology,0,0,1,7
medical molecular morphology,0,0,1,2
medical mycology,0,0,1,2
medical oncology,0,0,1,12
medical oncology northwood london england,1,1,0,
medical physics,0,0,1,7
medical principles and practice,0,0,1,4
medical problems of performing artists,0,0,1,2
medical research archives,0,0,1,0
medical science monitor,0,0,1,4
medical teacher,0,0,1,4
medical ultrasonography,0,0,1,2
medicc review,0,0,1,3
medicina clinica,0,0,1,1
medicina dello sport,0,0,1,0
medicina intensiva,0,0,1,2
medicina oral patologia oral y cirugia bucal,0,0,1,5
medicinal chemistry,0,0,1,5
medicinal chemistry research,0,0,1,5
medicinal research reviews,0,0,1,20
medicine,0,0,1,4
medicine and science in sports and exercise,0,0,1,0
medicine health care and philosophy,0,0,1,5
medicine science and the law,0,0,1,2
medieval history journal,0,0,1,0
mediterranean historical review,0,0,1,0
mediterranean journal of hematology and infectious diseases,0,0,1,3
mediterranean journal of mathematics,0,0,1,2
mediterranean marine science,0,0,1,4
mediterranean politics,0,0,1,2
medium aevum,0,0,1,0
medizinische genetik,0,0,1,0
medizinische klinik-intensivmedizin und notfallmedizin,0,0,1,2
medycyna pracy,0,0,1,2
medycyna weterynaryjna-veterinary medicine-science and practice,0,0,1,0
melanges de la casa de velazquez,0,0,1,0
melanoma research,0,0,1,4
melus,0,0,1,0
membranes,0,0,1,11
memetic computing,0,0,1,5
memoirs of the american mathematical society,0,0,1,3
memorias do instituto oswaldo cruz,0,0,1,4
memory,0,0,1,4
memory and cognition,0,0,1,4
memory studies,0,0,1,2
men and masculinities,0,0,1,2
mendeleev communications,0,0,1,4
menopause-the journal of the north american menopause society,0,0,1,7
mental health and physical activity,0,0,1,6
meta,0,0,1,0
metabolic brain disease,1,1,1,13
metabolic engineering,0,0,1,19
metabolic syndrome and related disorders,0,0,1,4
metabolism-clinical and experimental,0,0,1,14
metabolites,0,0,1,10
metacognition and learning,0,0,1,9
metal science and heat treatment,0,0,1,1
metallurgical and materials transactions a-physical metallurgy and materials science,0,0,1,6
metallurgical and materials transactions b-process metallurgy and materials processing science,0,0,1,6
metallurgical research and technology,0,0,1,3
metallurgist,0,0,1,1
metals,0,0,1,7
metals and materials international,0,0,1,8
metaphilosophy,0,0,1,1
metaphor and symbol,0,0,1,7
meteoritics and planetary science,0,0,1,3
meteorological applications,0,0,1,4
meteorologische zeitschrift,0,0,1,3
meteorology and atmospheric physics,0,0,1,5
method and theory in the study of religion,0,0,1,0
methodology and computing in applied probability,0,0,1,2
methods,0,0,1,10
methods and applications in fluorescence,0,0,1,8
methods in ecology and evolution,0,0,1,11
methods in molecular biology clifton nj,1,1,0,
methods of information in medicine,0,0,1,5
metrika,0,0,1,2
metroeconomica,0,0,1,2
metrologia,0,0,1,2
metu journal of the faculty of architecture,0,0,1,0
mexican studies-estudios mexicanos,0,0,1,0
mfs-modern fiction studies,0,0,1,0
michigan law review,0,0,1,0
michigan mathematical journal,0,0,1,1
micro and nano letters,0,0,1,4
microbes and environments,0,0,1,6
microbes and infection,0,0,1,6
microbial biotechnology,0,0,1,9
microbial cell,0,0,1,6
microbial cell factories,0,0,1,13
microbial drug resistance,0,0,1,6
microbial ecology,0,0,1,11
microbial genomics,0,0,1,7
microbial pathogenesis,0,0,1,7
microbial risk analysis,0,0,1,4
microbiological research,0,0,1,15
microbiology,0,0,1,2
microbiology and immunology,0,0,1,3
microbiology and molecular biology reviews,0,0,1,18
microbiology spectrum,0,0,1,10
microbiology-sgm,0,0,1,8
microbiologyopen,0,0,1,4
microbiome,0,0,1,31
microchemical journal,0,0,1,8
microchimica acta,0,0,1,11
microcirculation,0,0,1,4
microelectronic engineering,0,0,1,8
microelectronics international,0,0,1,3
microelectronics journal,0,0,1,5
microelectronics reliability,0,0,1,5
microfluidics and nanofluidics,0,0,1,6
microgravity science and technology,0,0,1,6
micromachines,0,0,1,8
micron,0,0,1,5
microorganisms,0,0,1,9
micropaleontology,0,0,1,2
microporous and mesoporous materials,0,0,1,13
microprocessors and microsystems,0,0,1,9
microscopy,0,0,1,3
microscopy and microanalysis,0,0,1,1
microscopy research and technique,0,0,1,4
microsurgery,0,0,1,2
microsystem technologies-micro-and nanosystems-information storage and processing systems,0,0,1,4
microsystems and nanoengineering,0,0,1,17
microvascular research,0,0,1,7
microwave and optical technology letters,0,0,1,2
middle east critique,0,0,1,3
middle east journal,0,0,1,0
middle east policy,0,0,1,1
middle eastern literatures,0,0,1,0
middle eastern studies,0,0,1,1
midwest studies in philosophy,0,0,1,2
midwifery,0,0,1,6
migration studies,0,0,1,7
mikrobiyoloji bulteni,0,0,1,2
milan journal of mathematics,0,0,1,2
milbank quarterly,0,0,1,8
militargeschichtliche zeitschrift,0,0,1,0
military medical research,0,0,1,14
military medicine,0,0,1,2
military psychology,0,0,1,3
millennium-journal of international studies,0,0,1,3
milton quarterly,0,0,1,0
milton studies,0,0,1,0
mind,0,0,1,1
mind and language,0,0,1,3
mind brain and education,0,0,1,4
mind culture and activity,0,0,1,2
mindfulness,0,0,1,8
minds and machines,0,0,1,16
mine water and the environment,0,0,1,5
mineral processing and extractive metallurgy review,0,0,1,9
mineralium deposita,0,0,1,9
mineralogical magazine,0,0,1,2
mineralogy and petrology,0,0,1,2
minerals,0,0,1,6
minerals engineering,0,0,1,13
minerva,0,0,1,5
minerva anestesiologica,0,0,1,3
minerva medica,0,0,1,2
mini-reviews in medicinal chemistry,0,0,1,9
mini-reviews in organic chemistry,0,0,1,5
minimally invasive therapy and allied technologies,0,0,1,3
mining metallurgy and exploration,0,0,1,2
minnesota review,0,0,1,0
mis quarterly,0,0,1,14
mis quarterly executive,0,0,1,3
miskolc mathematical notes,0,0,1,1
mississippi quarterly,0,0,1,0
missouri review,0,0,1,0
mitigation and adaptation strategies for global change,0,0,1,7
mitochondrial dna part a,0,0,1,1
mitochondrial dna part b-resources,0,0,1,2
mitochondrion,0,0,1,11
mitteilungen der osterreichischen geographischen gesellschaft,0,0,1,0
mmwr-morbidity and mortality weekly report,0,0,1,37
mnemosyne,0,0,1,0
mobile dna,0,0,1,7
mobile information systems,0,0,1,3
mobile media and communication,0,0,1,4
mobile networks and applications,0,0,1,5
mobilities,0,0,1,5
mobilization,0,0,1,2
modelling and simulation in materials science and engineering,0,0,1,4
modern and contemporary france,0,0,1,0
modern asian studies,0,0,1,1
modern china,0,0,1,2
modern drama,0,0,1,0
modern intellectual history,0,0,1,0
modern italy,0,0,1,0
modern judaism,0,0,1,0
modern language journal,0,0,1,7
modern language quarterly,0,0,1,0
modern law review,0,0,1,1
modern pathology,0,0,1,15
modern philology,0,0,1,0
modern physics letters a,0,0,1,3
modern physics letters b,0,0,1,5
modern rheumatology,0,0,1,5
modern theology,0,0,1,0
modernism-modernity,0,0,1,0
modernist cultures,0,0,1,0
mokuzai gakkaishi,0,0,1,1
molecular and biochemical parasitology,0,0,1,4
molecular and cellular biochemistry,0,0,1,8
molecular and cellular endocrinology,0,0,1,8
molecular and cellular neuroscience,0,0,1,8
molecular and cellular probes,0,0,1,7
molecular and cellular proteomics,0,0,1,8
molecular and cellular toxicology,0,0,1,2
molecular aspects of medicine,0,0,1,26
molecular autism,0,0,1,13
molecular biology,0,0,1,2
molecular biology and evolution,0,0,1,14
molecular biology of the cell,1,1,1,8
molecular biology reports,0,0,1,6
molecular biotechnology,0,0,1,5
molecular brain,0,0,1,8
molecular breeding,0,0,1,7
molecular cancer,0,0,1,46
molecular cancer research,0,0,1,11
molecular cancer therapeutics,0,0,1,5
molecular carcinogenesis,0,0,1,6
molecular catalysis,0,0,1,4
molecular cell,0,0,1,34
molecular crystals and liquid crystals,0,0,1,2
molecular cytogenetics,0,0,1,3
molecular diagnosis and therapy,0,0,1,10
molecular diversity,0,0,1,6
molecular ecology,0,0,1,11
molecular ecology resources,0,0,1,11
molecular genetics and genomic medicine,0,0,1,4
molecular genetics and genomics,0,0,1,5
molecular genetics and metabolism,0,0,1,0
molecular genetics and metabolism reports,0,0,1,3
molecular genetics microbiology and virology,0,0,1,1
molecular imaging,0,0,1,8
molecular imaging and biology,0,0,1,5
molecular immunology,0,0,1,7
molecular informatics,0,0,1,5
molecular medicine,0,0,1,26
molecular medicine reports,0,0,1,7
molecular metabolism,0,0,1,15
molecular microbiology,0,0,1,7
molecular neurobiology,0,0,1,9
molecular neurodegeneration,0,0,1,32
molecular nutrition and food research,0,0,1,8
molecular omics,0,0,1,5
molecular oncology,0,0,1,8
molecular oral microbiology,0,0,1,6
molecular pain,0,0,1,7
molecular pharmaceutics,0,0,1,9
molecular pharmacology,0,0,1,6
molecular phylogenetics and evolution,0,0,1,10
molecular physics,0,0,1,4
molecular plant,0,0,1,29
molecular plant pathology,0,0,1,10
molecular plant-microbe interactions,0,0,1,8
molecular psychiatry,0,0,1,19
molecular reproduction and development,0,0,1,5
molecular simulation,0,0,1,4
molecular syndromology,0,0,1,2
molecular systems biology,0,0,1,16
molecular systems design and engineering,0,0,1,7
molecular therapy,0,0,1,15
molecular therapy-methods and clinical development,0,0,1,11
molecular therapy-nucleic acids,0,0,1,14
molecular therapy-oncolytics,0,0,1,20
molecules,0,0,1,12
molluscan research,0,0,1,2
monatshefte fuer chemie,0,0,1,4
monatshefte fuer mathematik,0,0,1,2
monatsschrift fuer kriminologie und strafrechtsreform,0,0,1,1
monatsschrift kinderheilkunde,0,0,1,0
monist,0,0,1,2
monthly labor review,0,0,1,2
monthly notices of the royal astronomical society,0,0,1,12
monthly review-an independent socialist magazine,0,0,1,0
monthly weather review,0,0,1,4
moscow university physics bulletin,0,0,1,1
motivation and emotion,0,0,1,5
motivation science,0,0,1,3
motor control,0,0,1,4
mountain research and development,0,0,1,4
mouvement social,0,0,1,0
movement disorders,0,0,1,9
movement disorders clinical practice,0,0,1,3
movement ecology,0,0,1,8
movimento-porto alegre,0,0,1,1
moyen age,0,0,1,0
mrs bulletin,0,0,1,6
mrs communications,0,0,1,6
msphere,0,0,1,8
msystems,0,0,1,12
mucosal immunology,0,0,1,13
multibody system dynamics,0,0,1,5
multidimensional systems and signal processing,0,0,1,6
multidiscipline modeling in materials and structures,0,0,1,5
multilingua-journal of cross-cultural and interlanguage communication,0,0,1,3
multimedia systems,0,0,1,4
multimedia tools and applications,0,0,1,13
multinational business review,0,0,1,4
multiple sclerosis and related disorders,0,0,1,6
multiple sclerosis journal,0,0,1,7
multiscale modeling and simulation,0,0,1,5
multisensory research,0,0,1,2
multivariate behavioral research,0,0,1,3
muscle and nerve,0,0,1,4
musculoskeletal science and practice,0,0,1,4
museum international,0,0,1,1
museum management and curatorship,0,0,1,3
music and letters,0,0,1,0
music education research,0,0,1,2
music perception,0,0,1,3
music theory online,0,0,1,1
music theory spectrum,0,0,1,1
musica hodie,0,0,1,1
musicae scientiae,0,0,1,4
musical quarterly,0,0,1,0
muslim world,0,0,1,1
mutagenesis,0,0,1,6
mutation research-fundamental and molecular mechanisms of mutagenesis,0,0,1,5
mutation research-genetic toxicology and environmental mutagenesis,0,0,1,5
mutation research-reviews in mutation research,0,0,1,8
muzikoloski zbornik,0,0,1,0
mycobiology,0,0,1,4
mycokeys,0,0,1,5
mycologia,0,0,1,5
mycological progress,0,0,1,7
mycopathologia,0,0,1,5
mycorrhiza,0,0,1,7
mycoscience,0,0,1,3
mycoses,0,0,1,6
mycosphere,0,0,1,20
mycotaxon,0,0,1,2
mycotoxin research,0,0,1,7
nagoya mathematical journal,0,0,1,2
names-a journal of onomastics,0,0,1,1
nan nu-men women and gender in china,0,0,1,0
nano,0,0,1,2
nano communication networks,0,0,1,8
nano convergence,0,0,1,30
nano energy,0,0,1,43
nano futures,0,0,1,8
nano letters,0,0,1,17
nano research,0,0,1,21
nano today,0,0,1,23
nano-micro letters,0,0,1,73
nanoethics,0,0,1,4
nanoimpact,0,0,1,16
nanomaterials,0,0,1,12
nanomaterials and nanotechnology,0,0,1,9
nanomedicine,0,0,1,7
nanomedicine-nanotechnology biology and medicine,0,0,1,11
nanophotonics,0,0,1,13
nanoscale,0,0,1,10
nanoscale advances,0,0,1,9
nanoscale and microscale thermophysical engineering,0,0,1,4
nanoscale horizons,0,0,1,9
nanotechnology,0,0,1,7
nanotechnology science and applications,1,1,0,
nanotoxicology,0,0,1,8
narrative,0,0,1,0
narrative inquiry,0,0,1,2
national academy science letters-india,0,0,1,2
national medical journal of india,0,0,1,0
national science review,0,0,1,16
national tax journal,0,0,1,3
nationalities papers-the journal of nationalism and ethnicity,0,0,1,2
nations and nationalism,0,0,1,2
natural areas journal,0,0,1,1
natural computing,0,0,1,3
natural hazards,0,0,1,8
natural hazards and earth system sciences,0,0,1,10
natural hazards review,0,0,1,6
natural language and linguistic theory,0,0,1,2
natural language engineering,0,0,1,5
natural product communications,0,0,1,1
natural product reports,0,0,1,22
natural product research,0,0,1,3
natural resource modeling,0,0,1,3
natural resources forum,0,0,1,5
natural resources research,0,0,1,12
nature,0,0,1,15
nature and science of sleep,0,0,1,7
nature astronomy,0,0,1,14
nature biomedical engineering,0,0,1,31
nature biotechnology,0,0,1,17
nature cancer,1,1,1,29
nature catalysis,0,0,1,59
nature cell biology,0,0,1,29
nature chemical biology,0,0,1,20
nature chemistry,0,0,1,36
nature climate change,0,0,1,21
nature communications,1,1,1,32
nature conservation-bulgaria,0,0,1,5
nature ecology and evolution,0,0,1,19
nature electronics,0,0,1,32
nature energy,0,0,1,52
nature genetics,0,0,1,39
nature geoscience,0,0,1,21
nature human behaviour,0,0,1,21
nature immunology,0,0,1,25
nature machine intelligence,0,0,1,37
nature materials,0,0,1,43
nature medicine,0,0,1,42
nature metabolism,0,0,1,32
nature methods,0,0,1,28
nature microbiology,0,0,1,32
nature nanotechnology,1,1,1,53
nature neuroscience,0,0,1,36
nature photonics,0,0,1,46
nature physics,0,0,1,23
nature protocols,0,0,1,27
nature reviews cancer,0,0,1,26
nature reviews cardiology,0,0,1,14
nature reviews chemistry,0,0,1,36
nature reviews clinical oncology,0,0,1,21
nature reviews disease primers,0,0,1,48
nature reviews drug discovery,0,0,1,8
nature reviews endocrinology,0,0,1,13
nature reviews gastroenterology and hepatology,0,0,1,15
nature reviews genetics,0,0,1,25
nature reviews immunology,0,0,1,25
nature reviews materials,0,0,1,54
nature reviews microbiology,0,0,1,30
nature reviews molecular cell biology,0,0,1,50
nature reviews nephrology,0,0,1,19
nature reviews neurology,0,0,1,11
nature reviews neuroscience,0,0,1,24
nature reviews physics,0,0,1,21
nature reviews rheumatology,0,0,1,12
nature reviews urology,0,0,1,6
nature structural and molecular biology,0,0,1,20
nature sustainability,0,0,1,35
naunyn-schmiedebergs archives of pharmacology,0,0,1,5
naval research logistics,0,0,1,3
navigation-journal of the institute of navigation,0,0,1,6
nber macroeconomics annual,0,0,1,1
ndt and e international,0,0,1,12
near eastern archaeology,0,0,1,0
near surface geophysics,0,0,1,3
nefrologia,0,0,1,2
negotiation journal,0,0,1,1
nematology,0,0,1,1
neobiota,0,0,1,6
neohelicon,0,0,1,0
neonatology,0,0,1,5
neophilologus,0,0,1,0
neoplasia,0,0,1,10
neotestamentica,0,0,1,0
neotropical ichthyology,0,0,1,3
nephrologie and therapeutique,0,0,1,0
nephrology,0,0,1,2
nephrology dialysis transplantation,0,0,1,0
nervenarzt,0,0,1,2
netherlands heart journal,0,0,1,3
netherlands quarterly of human rights,0,0,1,2
network neuroscience,0,0,1,9
networks,0,0,1,2
networks and spatial economics,0,0,1,3
neue zeitschrift fuer systematische theologie und religionsphilosophie,0,0,1,0
neues jahrbuch fuer geologie und palaontologie-abhandlungen,0,0,1,2
neural computation,0,0,1,5
neural computing and applications,0,0,1,10
neural networks,0,0,1,12
neural plasticity,0,0,1,12
neural processing letters,0,0,1,9
neural regeneration research,0,0,1,11
neuro-oncology,1,5,1,0
neuro-oncology advances,1,1,0,
neurobiology of aging,0,0,1,11
neurobiology of disease,0,0,1,13
neurobiology of learning and memory,0,0,1,5
neurobiology of stress,0,0,1,10
neurocase,0,0,1,2
neurochemical journal,0,0,1,1
neurochemical research,0,0,1,9
neurochemistry international,0,0,1,10
neurochirurgie,0,0,1,3
neurocirugia,0,0,1,0
neurocomputing,0,0,1,11
neurocritical care,0,0,1,6
neurodegenerative diseases,0,0,1,2
neuroendocrinology,0,0,1,5
neuroepidemiology,0,0,1,4
neuroethics,0,0,1,7
neurogastroenterology and motility,0,0,1,5
neuroimage,0,0,1,16
neuroimage-clinical,0,0,1,12
neuroimaging clinics of north america,0,0,1,3
neuroimmunomodulation,0,0,1,5
neuroinformatics,0,0,1,10
neurologia,0,0,1,3
neurologia i neurochirurgia polska,0,0,1,4
neurologia medico-chirurgica,0,0,1,4
neurologic clinics,0,0,1,6
neurological research,1,1,1,3
neurological sciences,0,0,1,4
neurological sciences and neurophysiology,0,0,1,1
neurology,0,0,1,1
neurology and therapy,0,0,1,8
neurology india,0,0,1,1
neurology-genetics,0,0,1,6
neurology-neuroimmunology and neuroinflammation,0,0,1,18
neuromodulation,0,0,1,0
neuromolecular medicine,0,0,1,13
neuromuscular disorders,0,0,1,0
neuron,0,0,1,35
neuropathology,0,0,1,3
neuropathology and applied neurobiology,0,0,1,7
neuropediatrics,0,0,1,1
neuropeptides,0,0,1,6
neuropharmacology,0,0,1,10
neurophotonics,0,0,1,7
neurophysiologie clinique-clinical neurophysiology,0,0,1,5
neurophysiology,0,0,1,1
neuropsychobiology,0,0,1,6
neuropsychologia,0,0,1,6
neuropsychological rehabilitation,0,0,1,4
neuropsychology,0,0,1,4
neuropsychology review,0,0,1,14
neuropsychopharmacology,0,0,1,11
neuroradiology,0,0,1,4
neurorehabilitation,0,0,1,3
neurorehabilitation and neural repair,0,0,1,9
neuroreport,0,0,1,4
neuroscience,1,1,1,5
neuroscience and biobehavioral reviews,0,0,1,23
neuroscience bulletin,0,0,1,8
neuroscience letters,0,0,1,6
neuroscience research,0,0,1,6
neuroscientist,0,0,1,6
neurospine,0,0,1,9
neurosurgery,0,0,1,1
neurosurgery clinics of north america,0,0,1,4
neurosurgical focus,0,0,1,6
neurosurgical review,1,1,0,
neurotherapeutics the journal of the american society for experimental neurotherapeutics,1,1,0,
neurotoxicity research,0,0,1,11
neurotoxicology,0,0,1,10
neurotoxicology and teratology,0,0,1,3
neurourology and urodynamics,0,0,1,4
new astronomy,0,0,1,5
new biotechnology,0,0,1,2
new carbon materials,0,0,1,18
new directions for child and adolescent development,0,0,1,6
new england journal of medicine,0,0,1,27
new england quarterly-a historical review of new england life and letters,0,0,1,0
new england review-middlebury series,0,0,1,0
new forests,0,0,1,3
new generation computing,0,0,1,6
new genetics and society,0,0,1,3
new german critique,0,0,1,0
new ideas in psychology,0,0,1,7
new journal of chemistry,0,0,1,6
new journal of physics,0,0,1,7
new media and society,0,0,1,9
new perspectives on turkey,0,0,1,1
new phytologist,0,0,1,17
new political economy,0,0,1,7
new review of film and television studies,0,0,1,0
new scientist,0,0,1,0
new technology work and employment,0,0,1,10
new testament studies,0,0,1,1
new theatre quarterly,0,0,1,0
new zealand geographer,0,0,1,2
new zealand journal of agricultural research,0,0,1,2
new zealand journal of botany,0,0,1,3
new zealand journal of crop and horticultural science,0,0,1,3
new zealand journal of ecology,0,0,1,1
new zealand journal of geology and geophysics,0,0,1,4
new zealand journal of marine and freshwater research,0,0,1,3
new zealand journal of zoology,0,0,1,3
new zealand veterinary journal,0,0,1,2
newsletters on stratigraphy,0,0,1,6
nexus network journal,0,0,1,2
nigerian journal of clinical practice,0,0,1,2
nihon reoroji gakkaishi,0,0,1,3
nineteenth century music,0,0,1,0
nineteenth-century contexts-an interdisciplinary journal,0,0,1,0
nineteenth-century french studies,0,0,1,0
nineteenth-century literature,0,0,1,0
nineteenth-century music review,0,0,1,0
nippon suisan gakkaishi,0,0,1,0
nitric oxide-biology and chemistry,0,0,1,8
nmr in biomedicine,0,0,1,5
nodea-nonlinear differential equations and applications,0,0,1,2
noise control engineering journal,0,0,1,1
nondestructive testing and evaluation,0,0,1,5
nonlinear analysis-hybrid systems,0,0,1,8
nonlinear analysis-modelling and control,0,0,1,3
nonlinear analysis-real world applications,0,0,1,4
nonlinear analysis-theory methods and applications,0,0,1,3
nonlinear dynamics,0,0,1,11
nonlinear processes in geophysics,0,0,1,4
nonlinearity,0,0,1,3
nonprofit and voluntary sector quarterly,0,0,1,6
nonprofit management and leadership,0,0,1,5
nordic journal of botany,0,0,1,2
nordic journal of linguistics,0,0,1,1
nordic journal of music therapy,0,0,1,2
nordic journal of psychiatry,0,0,1,3
nordic journal of religion and society,0,0,1,1
nordic psychology,0,0,1,2
nordic pulp and paper research journal,0,0,1,3
nordic studies on alcohol and drugs,0,0,1,4
nordic theatre studies,0,0,1,0
norsk geografisk tidsskrift-norwegian journal of geography,0,0,1,3
north american archaeologist,0,0,1,0
north american journal of aquaculture,0,0,1,2
north american journal of economics and finance,0,0,1,8
north american journal of fisheries management,0,0,1,3
northeastern naturalist,0,0,1,1
northern history,0,0,1,0
northwest science,0,0,1,0
norwegian archaeological review,0,0,1,1
norwegian journal of geology,0,0,1,1
notarzt,0,0,1,0
notes and queries,0,0,1,0
notes and records-the royal society journal of the history of science,0,0,1,1
notfall and rettungsmedizin,0,0,1,1
notre dame journal of formal logic,0,0,1,1
nottingham french studies,0,0,1,0
notulae botanicae horti agrobotanici cluj-napoca,0,0,1,3
nous,0,0,1,2
nova hedwigia,0,0,1,2
nova religio-journal of alternative and emergent religions,0,0,1,0
novel-a forum on fiction,0,0,1,0
novon,0,0,1,1
novum testamentum,0,0,1,0
npg asia materials,0,0,1,30
npj 2d materials and applications,0,0,1,18
npj biofilms and microbiomes,0,0,1,18
npj breast cancer,0,0,1,15
npj clean water,0,0,1,19
npj climate and atmospheric science,0,0,1,11
npj computational materials,0,0,1,23
npj digital medicine,0,0,1,18
npj flexible electronics,0,0,1,34
npj genomic medicine,0,0,1,12
npj materials degradation,0,0,1,12
npj microgravity,0,0,1,10
npj parkinsons disease,0,0,1,15
npj precision oncology,1,2,1,12
npj primary care respiratory medicine,0,0,1,8
npj quantum information,0,0,1,17
npj quantum materials,0,0,1,16
npj regenerative medicine,0,0,1,17
npj science of food,0,0,1,9
npj science of learning,0,0,1,7
npj systems biology and applications,0,0,1,7
npj vaccines,0,0,1,14
ntm,0,0,1,1
nuclear data sheets,0,0,1,3
nuclear engineering and design,0,0,1,5
nuclear engineering and technology,0,0,1,6
nuclear fusion,0,0,1,8
nuclear instruments and methods in physics research section a-accelerators spectrometers detectors and associated equipment,0,0,1,4
nuclear instruments and methods in physics research section b-beam interactions with materials and atoms,0,0,1,3
nuclear materials and energy,0,0,1,4
nuclear medicine and biology,0,0,1,0
nuclear medicine communications,0,0,1,3
nuclear physics a,0,0,1,3
nuclear physics b,0,0,1,6
nuclear science and engineering,0,0,1,2
nuclear science and techniques,0,0,1,8
nuclear technology,0,0,1,2
nuclear technology and radiation protection,0,0,1,2
nucleic acid therapeutics,0,0,1,12
nucleic acids research,0,0,1,16
nucleosides nucleotides and nucleic acids,0,0,1,3
nucleus,0,0,1,13
nuklearmedizin-nuclear medicine,0,0,1,0
numen-international review for the history of religions,0,0,1,0
numerical algorithms,0,0,1,4
numerical functional analysis and optimization,0,0,1,3
numerical heat transfer part a-applications,0,0,1,8
numerical heat transfer part b-fundamentals,0,0,1,7
numerical linear algebra with applications,0,0,1,3
numerical mathematics-theory methods and applications,0,0,1,2
numerical methods for partial differential equations,0,0,1,3
numerische mathematik,0,0,1,6
nuncius-journal of the history of science,0,0,1,0
nurse education in practice,0,0,1,8
nurse education today,0,0,1,12
nurse educator,0,0,1,2
nursing and health sciences,0,0,1,3
nursing clinics of north america,0,0,1,2
nursing ethics,0,0,1,7
nursing in critical care,0,0,1,4
nursing inquiry,0,0,1,5
nursing open,0,0,1,6
nursing outlook,0,0,1,4
nursing philosophy,0,0,1,4
nursing research,0,0,1,3
nursing science quarterly,0,0,1,1
nutricion hospitalaria,0,0,1,1
nutrient cycling in agroecosystems,0,0,1,6
nutrients,0,0,1,12
nutrition,0,0,1,8
nutrition and cancer-an international journal,0,0,1,6
nutrition and diabetes,0,0,1,10
nutrition and dietetics,0,0,1,5
nutrition and metabolism,0,0,1,7
nutrition bulletin,0,0,1,6
nutrition clinique et metabolisme,0,0,1,0
nutrition in clinical practice,0,0,1,4
nutrition journal,0,0,1,7
nutrition metabolism and cardiovascular diseases,0,0,1,8
nutrition research,0,0,1,6
nutrition research and practice,0,0,1,5
nutrition research reviews,0,0,1,9
nutrition reviews,0,0,1,10
nutritional neuroscience,0,0,1,7
nwig-new west indian guide-nieuwe west-indische gids,0,0,1,0
obesity,0,0,1,8
obesity facts,0,0,1,7
obesity research and clinical practice,0,0,1,3
obesity reviews,0,0,1,12
obesity surgery,0,0,1,5
obstetrical and gynecological survey,0,0,1,0
obstetrics and gynecology,0,0,1,2
obstetrics and gynecology clinics of north america,0,0,1,3
occupational and environmental medicine,0,0,1,7
occupational medicine-oxford,0,0,1,0
occupational therapy international,0,0,1,3
ocean and coastal management,0,0,1,12
ocean development and international law,0,0,1,2
ocean dynamics,0,0,1,3
ocean engineering,0,0,1,13
ocean modelling,0,0,1,6
ocean science,0,0,1,6
ocean science journal,0,0,1,3
oceania,0,0,1,0
oceanography,0,0,1,2
oceanologia,0,0,1,8
oceanology,0,0,1,2
october,0,0,1,0
ocular immunology and inflammation,0,0,1,4
ocular surface,0,0,1,11
odontology,0,0,1,4
oecologia,0,0,1,6
oeconomia copernicana,0,0,1,24
oeno one,0,0,1,5
oikos,0,0,1,6
oil shale,0,0,1,3
omega-international journal of management science,0,0,1,16
omega-journal of death and dying,0,0,1,3
oncogene,1,1,1,16
oncogenesis,0,0,1,13
oncoimmunology,0,0,1,15
oncologist,0,0,1,7
oncology,0,0,1,3
oncology and therapy,1,1,0,
oncology letters,0,0,1,4
oncology nursing forum,0,0,1,0
oncology reports,0,0,1,7
oncology research,1,3,1,11
oncology research and treatment,0,0,1,1
oncotarget,1,1,0,
oncotargets and therapy,1,1,1,4
onderstepoort journal of veterinary research,0,0,1,3
one earth,0,0,1,17
one health,0,0,1,10
online information review,0,0,1,9
open archaeology,0,0,1,3
open astronomy,0,0,1,2
open biology,0,0,1,9
open chemistry,0,0,1,5
open economies review,0,0,1,2
open forum infectious diseases,0,0,1,1
open geosciences,0,0,1,3
open house international,0,0,1,6
open life sciences,0,0,1,3
open mathematics,0,0,1,1
open medicine,0,0,1,4
open physics,0,0,1,5
open systems and information dynamics,0,0,1,2
opera quarterly,0,0,1,0
operational research,0,0,1,4
operations research,0,0,1,9
operations research letters,0,0,1,2
operations research perspectives,0,0,1,5
operative dentistry,0,0,1,4
operative neurosurgery,0,0,1,2
operative orthopadie und traumatologie,0,0,1,2
operative techniques in sports medicine,0,0,1,1
operators and matrices,0,0,1,1
ophthalmic and physiological optics,0,0,1,5
ophthalmic epidemiology,0,0,1,3
ophthalmic genetics,0,0,1,3
ophthalmic plastic and reconstructive surgery,0,0,1,2
ophthalmic research,0,0,1,5
ophthalmologica,0,0,1,4
ophthalmology,0,0,1,7
ophthalmology and therapy,0,0,1,7
optica,0,0,1,20
optical and quantum electronics,0,0,1,13
optical engineering,0,0,1,2
optical fiber technology,0,0,1,7
optical materials,0,0,1,10
optical materials express,0,0,1,8
optical review,0,0,1,2
optical switching and networking,0,0,1,7
optics and laser technology,0,0,1,10
optics and lasers in engineering,0,0,1,9
optics and spectroscopy,0,0,1,1
optics communications,0,0,1,5
optics express,0,0,1,8
optics letters,0,0,1,7
optik,0,0,1,10
optimal control applications and methods,0,0,1,3
optimization,0,0,1,3
optimization and engineering,0,0,1,3
optimization letters,0,0,1,3
optimization methods and software,0,0,1,2
opto-electronic advances,0,0,1,41
optometry and vision science,0,0,1,4
opuscula-annual of the swedish institutes at athens and rome,0,0,1,0
or spectrum,0,0,1,4
oral and maxillofacial surgery clinics of north america,0,0,1,3
oral diseases,0,0,1,5
oral history review,0,0,1,0
oral oncology,0,0,1,4
oral radiology,0,0,1,4
oral surgery oral medicine oral pathology oral radiology,0,0,1,0
orbis litterarum,0,0,1,0
order-a journal on the theory of ordered sets and its applications,0,0,1,1
ore geology reviews,0,0,1,9
organic and biomolecular chemistry,0,0,1,6
organic chemistry frontiers,0,0,1,10
organic electronics,0,0,1,8
organic geochemistry,0,0,1,5
organic letters,0,0,1,11
organic preparations and procedures international,0,0,1,3
organic process research and development,0,0,1,6
organised sound,0,0,1,1
organisms diversity and evolution,0,0,1,5
organization,0,0,1,5
organization and environment,0,0,1,16
organization science,0,0,1,16
organization studies,0,0,1,9
organizational behavior and human decision processes,0,0,1,10
organizational dynamics,0,0,1,6
organizational research methods,0,0,1,14
organometallics,0,0,1,6
organon f,0,0,1,0
oriens,0,0,1,0
oriental insects,0,0,1,1
orl-journal for oto-rhino-laryngology head and neck surgery,0,0,1,3
ornithological applications,0,0,1,3
ornithology,0,0,1,3
orphanet journal of rare diseases,0,0,1,7
orthodontics and craniofacial research,0,0,1,5
orthopaedic journal of sports medicine,0,0,1,2
orthopaedic nursing,0,0,1,0
orthopaedic surgery,0,0,1,5
orthopaedics and traumatology-surgery and research,0,0,1,6
orthopedic clinics of north america,0,0,1,3
orthopedics,0,0,1,3
orvosi hetilap,0,0,1,2
oryx,0,0,1,2
osiris,0,0,1,1
osteoarthritis and cartilage,0,0,1,1
osteoporosis international,0,0,1,8
ostrich,0,0,1,2
otjr-occupation participation and health,0,0,1,2
otolaryngologic clinics of north america,0,0,1,3
otolaryngology-head and neck surgery,0,0,1,4
otology and neurotology,0,0,1,4
outlook on agriculture,0,0,1,6
oxford art journal,0,0,1,0
oxford bulletin of economics and statistics,0,0,1,3
oxford economic papers-new series,0,0,1,4
oxford german studies,0,0,1,0
oxford journal of archaeology,0,0,1,1
oxford journal of legal studies,0,0,1,1
oxford literary review,0,0,1,0
oxford review of economic policy,0,0,1,6
oxford review of education,0,0,1,5
oxidation of metals,0,0,1,7
oxidative medicine and cellular longevity,0,0,1,17
ozone-science and engineering,0,0,1,4
pace-pacing and clinical electrophysiology,0,0,1,2
pacific affairs,0,0,1,2
pacific economic review,0,0,1,1
pacific focus,0,0,1,1
pacific historical review,0,0,1,0
pacific journal of mathematics,0,0,1,1
pacific philosophical quarterly,0,0,1,1
pacific review,0,0,1,5
pacific science,0,0,1,1
pacific-basin finance journal,0,0,1,8
packaging technology and science,0,0,1,7
paddy and water environment,0,0,1,4
paedagogica historica,0,0,1,0
paediatric and perinatal epidemiology,0,0,1,4
paediatric respiratory reviews,0,0,1,4
paediatrics and child health,0,0,1,1
paediatrics and international child health,0,0,1,2
pain,0,0,1,8
pain and therapy,0,0,1,8
pain management nursing,0,0,1,3
pain medicine,0,0,1,5
pain physician,0,0,1,5
pain practice,0,0,1,4
pain research and management,0,0,1,7
paj-a journal of performance and art,0,0,1,0
pakistan journal of agricultural sciences,0,0,1,1
pakistan journal of botany,0,0,1,1
pakistan journal of medical sciences,0,0,1,2
pakistan journal of pharmaceutical sciences,0,0,1,0
pakistan journal of zoology,0,0,1,1
pakistan veterinary journal,0,0,1,2
palaeobiodiversity and palaeoenvironments,0,0,1,4
palaeogeography palaeoclimatology palaeoecology,0,0,1,6
palaeontologia electronica,0,0,1,2
palaeontology,0,0,1,6
palaeoworld,0,0,1,3
palaios,0,0,1,4
paleobiology,0,0,1,6
paleoceanography and paleoclimatology,0,0,1,6
paleontological journal,0,0,1,2
paleontological research,0,0,1,2
palestine exploration quarterly,0,0,1,1
palliative and supportive care,0,0,1,3
palliative medicine,0,0,1,11
palynology,0,0,1,3
palz,0,0,1,3
pamietnik literacki,0,0,1,0
pan-pacific entomologist,0,0,1,1
pancreas,0,0,1,4
pancreatology,0,0,1,0
panminerva medica,0,0,1,3
panoeconomicus,0,0,1,2
papers in palaeontology,0,0,1,4
papers in regional science,0,0,1,7
papers of the bibliographical society of america,0,0,1,0
papers of the british school at rome,0,0,1,0
paragraph,0,0,1,0
parallax,0,0,1,0
parallel computing,0,0,1,6
parasite immunology,0,0,1,2
parasites and vectors,0,0,1,9
parasitology,0,0,1,5
parasitology international,0,0,1,5
parasitology research,0,0,1,5
parenting-science and practice,0,0,1,3
parergon,0,0,1,0
parkinsonism and related disorders,0,0,1,2
parkinsons disease,0,0,1,4
parliamentary affairs,0,0,1,2
parliamentary history,0,0,1,0
partial answers-journal of literature and the history of ideas,0,0,1,0
particle and fibre toxicology,0,0,1,22
particle and particle systems characterization,0,0,1,4
particulate science and technology,0,0,1,4
particuology,0,0,1,9
party politics,0,0,1,3
past and present,0,0,1,1
pathobiology,0,0,1,4
pathogens,0,0,1,8
pathogens and disease,0,0,1,9
pathogens and global health,0,0,1,7
pathology,0,0,1,1
pathology international,0,0,1,2
pathology research and practice,1,2,1,7
patient education and counseling,0,0,1,5
patient preference and adherence,0,0,1,6
patient-patient centered outcomes research,0,0,1,6
pattern analysis and applications,0,0,1,4
pattern recognition,0,0,1,20
pattern recognition letters,0,0,1,8
patterns of prejudice,0,0,1,0
pci journal,0,0,1,0
peacebuilding,0,0,1,2
pediatric allergy and immunology,0,0,1,5
pediatric allergy immunology and pulmonology,0,0,1,2
pediatric and developmental pathology,0,0,1,3
pediatric anesthesia,0,0,1,3
pediatric annals,0,0,1,1
pediatric blood and cancer,0,0,1,3
pediatric cardiology,0,0,1,3
pediatric clinics of north america,0,0,1,3
pediatric critical care medicine,0,0,1,3
pediatric dermatology,0,0,1,2
pediatric diabetes,0,0,1,8
pediatric drugs,0,0,1,8
pediatric emergency care,0,0,1,2
pediatric exercise science,0,0,1,3
pediatric hematology and oncology,0,0,1,3
pediatric infectious disease journal,0,0,1,4
pediatric nephrology,0,0,1,5
pediatric neurology,0,0,1,4
pediatric neurosurgery,0,0,1,3
pediatric obesity,0,0,1,6
pediatric physical therapy,0,0,1,1
pediatric pulmonology,0,0,1,4
pediatric radiology,0,0,1,8
pediatric research,0,0,1,4
pediatric rheumatology,0,0,1,6
pediatric surgery international,0,0,1,7
pediatric transplantation,0,0,1,3
pediatrics,0,0,1,8
pediatrics and neonatology,0,0,1,2
pediatrics international,0,0,1,2
pedobiologia,0,0,1,4
pedosphere,0,0,1,8
peer-to-peer networking and applications,0,0,1,6
peerj,1,1,1,6
peerj computer science,0,0,1,6
pensamiento,0,0,1,0
people and nature,0,0,1,9
peptide science,0,0,1,2
peptides,0,0,1,8
perception,0,0,1,2
perceptual and motor skills,0,0,1,4
performance evaluation,0,0,1,3
performance research,0,0,1,0
perfusion-uk,0,0,1,2
perinola-revista de investigacion quevediana,0,0,1,0
periodica mathematica hungarica,0,0,1,1
periodica polytechnica-chemical engineering,0,0,1,3
periodica polytechnica-civil engineering,0,0,1,2
periodontology 2000,0,0,1,36
perioperative medicine,0,0,1,4
peritoneal dialysis international,0,0,1,2
permafrost and periglacial processes,0,0,1,7
personal relationships,0,0,1,4
personality and individual differences,0,0,1,8
personality and mental health,0,0,1,4
personality and social psychology bulletin,0,0,1,6
personality and social psychology review,0,0,1,26
personality disorders-theory research and treatment,0,0,1,4
personalized medicine,0,0,1,3
personnel psychology,0,0,1,9
personnel review,0,0,1,12
perspective-actualite en histoire de lart,0,0,1,0
perspectives in biology and medicine,0,0,1,1
perspectives in ecology and conservation,0,0,1,7
perspectives in plant ecology evolution and systematics,0,0,1,5
perspectives in psychiatric care,0,0,1,6
perspectives in public health,0,0,1,2
perspectives on behavior science,0,0,1,4
perspectives on politics,0,0,1,0
perspectives on psychological science,0,0,1,24
perspectives on sexual and reproductive health,0,0,1,4
perspectives-studies in translation theory and practice,0,0,1,2
pervasive and mobile computing,0,0,1,9
pesquisa agropecuaria brasileira,0,0,1,1
pesquisa veterinaria brasileira,0,0,1,1
pest management science,0,0,1,8
pesticide biochemistry and physiology,0,0,1,9
petroleum chemistry,0,0,1,3
petroleum exploration and development,0,0,1,19
petroleum geoscience,0,0,1,3
petroleum science and technology,0,0,1,3
petrology,0,0,1,2
petrophysics,0,0,1,0
pferdeheilkunde,0,0,1,0
pfg-journal of photogrammetry remote sensing and geoinformation science,0,0,1,3
pflege,0,0,1,1
pflugers archiv-european journal of physiology,0,0,1,7
pharmaceutical biology,0,0,1,15
pharmaceutical chemistry journal,0,0,1,2
pharmaceutical development and technology,0,0,1,5
pharmaceutical research,0,0,1,9
pharmaceutical statistics,0,0,1,3
pharmaceuticals,0,0,1,10
pharmaceutics,1,2,1,15
pharmacoeconomics,0,0,1,9
pharmacoepidemiology and drug safety,0,0,1,3
pharmacogenetics and genomics,0,0,1,3
pharmacogenomics,0,0,1,4
pharmacogenomics and personalized medicine,0,0,1,3
pharmacogenomics journal,0,0,1,5
pharmacognosy magazine,0,0,1,1
pharmacological reports,0,0,1,7
pharmacological research,0,0,1,22
pharmacological reviews,0,0,1,24
pharmacology,0,0,1,5
pharmacology and therapeutics,0,0,1,31
pharmacology biochemistry and behavior,0,0,1,6
pharmacology research and perspectives,0,0,1,5
pharmacopsychiatry,0,0,1,1
pharmacotherapy,0,0,1,6
phase transitions,0,0,1,3
phenomenology and the cognitive sciences,0,0,1,3
phi delta kappan,0,0,1,1
philologus,0,0,1,0
philosophia,0,0,1,1
philosophia-international journal of philosophy,0,0,1,0
philosophical explorations,0,0,1,3
philosophical forum,0,0,1,0
philosophical investigations,0,0,1,0
philosophical issues,0,0,1,2
philosophical magazine,0,0,1,3
philosophical magazine letters,0,0,1,4
philosophical papers,0,0,1,1
philosophical psychology,0,0,1,3
philosophical quarterly,0,0,1,1
philosophical review,0,0,1,0
philosophical studies,0,0,1,2
philosophical transactions of the royal society a-mathematical physical and engineering sciences,0,0,1,7
philosophical transactions of the royal society b-biological sciences,0,0,1,14
philosophische rundschau,0,0,1,0
philosophisches jahrbuch,0,0,1,0
philosophy,0,0,1,0
philosophy and literature,0,0,1,0
philosophy and phenomenological research,0,0,1,1
philosophy and public affairs,0,0,1,2
philosophy and rhetoric,0,0,1,0
philosophy and social criticism,0,0,1,1
philosophy compass,0,0,1,3
philosophy of science,0,0,1,3
philosophy of the social sciences,0,0,1,1
philosophy today,0,0,1,0
phlebology,0,0,1,2
phonetica,0,0,1,1
phonology,0,0,1,1
phosphorus sulfur and silicon and the related elements,0,0,1,3
photoacoustics,0,0,1,19
photobiomodulation photomedicine and laser surgery,0,0,1,3
photochemical and photobiological sciences,0,0,1,5
photochemistry and photobiology,1,1,1,5
photodermatology photoimmunology and photomedicine,0,0,1,3
photodiagnosis and photodynamic therapy,0,0,1,6
photogrammetric engineering and remote sensing,0,0,1,3
photogrammetric record,0,0,1,1
photography and culture,0,0,1,0
photonic network communications,0,0,1,5
photonic sensors,0,0,1,9
photonics,0,0,1,5
photonics and nanostructures-fundamentals and applications,0,0,1,5
photonics research,0,0,1,14
photosynthesis research,0,0,1,7
photosynthetica,0,0,1,5
phronesis-a journal for ancient philosophy,0,0,1,0
phycologia,0,0,1,4
phycological research,0,0,1,2
phyllomedusa,0,0,1,1
physica a-statistical mechanics and its applications,0,0,1,8
physica b-condensed matter,0,0,1,6
physica c-superconductivity and its applications,0,0,1,3
physica d-nonlinear phenomena,0,0,1,5
physica e-low-dimensional systems and nanostructures,0,0,1,8
physica medica-european journal of medical physics,0,0,1,0
physica scripta,0,0,1,4
physica status solidi a-applications and materials science,0,0,1,3
physica status solidi b-basic solid state physics,0,0,1,3
physica status solidi-rapid research letters,0,0,1,4
physical and engineering sciences in medicine,0,0,1,4
physical and occupational therapy in pediatrics,0,0,1,3
physical chemistry chemical physics,0,0,1,7
physical communication,0,0,1,4
physical education and sport pedagogy,0,0,1,6
physical geography,0,0,1,3
physical medicine and rehabilitation clinics of north america,0,0,1,4
physical mesomechanics,0,0,1,5
physical review accelerators and beams,0,0,1,4
physical review applied,0,0,1,10
physical review fluids,0,0,1,6
physical review letters,0,0,1,18
physical review materials,0,0,1,6
physical review physics education research,0,0,1,7
physical review x,0,0,1,20
physical therapy,0,0,1,6
physical therapy in sport,0,0,1,6
physician and sportsmedicine,0,0,1,4
physics and chemistry of glasses-european journal of glass science and technology part b,0,0,1,1
physics and chemistry of liquids,0,0,1,3
physics and chemistry of minerals,0,0,1,4
physics and chemistry of the earth,0,0,1,8
physics in medicine and biology,0,0,1,6
physics letters a,0,0,1,4
physics letters b,0,0,1,9
physics of atomic nuclei,0,0,1,1
physics of fluids,0,0,1,7
physics of life reviews,0,0,1,2
physics of metals and metallography,0,0,1,2
physics of particles and nuclei,0,0,1,1
physics of plasmas,0,0,1,5
physics of the dark universe,0,0,1,11
physics of the earth and planetary interiors,0,0,1,4
physics of the solid state,0,0,1,1
physics of wave phenomena,0,0,1,2
physics reports-review section of physics letters,0,0,1,29
physics teacher,0,0,1,1
physics today,0,0,1,1
physics world,0,0,1,0
physics-uspekhi,0,0,1,2
physikalische medizin rehabilitationsmedizin kurortmedizin,0,0,1,0
physiologia plantarum,0,0,1,6
physiological and biochemical zoology,0,0,1,5
physiological and molecular plant pathology,0,0,1,5
physiological entomology,0,0,1,2
physiological genomics,0,0,1,5
physiological measurement,0,0,1,6
physiological research,0,0,1,5
physiological reviews,0,0,1,71
physiology,0,0,1,0
physiology and behavior,0,0,1,6
physiology and molecular biology of plants,0,0,1,8
physiology international,0,0,1,4
physiotherapy,0,0,1,0
physiotherapy canada,0,0,1,2
physiotherapy theory and practice,0,0,1,4
phytobiomes journal,0,0,1,5
phytochemical analysis,0,0,1,6
phytochemistry,0,0,1,8
phytochemistry letters,0,0,1,1
phytochemistry reviews,0,0,1,8
phytocoenologia,0,0,1,2
phytokeys,0,0,1,2
phytomedicine,0,0,1,17
phyton-international journal of experimental botany,0,0,1,2
phytoparasitica,0,0,1,3
phytopathology,0,0,1,9
phytopathology research,0,0,1,7
phytotaxa,0,0,1,1
phytotherapy research,0,0,1,15
pigment and resin technology,0,0,1,3
pigment cell and melanoma research,0,0,1,5
pituitary,0,0,1,7
placenta,0,0,1,1
plainsong and medieval music,0,0,1,0
planetary and space science,0,0,1,4
plankton and benthos research,0,0,1,2
planning perspectives,0,0,1,1
planning theory,0,0,1,5
planning theory and practice,0,0,1,4
plant and cell physiology,0,0,1,10
plant and soil,0,0,1,8
plant biology,0,0,1,6
plant biosystems,0,0,1,3
plant biotechnology,0,0,1,4
plant biotechnology journal,0,0,1,17
plant biotechnology reports,0,0,1,4
plant breeding,0,0,1,3
plant cell,0,0,1,23
plant cell and environment,0,0,1,10
plant cell reports,0,0,1,8
plant cell tissue and organ culture,0,0,1,5
plant direct,0,0,1,6
plant disease,0,0,1,4
plant diversity,0,0,1,9
plant ecology,0,0,1,4
plant ecology and diversity,0,0,1,3
plant ecology and evolution,0,0,1,3
plant foods for human nutrition,0,0,1,7
plant genetic resources-characterization and utilization,0,0,1,2
plant genome,0,0,1,9
plant growth regulation,0,0,1,8
plant journal,0,0,1,12
plant methods,0,0,1,11
plant molecular biology,0,0,1,8
plant molecular biology reporter,0,0,1,2
plant pathology,0,0,1,5
plant pathology journal,0,0,1,9
plant phenomics,0,0,1,12
plant physiology,0,0,1,15
plant physiology and biochemistry,0,0,1,11
plant production science,0,0,1,4
plant protection science,0,0,1,3
plant reproduction,0,0,1,7
plant science,0,0,1,11
plant soil and environment,0,0,1,4
plant species biology,0,0,1,1
plant systematics and evolution,0,0,1,4
planta,0,0,1,9
planta medica,0,0,1,0
plants people planet,0,0,1,7
plants-basel,0,0,1,9
plasma chemistry and plasma processing,0,0,1,7
plasma physics and controlled fusion,0,0,1,5
plasma physics reports,0,0,1,3
plasma processes and polymers,0,0,1,5
plasma science and technology,0,0,1,4
plasma sources science and technology,0,0,1,8
plasmid,0,0,1,3
plasmonics,0,0,1,14
plastic and reconstructive surgery,0,0,1,5
plastic surgery,0,0,1,1
plastics rubber and composites,0,0,1,3
platelets,0,0,1,8
plos genetics,0,0,1,12
plos neglected tropical diseases,0,0,1,9
plos one,1,2,1,6
ploughshares,0,0,1,0
pluralist,0,0,1,0
pmandr,0,0,1,2
pmla-publications of the modern language association of america,0,0,1,0
pnas nexus,1,1,0,
poetics,0,0,1,4
poetics today,0,0,1,1
polar biology,0,0,1,4
polar record,0,0,1,2
polar research,0,0,1,3
polar science,0,0,1,4
polar-political and legal anthropology review,0,0,1,1
police quarterly,0,0,1,6
policing and society,0,0,1,4
policing-a journal of policy and practice,0,0,1,3
policing-an international journal of police strategies and management,0,0,1,3
policy and internet,0,0,1,8
policy and politics,0,0,1,7
policy and society,0,0,1,15
policy sciences,0,0,1,8
policy studies,0,0,1,4
policy studies journal,0,0,1,4
polimeros-ciencia e tecnologia,0,0,1,3
polimery,0,0,1,2
polis,0,0,1,0
polish archives of internal medicine-polskie archiwum medycyny wewnetrznej,0,0,1,1
polish journal of ecology,0,0,1,1
polish journal of environmental studies,0,0,1,2
polish journal of food and nutrition sciences,0,0,1,5
polish journal of pathology,0,0,1,1
political analysis,0,0,1,6
political behavior,0,0,1,5
political communication,0,0,1,9
political geography,0,0,1,8
political psychology,0,0,1,5
political quarterly,0,0,1,1
political research quarterly,0,0,1,4
political science,0,0,1,2
political science quarterly,0,0,1,0
political science research and methods,0,0,1,4
political studies,0,0,1,5
political studies review,0,0,1,3
political theory,0,0,1,1
politicka ekonomie,0,0,1,1
politics,0,0,1,4
politics and gender,0,0,1,4
politics and governance,0,0,1,5
politics and religion,0,0,1,2
politics and society,0,0,1,5
politics groups and identities,0,0,1,3
politics philosophy and economics,0,0,1,4
politics religion and ideology,0,0,1,0
politikon,0,0,1,2
politische vierteljahresschrift,0,0,1,2
politix,0,0,1,1
polity,0,0,1,2
polycyclic aromatic compounds,0,0,1,7
polyhedron,0,0,1,6
polymer,0,0,1,9
polymer bulletin,0,0,1,7
polymer chemistry,0,0,1,8
polymer composites,0,0,1,9
polymer degradation and stability,0,0,1,16
polymer engineering and science,0,0,1,6
polymer international,0,0,1,5
polymer journal,0,0,1,6
polymer reviews,0,0,1,24
polymer science series a,0,0,1,3
polymer science series b,0,0,1,2
polymer science series c,0,0,1,2
polymer testing,0,0,1,13
polymer-korea,0,0,1,1
polymer-plastics technology and materials,0,0,1,5
polymers,0,0,1,13
polymers and polymer composites,0,0,1,4
polymers for advanced technologies,0,0,1,7
popular music,0,0,1,0
popular music and society,0,0,1,1
population,0,0,1,0
population and development review,0,0,1,5
population and environment,0,0,1,6
population ecology,0,0,1,2
population health management,0,0,1,4
population health metrics,0,0,1,3
population research and policy review,0,0,1,4
population space and place,0,0,1,4
population studies-a journal of demography,0,0,1,5
porcine health management,0,0,1,6
portal-libraries and the academy,0,0,1,2
portuguese economic journal,0,0,1,2
positions-asia critique,0,0,1,1
positivity,0,0,1,2
post-communist economies,0,0,1,3
post-medieval archaeology,0,0,1,0
post-soviet affairs,0,0,1,7
postcolonial studies,0,0,1,1
postepy dermatologii i alergologii,0,0,1,4
postepy w kardiologii interwencyjnej,0,0,1,0
postgraduate medical journal,0,0,1,3
postgraduate medicine,0,0,1,5
postharvest biology and technology,0,0,1,17
postmedieval-a journal of medieval cultural studies,0,0,1,0
postmodern culture,0,0,1,0
potato research,0,0,1,4
potential analysis,0,0,1,2
poultry science,0,0,1,8
powder diffraction,0,0,1,0
powder metallurgy,0,0,1,3
powder metallurgy and metal ceramics,0,0,1,2
powder technology,0,0,1,11
poznan studies in contemporary linguistics,0,0,1,1
ppar research,0,0,1,8
practical radiation oncology,0,0,1,4
praehistorische zeitschrift,0,0,1,0
pragmatics,0,0,1,12
pragmatics and cognition,0,0,1,2
pragmatics and society,0,0,1,2
prague economic papers,0,0,1,2
praktische metallographie-practical metallography,0,0,1,0
pramana-journal of physics,0,0,1,7
pratiques psychologiques,0,0,1,1
praxis der kinderpsychologie und kinderpsychiatrie,0,0,1,1
precambrian research,0,0,1,8
precision agriculture,0,0,1,14
precision engineering-journal of the international societies for precision engineering and nanotechnology,0,0,1,9
pregnancy hypertension-an international journal of womens cardiovascular health,0,0,1,2
prehospital and disaster medicine,0,0,1,1
prehospital emergency care,0,0,1,4
prenatal diagnosis,0,0,1,5
preparative biochemistry and biotechnology,0,0,1,4
presidential studies quarterly,0,0,1,1
presse medicale,0,0,1,7
preventing chronic disease,0,0,1,8
prevention science,0,0,1,6
preventive medicine,0,0,1,10
preventive medicine reports,0,0,1,6
preventive veterinary medicine,0,0,1,6
primary care,0,0,1,3
primary care diabetes,0,0,1,6
primary health care research and development,0,0,1,4
primates,0,0,1,3
prion,0,0,1,4
prison journal,0,0,1,3
probabilistic engineering mechanics,0,0,1,7
probability in the engineering and informational sciences,0,0,1,2
probability theory and related fields,0,0,1,3
probiotics and antimicrobial proteins,0,0,1,7
problemos,0,0,1,0
problems of information transmission,0,0,1,2
problems of post-communism,0,0,1,3
proceedings of the american mathematical society,0,0,1,1
proceedings of the combustion institute,0,0,1,7
proceedings of the edinburgh mathematical society,0,0,1,1
proceedings of the entomological society of washington,0,0,1,0
proceedings of the estonian academy of sciences,0,0,1,1
proceedings of the geologists association,0,0,1,3
proceedings of the ieee,0,0,1,18
proceedings of the indian academy of sciences-mathematical sciences,0,0,1,1
proceedings of the institution of civil engineers-civil engineering,0,0,1,1
proceedings of the institution of civil engineers-energy,0,0,1,2
proceedings of the institution of civil engineers-engineering sustainability,0,0,1,3
proceedings of the institution of civil engineers-geotechnical engineering,0,0,1,3
proceedings of the institution of civil engineers-municipal engineer,0,0,1,2
proceedings of the institution of civil engineers-structures and buildings,0,0,1,3
proceedings of the institution of civil engineers-transport,0,0,1,2
proceedings of the institution of civil engineers-water management,0,0,1,2
proceedings of the institution of mechanical engineers part a-journal of power and energy,0,0,1,3
proceedings of the institution of mechanical engineers part b-journal of engineering manufacture,0,0,1,5
proceedings of the institution of mechanical engineers part c-journal of mechanical engineering science,0,0,1,4
proceedings of the institution of mechanical engineers part d-journal of automobile engineering,0,0,1,3
proceedings of the institution of mechanical engineers part e-journal of process mechanical engineering,0,0,1,5
proceedings of the institution of mechanical engineers part f-journal of rail and rapid transit,0,0,1,5
proceedings of the institution of mechanical engineers part g-journal of aerospace engineering,0,0,1,3
proceedings of the institution of mechanical engineers part h-journal of engineering in medicine,0,0,1,4
proceedings of the institution of mechanical engineers part i-journal of systems and control engineering,0,0,1,2
proceedings of the institution of mechanical engineers part j-journal of engineering tribology,0,0,1,4
proceedings of the institution of mechanical engineers part k-journal of multi-body dynamics,0,0,1,3
proceedings of the institution of mechanical engineers part l-journal of materials-design and applications,0,0,1,3
proceedings of the institution of mechanical engineers part m-journal of engineering for the maritime environment,0,0,1,2
proceedings of the institution of mechanical engineers part o-journal of risk and reliability,0,0,1,2
proceedings of the institution of mechanical engineers part p-journal of sports engineering and technology,0,0,1,2
proceedings of the japan academy series a-mathematical sciences,0,0,1,1
proceedings of the japan academy series b-physical and biological sciences,0,0,1,6
proceedings of the london mathematical society,0,0,1,2
proceedings of the national academy of sciences india section a-physical sciences,0,0,1,3
proceedings of the national academy of sciences of the united states of america,0,0,1,19
proceedings of the nutrition society,0,0,1,0
proceedings of the royal society a-mathematical physical and engineering sciences,0,0,1,5
proceedings of the royal society b-biological sciences,0,0,1,11
proceedings of the royal society of edinburgh section a-mathematics,0,0,1,1
proceedings of the steklov institute of mathematics,0,0,1,1
proceedings of the vldb endowment,0,0,1,9
proceedings of the yorkshire geological society,0,0,1,1
process biochemistry,0,0,1,11
process safety and environmental protection,0,0,1,17
process safety progress,0,0,1,2
processes,0,0,1,6
processing and application of ceramics,0,0,1,2
production and operations management,0,0,1,11
production planning and control,0,0,1,12
profesional de la informacion,0,0,1,5
professional development in education,0,0,1,5
professional geographer,0,0,1,4
professional psychology-research and practice,0,0,1,3
programming and computer software,0,0,1,2
progres en urologie,0,0,1,3
progress in aerospace sciences,0,0,1,34
progress in biomaterials,0,0,1,20
progress in biophysics and molecular biology,0,0,1,11
progress in cardiovascular diseases,0,0,1,10
progress in community health partnerships-research education and action,0,0,1,1
progress in computational fluid dynamics,0,0,1,0
progress in development studies,0,0,1,2
progress in earth and planetary science,0,0,1,6
progress in electromagnetics research-pier,0,0,1,14
progress in energy and combustion science,0,0,1,117
progress in human geography,0,0,1,15
progress in lipid research,0,0,1,43
progress in materials science,0,0,1,88
progress in natural science-materials international,0,0,1,14
progress in neuro-psychopharmacology and biological psychiatry,0,0,1,10
progress in neurobiology,0,0,1,15
progress in nuclear energy,0,0,1,7
progress in nuclear magnetic resonance spectroscopy,0,0,1,18
progress in oceanography,0,0,1,9
progress in organic coatings,0,0,1,10
progress in orthodontics,0,0,1,12
progress in particle and nuclear physics,0,0,1,41
progress in photovoltaics,0,0,1,9
progress in physical geography-earth and environment,0,0,1,7
progress in polymer science,0,0,1,58
progress in quantum electronics,0,0,1,21
progress in reaction kinetics and mechanism,0,0,1,1
progress in retinal and eye research,0,0,1,39
progress in rubber plastics and recycling technology,0,0,1,4
progress in surface science,0,0,1,7
progress in transplantation,0,0,1,2
progress of theoretical and experimental physics,0,0,1,4
project management journal,0,0,1,10
promet-traffic and transportation,0,0,1,2
propellants explosives pyrotechnics,0,0,1,3
propulsion and power research,0,0,1,13
prostaglandins and other lipid mediators,0,0,1,5
prostaglandins leukotrienes and essential fatty acids,0,0,1,6
prostate,0,0,1,5
prostate cancer and prostatic diseases,0,0,1,9
prostate international,0,0,1,7
prosthetics and orthotics international,0,0,1,4
prostor,0,0,1,1
protection and control of modern power systems,0,0,1,23
protection of metals and physical chemistry of surfaces,0,0,1,2
protein and cell,0,0,1,8
protein and peptide letters,0,0,1,3
protein engineering design and selection,0,0,1,7
protein expression and purification,0,0,1,4
protein journal,0,0,1,4
protein science,0,0,1,6
proteins-structure function and bioinformatics,0,0,1,4
proteomics,0,0,1,6
proteomics clinical applications,0,0,1,3
protist,0,0,1,4
protoplasma,0,0,1,6
proyecto progreso arquitectura,0,0,1,0
prx quantum,0,0,1,25
przemysl chemiczny,0,0,1,0
ps-political science and politics,0,0,1,2
psicologia educativa,0,0,1,4
psihologija,0,0,1,1
psikhologicheskii zhurnal,0,0,1,1
psych journal,0,0,1,3
psyche-zeitschrift fuer psychoanalyse und ihre anwendungen,0,0,1,0
psychiatria danubina,0,0,1,3
psychiatria polska,0,0,1,2
psychiatric annals,0,0,1,1
psychiatric clinics of north america,0,0,1,4
psychiatric genetics,0,0,1,4
psychiatric quarterly,0,0,1,3
psychiatric rehabilitation journal,0,0,1,4
psychiatric services,0,0,1,6
psychiatrie de lenfant,0,0,1,0
psychiatrische praxis,0,0,1,1
psychiatry and clinical neurosciences,0,0,1,4
psychiatry investigation,0,0,1,6
psychiatry psychology and law,0,0,1,2
psychiatry research,0,0,1,10
psychiatry research-neuroimaging,0,0,1,5
psychiatry-interpersonal and biological processes,0,0,1,2
psycho-oncologie,0,0,1,0
psycho-oncology,0,0,1,6
psychoanalysis and history,0,0,1,0
psychoanalytic dialogues,0,0,1,1
psychoanalytic inquiry,0,0,1,0
psychoanalytic psychology,0,0,1,1
psychoanalytic quarterly,0,0,1,0
psychoanalytic study of the child,0,0,1,2
psychogeriatrics,0,0,1,3
psychological assessment,0,0,1,5
psychological bulletin,0,0,1,18
psychological inquiry,0,0,1,1
psychological medicine,0,0,1,9
psychological methods,0,0,1,7
psychological record,0,0,1,2
psychological reports,0,0,1,4
psychological research-psychologische forschung,0,0,1,4
psychological review,0,0,1,11
psychological science,0,0,1,13
psychological services,0,0,1,4
psychological trauma-theory research practice and policy,0,0,1,4
psychologie francaise,0,0,1,1
psychologie in erziehung und unterricht,0,0,1,1
psychologische rundschau,0,0,1,1
psychology and aging,0,0,1,4
psychology and health,0,0,1,4
psychology and marketing,0,0,1,13
psychology and psychotherapy-theory research and practice,0,0,1,5
psychology and sexuality,0,0,1,3
psychology crime and law,0,0,1,3
psychology health and medicine,0,0,1,4
psychology in the schools,0,0,1,4
psychology of addictive behaviors,0,0,1,5
psychology of aesthetics creativity and the arts,0,0,1,4
psychology of men and masculinities,0,0,1,4
psychology of music,0,0,1,4
psychology of popular media,0,0,1,4
psychology of religion and spirituality,0,0,1,6
psychology of sexual orientation and gender diversity,0,0,1,5
psychology of sport and exercise,0,0,1,9
psychology of violence,0,0,1,2
psychology of women quarterly,0,0,1,5
psychology public policy and law,0,0,1,4
psychology research and behavior management,0,0,1,10
psychometrika,0,0,1,5
psychoneuroendocrinology,0,0,1,5
psychonomic bulletin and review,0,0,1,7
psychopathology,0,0,1,5
psychopharmacology,0,0,1,7
psychophysiology,0,0,1,7
psychosis-psychological social and integrative approaches,0,0,1,1
psychosomatic medicine,0,0,1,5
psychotherapie psychosomatik medizinische psychologie,0,0,1,1
psychotherapy,0,0,1,5
psychotherapy and psychosomatics,0,0,1,10
psychotherapy research,0,0,1,6
public administration,0,0,1,10
public administration and development,0,0,1,3
public administration review,0,0,1,8
public archaeology,0,0,1,0
public choice,0,0,1,3
public culture,0,0,1,1
public health,0,0,1,6
public health genomics,0,0,1,4
public health nursing,0,0,1,3
public health nutrition,0,0,1,6
public health reports,0,0,1,5
public historian,0,0,1,0
public management review,0,0,1,10
public money and management,0,0,1,4
public opinion quarterly,0,0,1,5
public performance and management review,0,0,1,8
public personnel management,0,0,1,8
public policy and administration,0,0,1,7
public relations review,0,0,1,11
public understanding of science,0,0,1,8
publicacions matematiques,0,0,1,2
publicationes mathematicae-debrecen,0,0,1,2
publications of the astronomical society of australia,0,0,1,4
publications of the astronomical society of japan,0,0,1,5
publications of the astronomical society of the pacific,0,0,1,6
publications of the research institute for mathematical sciences,0,0,1,1
publius-the journal of federalism,0,0,1,2
pulmonary pharmacology and therapeutics,0,0,1,8
pulmonology,0,0,1,6
punishment and society-international journal of penology,0,0,1,2
pure and applied chemistry,0,0,1,2
pure and applied geophysics,0,0,1,4
pure and applied mathematics quarterly,0,0,1,1
purinergic signalling,0,0,1,6
qjm-an international journal of medicine,0,0,1,0
qme-quantitative marketing and economics,0,0,1,5
quaderni ditalianistica,0,0,1,0
quaestio rossica,0,0,1,0
quaestiones mathematicae,0,0,1,1
qualitative health research,0,0,1,6
qualitative inquiry,0,0,1,3
qualitative research,0,0,1,5
qualitative research in accounting and management,0,0,1,8
qualitative research in psychology,0,0,1,4
qualitative research in sport exercise and health,0,0,1,7
qualitative social work,0,0,1,4
qualitative sociology,0,0,1,2
qualitative theory of dynamical systems,0,0,1,4
quality and reliability engineering international,0,0,1,5
quality assurance and safety of crops and foods,0,0,1,11
quality engineering,0,0,1,4
quality management in health care,0,0,1,2
quality of life research,0,0,1,6
quality technology and quantitative management,0,0,1,8
quantitative economics,0,0,1,10
quantitative finance,0,0,1,4
quantitative imaging in medicine and surgery,0,0,1,3
quantitative infrared thermography journal,0,0,1,9
quantum,0,0,1,12
quantum electronics,0,0,1,5
quantum information and computation,0,0,1,1
quantum information processing,0,0,1,12
quantum science and technology,0,0,1,8
quarterly journal of economics,0,0,1,39
quarterly journal of engineering geology and hydrogeology,0,0,1,3
quarterly journal of experimental psychology,0,0,1,3
quarterly journal of mathematics,0,0,1,1
quarterly journal of mechanics and applied mathematics,0,0,1,3
quarterly journal of nuclear medicine and molecular imaging,0,0,1,3
quarterly journal of speech,0,0,1,1
quarterly journal of the royal meteorological society,0,0,1,5
quarterly of applied mathematics,0,0,1,2
quarterly review of biology,0,0,1,0
quarterly review of economics and finance,0,0,1,8
quaternaire,0,0,1,1
quaternary geochronology,0,0,1,6
quaternary international,0,0,1,6
quaternary research,0,0,1,4
quaternary science reviews,0,0,1,8
queen mary journal of intellectual property,0,0,1,0
quest,0,0,1,3
queueing systems,0,0,1,2
quimica nova,0,0,1,0
r and d management,0,0,1,7
r journal,0,0,1,3
race and class,0,0,1,2
race and justice,0,0,1,2
race and social problems,0,0,1,4
race ethnicity and education,0,0,1,5
radiation and environmental biophysics,0,0,1,4
radiation effects and defects in solids,0,0,1,2
radiation measurements,0,0,1,4
radiation oncology,0,0,1,8
radiation physics and chemistry,0,0,1,7
radiation protection dosimetry,0,0,1,2
radiation research,0,0,1,4
radical history review,0,0,1,1
radio science,0,0,1,3
radiocarbon,0,0,1,3
radiochimica acta,0,0,1,3
radioengineering,0,0,1,1
radiographics,0,0,1,8
radiologic clinics of north america,0,0,1,3
radiology,0,0,1,14
radiology and oncology,1,1,0,
radiophysics and quantum electronics,0,0,1,1
radioprotection,0,0,1,3
radiotherapy and oncology,0,0,1,0
rae-revista de administracao de empresas,0,0,1,1
rairo-operations research,0,0,1,4
ramanujan journal,0,0,1,1
ramus-critical studies in greek and roman literature,0,0,1,0
rand journal of economics,0,0,1,5
random matrices-theory and applications,0,0,1,1
random structures and algorithms,0,0,1,2
rangeland ecology and management,0,0,1,4
rangeland journal,0,0,1,5
rapid communications in mass spectrometry,0,0,1,4
rapid prototyping journal,0,0,1,8
rare metals,0,0,1,19
ratio,0,0,1,1
rationality and society,0,0,1,2
rbgn-revista brasileira de gestao de negocios,0,0,1,2
reaction chemistry and engineering,0,0,1,6
reaction kinetics mechanisms and catalysis,0,0,1,4
reactive and functional polymers,0,0,1,10
reading and writing,0,0,1,5
reading and writing quarterly,0,0,1,2
reading research quarterly,0,0,1,5
reading teacher,0,0,1,3
real estate economics,0,0,1,4
real-time systems,0,0,1,3
recall,0,0,1,10
recent patents on anti-cancer drug discovery,0,0,1,6
recent patents on nanotechnology,0,0,1,5
rechtsmedizin,0,0,1,1
records of natural products,0,0,1,1
redia-journal of zoology,0,0,1,1
redox biology,0,0,1,24
reference and user services quarterly,0,0,1,1
reference services review,0,0,1,3
refractories and industrial ceramics,0,0,1,1
regenerative biomaterials,0,0,1,16
regenerative medicine,0,0,1,5
regenerative therapy,0,0,1,8
regional anesthesia and pain medicine,0,0,1,5
regional environmental change,0,0,1,10
regional science and urban economics,0,0,1,8
regional studies,0,0,1,9
regional studies in marine science,0,0,1,3
regular and chaotic dynamics,0,0,1,2
regulation and governance,0,0,1,5
regulatory toxicology and pharmacology,0,0,1,8
rehabilitation,0,0,1,0
rehabilitation counseling bulletin,0,0,1,2
rehabilitation nursing,0,0,1,1
rehabilitation psychology,0,0,1,3
rejuvenation research,0,0,1,4
relations industrielles-industrial relations,0,0,1,1
relc journal,0,0,1,6
reliability engineering and system safety,0,0,1,28
religion,0,0,1,1
religion and literature,0,0,1,0
religion and the arts,0,0,1,0
religion brain and behavior,0,0,1,2
religions,0,0,1,1
religious education,0,0,1,0
religious studies,0,0,1,0
religious studies review,0,0,1,0
remedial and special education,0,0,1,5
remote sensing,0,0,1,11
remote sensing in ecology and conservation,0,0,1,10
remote sensing letters,0,0,1,3
remote sensing of environment,0,0,1,28
renaissance and reformation,0,0,1,0
renaissance quarterly,0,0,1,0
renaissance studies,0,0,1,0
renal failure,0,0,1,6
rendiconti del seminario matematico della universita di padova,0,0,1,1
rendiconti lincei-matematica e applicazioni,0,0,1,1
rendiconti lincei-scienze fisiche e naturali,0,0,1,4
renewable agriculture and food systems,0,0,1,6
renewable and sustainable energy reviews,0,0,1,44
renewable energy,0,0,1,23
reports on mathematical physics,0,0,1,2
reports on progress in physics,0,0,1,23
representation theory,0,0,1,1
representations,0,0,1,1
reproduction,0,0,1,7
reproduction fertility and development,0,0,1,0
reproduction in domestic animals,0,0,1,3
reproductive biology,0,0,1,6
reproductive biology and endocrinology,0,0,1,12
reproductive biomedicine online,0,0,1,5
reproductive health,0,0,1,9
reproductive medicine and biology,0,0,1,7
reproductive sciences,0,0,1,6
reproductive toxicology,0,0,1,6
requirements engineering,0,0,1,9
res philosophica,0,0,1,1
res publica-a journal of moral legal and political philosophy,0,0,1,2
research,0,0,1,16
research and politics,0,0,1,4
research and practice for persons with severe disabilities,0,0,1,3
research and practice in thrombosis and haemostasis,0,0,1,1
research and theory for nursing practice,0,0,1,2
research evaluation,0,0,1,5
research in astronomy and astrophysics,0,0,1,4
research in autism spectrum disorders,0,0,1,7
research in dance education,0,0,1,1
research in developmental disabilities,0,0,1,7
research in engineering design,0,0,1,7
research in gerontological nursing,0,0,1,3
research in higher education,0,0,1,6
research in international business and finance,0,0,1,16
research in microbiology,0,0,1,8
research in nondestructive evaluation,0,0,1,4
research in nursing and health,0,0,1,4
research in phenomenology,0,0,1,0
research in science and technological education,0,0,1,5
research in science education,0,0,1,5
research in social and administrative pharmacy,0,0,1,4
research in social stratification and mobility,0,0,1,4
research in sports medicine,0,0,1,4
research in the mathematical sciences,0,0,1,2
research in transportation business and management,0,0,1,8
research in transportation economics,0,0,1,9
research in veterinary science,0,0,1,4
research on aging,0,0,1,4
research on chemical intermediates,0,0,1,7
research on child and adolescent psychopathology,0,0,1,6
research on language and social interaction,0,0,1,6
research on social work practice,0,0,1,2
research papers in education,0,0,1,5
research policy,0,0,1,26
research quarterly for exercise and sport,0,0,1,4
research synthesis methods,0,0,1,7
research-technology management,0,0,1,2
resource and energy economics,0,0,1,8
resource geology,0,0,1,2
resources conservation and recycling,0,0,1,27
resources for american literary study,0,0,1,0
resources policy,0,0,1,25
respiration,0,0,1,5
respiratory care,0,0,1,5
respiratory medicine,0,0,1,5
respiratory medicine and research,0,0,1,1
respiratory physiology and neurobiology,0,0,1,4
respirology,0,0,1,4
restaurator-international journal for the preservation of library and archival material,0,0,1,0
restoration ecology,0,0,1,5
restorative neurology and neuroscience,0,0,1,3
results in mathematics,0,0,1,2
results in physics,0,0,1,10
resuscitation,0,0,1,2
rethinking history,0,0,1,1
retina-the journal of retinal and vitreous diseases,0,0,1,4
retrovirology,0,0,1,11
review journal of autism and developmental disorders,0,0,1,6
review of accounting studies,0,0,1,12
review of african political economy,0,0,1,2
review of central and east european law,0,0,1,1
review of cognitive linguistics,0,0,1,1
review of derivatives research,0,0,1,2
review of development economics,0,0,1,4
review of economic dynamics,0,0,1,7
review of economic studies,0,0,1,18
review of economics and statistics,0,0,1,12
review of economics of the household,0,0,1,3
review of educational research,0,0,1,15
review of english studies,0,0,1,0
review of environmental economics and policy,0,0,1,12
review of european comparative and international environmental law,0,0,1,3
review of faith and international affairs,0,0,1,1
review of finance,0,0,1,17
review of financial studies,0,0,1,22
review of general psychology,0,0,1,8
review of higher education,0,0,1,2
review of income and wealth,0,0,1,3
review of industrial organization,0,0,1,2
review of international economics,0,0,1,3
review of international organizations,0,0,1,7
review of international political economy,0,0,1,7
review of international studies,0,0,1,4
review of keynesian economics,0,0,1,2
review of managerial science,0,0,1,16
review of metaphysics,0,0,1,0
review of palaeobotany and palynology,0,0,1,5
review of policy research,0,0,1,6
review of public personnel administration,0,0,1,6
review of radical political economics,0,0,1,1
review of religious research,0,0,1,2
review of scientific instruments,0,0,1,4
review of symbolic logic,0,0,1,1
review of world economics,0,0,1,3
review-literature and arts of the americas,0,0,1,0
reviews in aquaculture,0,0,1,21
reviews in chemical engineering,0,0,1,7
reviews in endocrine and metabolic disorders,0,0,1,20
reviews in environmental science and bio-technology,0,0,1,33
reviews in fish biology and fisheries,0,0,1,8
reviews in fisheries science and aquaculture,0,0,1,10
reviews in mathematical physics,0,0,1,2
reviews in medical virology,0,0,1,12
reviews in the neurosciences,0,0,1,10
reviews of environmental contamination and toxicology,0,0,1,6
reviews of geophysics,0,0,1,43
reviews of modern physics,0,0,1,95
reviews on advanced materials science,0,0,1,7
reviews on environmental health,0,0,1,10
revija za socijalnu politiku,0,0,1,1
revista 180,0,0,1,0
revista argentina de microbiologia,0,0,1,2
revista arvore,0,0,1,2
revista brasileira de engenharia agricola e ambiental,0,0,1,3
revista brasileira de fruticultura,0,0,1,2
revista brasileira de historia,0,0,1,1
revista brasileira de medicina do esporte,0,0,1,1
revista brasileira de paleontologia,0,0,1,2
revista brasileira de parasitologia veterinaria,0,0,1,3
revista brasileira de politica internacional,0,0,1,1
revista brasileira de zootecnia-brazilian journal of animal science,0,0,1,2
revista caatinga,0,0,1,2
revista chapingo serie ciencias forestales y del ambiente,0,0,1,1
revista chilena de infectologia,0,0,1,0
revista chilena de literatura,0,0,1,0
revista ciencia agronomica,0,0,1,1
revista clinica espanola,0,0,1,0
revista colombiana de ciencias pecuarias,0,0,1,0
revista da associacao medica brasileira,0,0,1,2
revista da escola de enfermagem da usp,0,0,1,1
revista da sociedade brasileira de medicina tropical,0,0,1,3
revista de biologia marina y oceanografia,0,0,1,1
revista de biologia tropical,0,0,1,1
revista de ciencia politica,0,0,1,1
revista de contabilidad-spanish accounting review,0,0,1,4
revista de economia mundial,0,0,1,0
revista de estudios politicos,0,0,1,0
revista de estudios sociales,0,0,1,2
revista de filologia espanola,0,0,1,0
revista de filosofia,0,0,1,0
revista de filosofia aurora,0,0,1,0
revista de geografia norte grande,0,0,1,1
revista de historia da sociedade e da cultura,0,0,1,0
revista de historia economica,0,0,1,0
revista de indias,0,0,1,0
revista de investigacion clinica-clinical and translational investigation,0,0,1,2
revista de la real academia de ciencias exactas fisicas y naturales serie a-matematicas,0,0,1,2
revista de la sociedad entomologica argentina,0,0,1,1
revista de literatura,0,0,1,0
revista de metalurgia,0,0,1,2
revista de neurologia,0,0,1,1
revista de nutricao-brazilian journal of nutrition,0,0,1,1
revista de psicodidactica,0,0,1,4
revista de psiquiatria y salud mental,0,0,1,8
revista de saude publica,0,0,1,6
revista espanola de cardiologia,0,0,1,1
revista espanola de derecho constitucional,0,0,1,0
revista espanola de documentacion cientifica,0,0,1,1
revista espanola de enfermedades digestivas,0,0,1,1
revista espanola de investigaciones sociologicas,0,0,1,1
revista espanola de linguistica aplicada,0,0,1,1
revista espanola de medicina nuclear e imagen molecular,0,0,1,0
revista espanola de pedagogia,0,0,1,1
revista espanola de quimioterapia,0,0,1,3
revista fitotecnia mexicana,0,0,1,0
revista iberoamericana,0,0,1,0
revista iberoamericana de automatica e informatica industrial,0,0,1,3
revista iberoamericana de diagnostico y evaluacion-e avaliacao psicologica,0,0,1,1
revista iberoamericana de micologia,0,0,1,2
revista internacional de andrologia,0,0,1,1
revista internacional de contaminacion ambiental,0,0,1,2
revista internacional de medicina y ciencias de la actividad fisica y del deporte,0,0,1,1
revista internacional de metodos numericos para calculo y diseno en ingenieria,0,0,1,0
revista internacional de sociologia,0,0,1,1
revista latinoamericana de psicologia,0,0,1,3
revista matematica complutense,0,0,1,1
revista matematica iberoamericana,0,0,1,2
revista medica de chile,0,0,1,1
revista mexicana de astronomia y astrofisica,0,0,1,0
revista mexicana de biodiversidad,0,0,1,2
revista mexicana de ciencias geologicas,0,0,1,1
revista mexicana de ciencias pecuarias,0,0,1,2
revista mexicana de fisica,0,0,1,1
revista mexicana de ingenieria quimica,0,0,1,1
revista musical chilena,0,0,1,0
revista mvz cordoba,0,0,1,1
revista panamericana de salud publica-pan american journal of public health,0,0,1,4
revista portuguesa de cardiologia,0,0,1,2
revista romana de medicina de laborator,0,0,1,0
revista signos,0,0,1,1
revolutionary russia,0,0,1,0
revue de geographie alpine-journal of alpine research,0,0,1,0
revue de lhistoire des religions,0,0,1,0
revue de medecine interne,0,0,1,0
revue de metaphysique et de morale,0,0,1,0
revue deconomie politique,0,0,1,1
revue depidemiologie et de sante publique,0,0,1,0
revue des langues romanes,0,0,1,0
revue des maladies respiratoires,0,0,1,0
revue des sciences philosophiques et theologiques,0,0,1,0
revue detudes comparatives est-ouest,0,0,1,0
revue dhistoire ecclesiastique,0,0,1,0
revue dhistoire moderne et contemporaine,0,0,1,0
revue du nord,0,0,1,0
revue francaise dallergologie,0,0,1,0
revue francaise de sociologie,0,0,1,0
revue francaise detudes americaines,0,0,1,0
revue historique,0,0,1,0
revue neurologique,0,0,1,0
revue philosophique de la france et de letranger,0,0,1,0
revue romane,0,0,1,0
revue roumaine de chimie,0,0,1,1
revue scientifique et technique-office international des epizooties,0,0,1,2
rheologica acta,0,0,1,7
rhetoric review,0,0,1,1
rhetoric society quarterly,0,0,1,1
rhetorica-a journal of the history of rhetoric,0,0,1,0
rheumatic disease clinics of north america,0,0,1,4
rheumatology,0,0,1,4
rheumatology and therapy,0,0,1,6
rheumatology international,0,0,1,17
rhinology,0,0,1,3
rhizosphere,0,0,1,9
rhodora,0,0,1,0
rice,0,0,1,11
rice science,0,0,1,8
ricerche di matematica,0,0,1,1
ride-the journal of applied theatre and performance,0,0,1,2
ried-revista iberoamericana de educacion a distancia,0,0,1,4
rijksmuseum bulletin,0,0,1,0
rilce-revista de filologia hispanica,0,0,1,0
risk analysis,0,0,1,6
risk management and healthcare policy,0,0,1,5
river research and applications,0,0,1,4
rivista di estetica,0,0,1,0
rivista di filologia e di istruzione classica,0,0,1,0
rivista di storia della filosofia,0,0,1,0
rlc-revue de litterature comparee,0,0,1,0
rmd open,0,0,1,11
rna,0,0,1,9
rna biology,0,0,1,10
road materials and pavement design,0,0,1,6
robotica,0,0,1,6
robotics and autonomous systems,0,0,1,13
robotics and computer-integrated manufacturing,0,0,1,31
rock mechanics and rock engineering,0,0,1,12
rocky mountain journal of mathematics,0,0,1,1
rofo-fortschritte auf dem gebiet der rontgenstrahlen und der bildgebenden verfahren,0,0,1,0
romance notes,0,0,1,0
romance philology,0,0,1,0
romance quarterly,0,0,1,0
romanian journal of legal medicine,0,0,1,0
romanische forschungen,0,0,1,0
romanticism,0,0,1,0
romantisme,0,0,1,0
rossiiskaya arkheologiya,0,0,1,0
royal society open science,1,1,1,7
rsc advances,0,0,1,11
rsc medicinal chemistry,0,0,1,5
rsf-the russell sage journal of the social sciences,0,0,1,9
rubber chemistry and technology,0,0,1,2
rural and remote health,0,0,1,2
rural history-economy society culture,0,0,1,1
rural sociology,0,0,1,3
russian chemical bulletin,0,0,1,4
russian chemical reviews,0,0,1,16
russian geology and geophysics,0,0,1,3
russian history-histoire russe,0,0,1,0
russian journal of applied chemistry,0,0,1,2
russian journal of bioorganic chemistry,0,0,1,3
russian journal of coordination chemistry,0,0,1,3
russian journal of developmental biology,0,0,1,1
russian journal of ecology,0,0,1,2
russian journal of electrochemistry,0,0,1,3
russian journal of general chemistry,0,0,1,2
russian journal of genetics,0,0,1,1
russian journal of herpetology,0,0,1,1
russian journal of inorganic chemistry,0,0,1,4
russian journal of marine biology,0,0,1,1
russian journal of mathematical physics,0,0,1,2
russian journal of non-ferrous metals,0,0,1,2
russian journal of nondestructive testing,0,0,1,3
russian journal of numerical analysis and mathematical modelling,0,0,1,2
russian journal of organic chemistry,0,0,1,2
russian journal of pacific geology,0,0,1,1
russian journal of physical chemistry a,0,0,1,2
russian journal of physical chemistry b,0,0,1,5
russian journal of plant physiology,0,0,1,3
russian literature,0,0,1,0
russian mathematical surveys,0,0,1,2
russian meteorology and hydrology,0,0,1,1
russian physics journal,0,0,1,1
russian review,0,0,1,0
russian studies in philosophy,0,0,1,0
russkaia literatura,0,0,1,0
sadhana-academy proceedings in engineering sciences,0,0,1,6
saeculum,0,0,1,0
safety and health at work,0,0,1,1
safety science,0,0,1,18
sage open,0,0,1,4
sains malaysiana,0,0,1,2
salud colectiva,0,0,1,2
salud mental,0,0,1,1
salud publica de mexico,0,0,1,2
samj south african medical journal,0,0,1,2
sante publique,0,0,1,0
sao paulo medical journal,0,0,1,4
sar and qsar in environmental research,0,0,1,6
saude e sociedade,0,0,1,1
saudi journal of biological sciences,0,0,1,17
saudi journal of gastroenterology,0,0,1,4
saudi medical journal,0,0,1,4
saudi pharmaceutical journal,0,0,1,10
sbornik mathematics,0,0,1,2
scandinavian actuarial journal,0,0,1,3
scandinavian cardiovascular journal,0,0,1,3
scandinavian journal of caring sciences,0,0,1,3
scandinavian journal of clinical and laboratory investigation,0,0,1,3
scandinavian journal of economics,0,0,1,4
scandinavian journal of educational research,0,0,1,4
scandinavian journal of forest research,0,0,1,4
scandinavian journal of gastroenterology,0,0,1,5
scandinavian journal of history,0,0,1,1
scandinavian journal of hospitality and tourism,0,0,1,7
scandinavian journal of immunology,0,0,1,3
scandinavian journal of management,0,0,1,6
scandinavian journal of medicine and science in sports,0,0,1,8
scandinavian journal of occupational therapy,0,0,1,4
scandinavian journal of primary health care,0,0,1,3
scandinavian journal of psychology,0,0,1,4
scandinavian journal of public health,0,0,1,4
scandinavian journal of rheumatology,0,0,1,2
scandinavian journal of statistics,0,0,1,2
scandinavian journal of surgery,0,0,1,4
scandinavian journal of the old testament,0,0,1,0
scandinavian journal of trauma resuscitation and emergency medicine,0,0,1,6
scandinavian journal of urology,0,0,1,4
scandinavian journal of work environment and health,0,0,1,6
scandinavian political studies,0,0,1,1
scandinavian studies,0,0,1,0
scanning,0,0,1,2
schizophrenia bulletin,0,0,1,7
schizophrenia research,0,0,1,7
schmerz,0,0,1,1
school effectiveness and school improvement,0,0,1,6
school mental health,0,0,1,6
school psychology,0,0,1,3
school psychology international,0,0,1,5
schweizer archiv fuer tierheilkunde,0,0,1,2
science,0,0,1,27
science advances,0,0,1,27
science and education,0,0,1,6
science and engineering ethics,0,0,1,14
science and justice,0,0,1,4
science and medicine in football,0,0,1,7
science and public policy,0,0,1,6
science and society,0,0,1,0
science and sports,0,0,1,2
science and technology for the built environment,0,0,1,4
science and technology of advanced materials,0,0,1,11
science and technology of nuclear installations,0,0,1,3
science and technology of welding and joining,0,0,1,9
science and technology studies,0,0,1,1
science as culture,0,0,1,4
science bulletin,0,0,1,17
science china life sciences,1,1,0,
science china-chemistry,0,0,1,14
science china-earth sciences,0,0,1,9
science china-information sciences,0,0,1,9
science china-life sciences,0,0,1,10
science china-materials,0,0,1,15
science china-mathematics,0,0,1,3
science china-physics mechanics and astronomy,0,0,1,11
science china-technological sciences,0,0,1,10
science communication,0,0,1,5
science education,0,0,1,6
science immunology,0,0,1,40
science in context,0,0,1,0
science of advanced materials,0,0,1,2
science of computer programming,0,0,1,4
science of nature,0,0,1,3
science of sintering,0,0,1,2
science of the total environment,0,0,1,22
science progress,0,0,1,3
science robotics,0,0,1,36
science signaling,0,0,1,12
science technology and human values,0,0,1,5
science technology and society,0,0,1,4
science translational medicine,0,0,1,36
science-fiction studies,0,0,1,0
scienceasia,0,0,1,1
scientia forestalis,0,0,1,1
scientia horticulturae,0,0,1,11
scientia marina,0,0,1,2
scientific american,0,0,1,0
scientific data,0,0,1,9
scientific programming,0,0,1,4
scientific reports,1,9,1,8
scientific studies of reading,0,0,1,7
scientometrics,0,0,1,8
scipost physics,0,0,1,12
scottish geographical journal,0,0,1,3
scottish historical review,0,0,1,0
scottish journal of geology,0,0,1,2
scottish journal of political economy,0,0,1,1
scottish journal of theology,0,0,1,0
scottish medical journal,0,0,1,3
screen,0,0,1,0
scriblerian and the kit-cats,0,0,1,0
scripta materialia,0,0,1,15
scripta nova-revista electronica de geografia y ciencias sociales,0,0,1,0
sculpture journal,0,0,1,0
sculpture review,0,0,1,0
second language research,0,0,1,3
security and communication networks,0,0,1,3
security dialogue,0,0,1,5
security journal,0,0,1,3
security studies,0,0,1,3
sedimentary geology,0,0,1,7
sedimentology,0,0,1,6
seed science and technology,0,0,1,3
seed science research,0,0,1,5
sefarad,0,0,1,0
seismological research letters,0,0,1,5
seizure-european journal of epilepsy,0,0,1,6
selecta mathematica-new series,0,0,1,2
self and identity,0,0,1,5
semantic web,0,0,1,7
semiconductor science and technology,0,0,1,5
semiconductors,0,0,1,1
semigroup forum,0,0,1,1
semina-ciencias agrarias,0,0,1,0
seminar-a journal of germanic studies,0,0,1,0
seminars in arthritis and rheumatism,0,0,1,8
seminars in cancer biology,0,0,1,45
seminars in cell and developmental biology,0,0,1,19
seminars in diagnostic pathology,0,0,1,4
seminars in dialysis,0,0,1,3
seminars in fetal and neonatal medicine,0,0,1,6
seminars in hematology,0,0,1,7
seminars in immunology,0,0,1,19
seminars in immunopathology,0,0,1,27
seminars in interventional radiology,0,0,1,2
seminars in liver disease,0,0,1,8
seminars in musculoskeletal radiology,0,0,1,1
seminars in nephrology,0,0,1,6
seminars in neurology,0,0,1,4
seminars in nuclear medicine,0,0,1,14
seminars in oncology,0,0,1,4
seminars in oncology nursing,0,0,1,5
seminars in ophthalmology,0,0,1,6
seminars in orthodontics,0,0,1,2
seminars in pediatric neurology,0,0,1,6
seminars in pediatric surgery,0,0,1,5
seminars in perinatology,0,0,1,5
seminars in plastic surgery,0,0,1,2
seminars in radiation oncology,0,0,1,8
seminars in reproductive medicine,0,0,1,4
seminars in respiratory and critical care medicine,0,0,1,6
seminars in roentgenology,0,0,1,1
seminars in speech and language,0,0,1,2
seminars in thoracic and cardiovascular surgery,0,0,1,3
seminars in thrombosis and hemostasis,0,0,1,7
seminars in ultrasound ct and mri,0,0,1,5
semiotica,0,0,1,2
sen-i gakkaishi,0,0,1,0
senses and society,0,0,1,1
sensor review,0,0,1,3
sensors,0,0,1,10
sensors and actuators a-physical,0,0,1,10
sensors and actuators b-chemical,0,0,1,21
sensors and materials,0,0,1,1
separation and purification reviews,0,0,1,11
separation and purification technology,0,0,1,19
separation science and technology,0,0,1,4
separations,0,0,1,8
sequential analysis-design methods and applications,0,0,1,2
serials review,0,0,1,1
series-journal of the spanish economic association,0,0,1,1
service business,0,0,1,10
service industries journal,0,0,1,21
service science,0,0,1,6
set-valued and variational analysis,0,0,1,2
seventeenth century,0,0,1,0
sewanee review,0,0,1,0
sex education-sexuality society and learning,0,0,1,5
sex roles,0,0,1,6
sexual abuse-a journal of research and treatment,0,0,1,5
sexual and relationship therapy,0,0,1,2
sexual and reproductive health matters,0,0,1,7
sexual and reproductive healthcare,0,0,1,4
sexual development,0,0,1,5
sexual health,0,0,1,3
sexual medicine,0,0,1,4
sexualities,0,0,1,3
sexuality and disability,0,0,1,4
sexuality research and social policy,0,0,1,5
sexually transmitted diseases,0,0,1,3
sexually transmitted infections,0,0,1,3
shakespeare,0,0,1,0
shakespeare quarterly,0,0,1,0
shaw-the journal of bernard shaw studies,0,0,1,0
ships and offshore structures,0,0,1,3
shock,0,0,1,5
shock and vibration,0,0,1,2
shock waves,0,0,1,4
siam journal on applied algebra and geometry,0,0,1,3
siam journal on applied dynamical systems,0,0,1,5
siam journal on applied mathematics,0,0,1,4
siam journal on computing,0,0,1,2
siam journal on control and optimization,0,0,1,5
siam journal on discrete mathematics,0,0,1,2
siam journal on financial mathematics,0,0,1,6
siam journal on imaging sciences,0,0,1,6
siam journal on mathematical analysis,0,0,1,4
siam journal on mathematics of data science,0,0,1,5
siam journal on matrix analysis and applications,0,0,1,4
siam journal on numerical analysis,0,0,1,7
siam journal on optimization,0,0,1,5
siam journal on scientific computing,0,0,1,6
siam review,0,0,1,3
siam-asa journal on uncertainty quantification,0,0,1,5
siberian mathematical journal,0,0,1,1
sigmod record,0,0,1,2
signa vitae,0,0,1,0
signa-revista de la asociacion espanola de semiotica,0,0,1,0
signal image and video processing,0,0,1,4
signal processing,0,0,1,10
signal processing-image communication,0,0,1,6
signal transduction and targeted therapy,0,0,1,45
signs,0,0,1,1
signs and society,0,0,1,1
silicon,0,0,1,9
silvae genetica,0,0,1,2
simulation in healthcare-journal of the society for simulation in healthcare,0,0,1,4
simulation modelling practice and theory,0,0,1,11
simulation-transactions of the society for modeling and simulation international,0,0,1,5
singapore economic review,0,0,1,1
singapore journal of tropical geography,0,0,1,2
singapore medical journal,0,0,1,2
skeletal muscle,0,0,1,9
skeletal radiology,0,0,1,4
skin pharmacology and physiology,0,0,1,4
skin research and technology,0,0,1,5
slas discovery,0,0,1,6
slas technology,0,0,1,5
slavery and abolition,0,0,1,0
slavic review,0,0,1,0
sleep,0,0,1,0
sleep and biological rhythms,0,0,1,4
sleep and breathing,0,0,1,4
sleep health,0,0,1,7
sleep medicine,0,0,1,3
sleep medicine reviews,0,0,1,23
slovenian veterinary research,0,0,1,0
slovo,0,0,1,0
small,0,0,1,17
small axe,0,0,1,0
small business economics,0,0,1,12
small group research,0,0,1,3
small methods,0,0,1,12
small ruminant research,0,0,1,4
small weinheim an der bergstrasse germany,1,1,0,
small-scale forestry,0,0,1,4
smart materials and structures,0,0,1,7
social analysis,0,0,1,1
social and cultural geography,0,0,1,3
social and legal studies,0,0,1,2
social and personality psychology compass,0,0,1,4
social anthropology,0,0,1,2
social behavior and personality,0,0,1,2
social choice and welfare,0,0,1,2
social cognition,0,0,1,2
social cognitive and affective neuroscience,0,0,1,6
social compass,0,0,1,2
social development,0,0,1,4
social dynamics-a journal of african studies,0,0,1,1
social epistemology,0,0,1,4
social forces,0,0,1,1
social history,0,0,1,0
social history of medicine,0,0,1,0
social inclusion,0,0,1,3
social indicators research,0,0,1,6
social justice research,0,0,1,3
social media society,0,0,1,9
social movement studies,0,0,1,5
social networks,0,0,1,8
social neuroscience,0,0,1,4
social philosophy and policy,0,0,1,1
social policy and administration,0,0,1,3
social policy and society,0,0,1,3
social politics,0,0,1,4
social problems,0,0,1,4
social psychiatry and psychiatric epidemiology,0,0,1,7
social psychological and personality science,0,0,1,7
social psychology,0,0,1,3
social psychology of education,0,0,1,6
social psychology quarterly,0,0,1,5
social science and medicine,0,0,1,9
social science computer review,0,0,1,7
social science history,0,0,1,1
social science information sur les sciences sociales,0,0,1,4
social science japan journal,0,0,1,1
social science journal,0,0,1,1
social science quarterly,0,0,1,3
social science research,0,0,1,6
social semiotics,0,0,1,2
social service review,0,0,1,4
social studies of science,0,0,1,7
social theory and health,0,0,1,2
social work,0,0,1,3
social work in health care,0,0,1,4
social work in public health,0,0,1,3
social work research,0,0,1,3
societes,0,0,1,0
society,0,0,1,0
society and animals,0,0,1,1
society and mental health,0,0,1,9
society and natural resources,0,0,1,5
socio-economic planning sciences,0,0,1,15
socio-economic review,0,0,1,5
sociobiology,0,0,1,2
sociologia,0,0,1,1
sociologia ruralis,0,0,1,8
sociological forum,0,0,1,2
sociological inquiry,0,0,1,1
sociological methodology,0,0,1,6
sociological methods and research,0,0,1,8
sociological perspectives,0,0,1,4
sociological quarterly,0,0,1,2
sociological research online,0,0,1,3
sociological review,0,0,1,5
sociological science,0,0,1,5
sociological spectrum,0,0,1,3
sociologicky casopis-czech sociological review,0,0,1,2
sociologie du travail,0,0,1,0
sociologisk forskning,0,0,1,0
sociology compass,0,0,1,4
sociology of education,0,0,1,7
sociology of health and illness,0,0,1,4
sociology of race and ethnicity,0,0,1,2
sociology of religion,0,0,1,1
sociology of sport journal,0,0,1,4
sociology-the journal of the british sociological association,0,0,1,5
soft computing,0,0,1,7
soft materials,0,0,1,3
soft matter,0,0,1,6
soft robotics,0,0,1,19
software and systems modeling,0,0,1,6
software quality journal,0,0,1,6
software testing verification and reliability,0,0,1,2
software-practice and experience,0,0,1,4
softwarex,0,0,1,4
soil,0,0,1,12
soil and sediment contamination,0,0,1,3
soil and tillage research,0,0,1,17
soil and water research,0,0,1,4
soil biology and biochemistry,0,0,1,25
soil dynamics and earthquake engineering,0,0,1,11
soil mechanics and foundation engineering,0,0,1,2
soil research,0,0,1,4
soil science and plant nutrition,0,0,1,4
soil science society of america journal,0,0,1,5
soil use and management,0,0,1,6
soils and foundations,0,0,1,9
sola,0,0,1,2
solar energy,0,0,1,17
solar energy materials and solar cells,0,0,1,16
solar physics,0,0,1,5
solar rrl,0,0,1,10
solar system research,0,0,1,2
soldagem and inspecao,0,0,1,2
soldering and surface mount technology,0,0,1,4
solid fuel chemistry,0,0,1,2
solid state communications,0,0,1,5
solid state ionics,0,0,1,7
solid state nuclear magnetic resonance,0,0,1,4
solid state sciences,0,0,1,6
solid-state electronics,0,0,1,4
solvent extraction and ion exchange,0,0,1,4
somatosensory and motor research,0,0,1,5
sophia,0,0,1,1
sotsiologicheskie issledovaniya,0,0,1,1
souls,0,0,1,0
soundings,0,0,1,0
source-notes in the history of art,0,0,1,0
south african geographical journal,0,0,1,2
south african historical journal,0,0,1,0
south african journal of animal science,0,0,1,2
south african journal of botany,0,0,1,8
south african journal of business management,0,0,1,3
south african journal of chemistry-suid-afrikaanse tydskrif vir chemie,0,0,1,3
south african journal of economic and management sciences,0,0,1,3
south african journal of economics,0,0,1,2
south african journal of education,0,0,1,2
south african journal of geology,0,0,1,4
south african journal of industrial engineering,0,0,1,1
south african journal of philosophy,0,0,1,0
south african journal of psychiatry,0,0,1,2
south african journal of psychology,0,0,1,3
south african journal of surgery,0,0,1,1
south african journal on human rights,0,0,1,1
south american journal of herpetology,0,0,1,1
south asia-journal of south asian studies,0,0,1,0
south atlantic quarterly,0,0,1,2
south east asia research,0,0,1,1
south european society and politics,0,0,1,3
southeast european and black sea studies,0,0,1,3
southeastern naturalist,0,0,1,1
southern african journal of hiv medicine,0,0,1,3
southern african linguistics and applied language studies,0,0,1,1
southern cultures,0,0,1,0
southern economic journal,0,0,1,2
southern forests,0,0,1,3
southern journal of philosophy,0,0,1,1
southern medical journal,0,0,1,2
southwestern entomologist,0,0,1,0
southwestern historical quarterly,0,0,1,0
southwestern naturalist,0,0,1,1
space and culture,0,0,1,3
space policy,0,0,1,4
space science reviews,0,0,1,16
space weather-the international journal of research and applications,0,0,1,8
spanish in context,0,0,1,1
spanish journal of finance and accounting-revista espanola de financiacion y contabilidad,0,0,1,2
spanish journal of psychology,0,0,1,5
spatial cognition and computation,0,0,1,3
spatial economic analysis,0,0,1,4
spatial statistics,0,0,1,6
spe drilling and completion,0,0,1,5
spe journal,0,0,1,6
spe production and operations,0,0,1,3
spe reservoir evaluation and engineering,0,0,1,7
spectrochimica acta part a-molecular and biomolecular spectroscopy,0,0,1,12
spectrochimica acta part b-atomic spectroscopy,0,0,1,8
spectroscopy letters,0,0,1,2
speculum-a journal of medieval studies,0,0,1,0
speech communication,0,0,1,7
spin,0,0,1,2
spinal cord,0,0,1,5
spine,0,0,1,5
spine journal,0,0,1,2
spiritus-a journal of christian spirituality,0,0,1,0
sport education and society,0,0,1,5
sport exercise and performance psychology,0,0,1,3
sport history review,0,0,1,0
sport in society,0,0,1,4
sport management review,0,0,1,8
sport psychologist,0,0,1,2
sports biomechanics,0,0,1,4
sports health-a multidisciplinary approach,0,0,1,5
sports medicine,0,0,1,20
sports medicine and arthroscopy review,0,0,1,2
sports medicine-open,0,0,1,28
sportverletzung-sportschaden,0,0,1,0
srpski arhiv za celokupno lekarstvo,0,0,1,0
ssm-population health,0,0,1,9
st petersburg mathematical journal,0,0,1,1
stahlbau,0,0,1,0
starch-starke,0,0,1,4
stat,0,0,1,2
stata journal,0,0,1,3
state politics and policy quarterly,0,0,1,2
statistica neerlandica,0,0,1,1
statistica sinica,0,0,1,1
statistical analysis and data mining,0,0,1,2
statistical methods and applications,0,0,1,3
statistical methods in medical research,0,0,1,4
statistical modelling,0,0,1,2
statistical papers,0,0,1,2
statistical science,0,0,1,6
statistics,0,0,1,2
statistics and computing,0,0,1,3
statistics and its interface,0,0,1,1
statistics and probability letters,0,0,1,2
statistics in biopharmaceutical research,0,0,1,3
statistics in medicine,0,0,1,3
steel research international,0,0,1,4
stem cell reports,0,0,1,14
stem cell research,0,0,1,2
stem cell research and therapy,0,0,1,13
stem cell reviews and reports,0,0,1,9
stem cells,0,0,1,9
stem cells and development,0,0,1,5
stem cells international,0,0,1,9
stem cells translational medicine,0,0,1,10
stereotactic and functional neurosurgery,0,0,1,3
steroids,0,0,1,5
stochastic analysis and applications,0,0,1,2
stochastic environmental research and risk assessment,0,0,1,8
stochastic models,0,0,1,1
stochastic processes and their applications,0,0,1,3
stochastics and dynamics,0,0,1,1
stochastics and partial differential equations-analysis and computations,0,0,1,2
stochastics-an international journal of probability and stochastic processes,0,0,1,1
strahlentherapie und onkologie,0,0,1,4
strain,0,0,1,3
strategic entrepreneurship journal,0,0,1,12
strategic management journal,0,0,1,14
strategic organization,0,0,1,8
stratigraphy and geological correlation,0,0,1,3
strength of materials,0,0,1,2
stress and health,0,0,1,5
stress-the international journal on the biology of stress,0,0,1,6
strojniski vestnik-journal of mechanical engineering,0,0,1,3
stroke,0,0,1,1
stroke and vascular neurology,0,0,1,8
structural and multidisciplinary optimization,0,0,1,10
structural change and economic dynamics,0,0,1,12
structural chemistry,0,0,1,4
structural concrete,0,0,1,6
structural control and health monitoring,0,0,1,11
structural design of tall and special buildings,0,0,1,2
structural dynamics-us,0,0,1,0
structural engineering international,0,0,1,1
structural equation modeling-a multidisciplinary journal,0,0,1,5
structural health monitoring-an international journal,0,0,1,10
structural safety,0,0,1,13
structure,0,0,1,9
structure and infrastructure engineering,0,0,1,5
structures,0,0,1,9
studi francesi,0,0,1,0
studia geophysica et geodaetica,0,0,1,2
studia linguistica,0,0,1,1
studia logica,0,0,1,2
studia mathematica,0,0,1,2
studia neophilologica,0,0,1,0
studia phaenomenologica,0,0,1,0
studia psychologica,0,0,1,2
studia scientiarum mathematicarum hungarica,0,0,1,0
studia theologica-czech republic,0,0,1,0
studia universitatis babes-bolyai chemia,0,0,1,1
studies in american jewish literature,0,0,1,0
studies in american political development,0,0,1,1
studies in applied mathematics,0,0,1,3
studies in canadian literature-etudes en litterature canadienne,0,0,1,1
studies in christian ethics,0,0,1,0
studies in comparative international development,0,0,1,3
studies in conflict and terrorism,0,0,1,3
studies in conservation,0,0,1,2
studies in continuing education,0,0,1,4
studies in east european thought,0,0,1,0
studies in educational evaluation,0,0,1,8
studies in family planning,0,0,1,5
studies in higher education,0,0,1,7
studies in history and philosophy of science,0,0,1,4
studies in history and theory of architecture-studii de istoria si teoria arhitecturii,0,0,1,0
studies in informatics and control,0,0,1,2
studies in language,0,0,1,2
studies in nonlinear dynamics and econometrics,0,0,1,0
studies in philology,0,0,1,0
studies in philosophy and education,0,0,1,2
studies in psychology,0,0,1,1
studies in religion-sciences religieuses,0,0,1,0
studies in second language acquisition,0,0,1,7
studies in second language learning and teaching,0,0,1,9
studies in the history of gardens and designed landscapes,0,0,1,0
studies in the novel,0,0,1,0
studies in theatre and performance,0,0,1,0
studies in world christianity,0,0,1,0
studies on neotropical fauna and environment,0,0,1,1
style,0,0,1,0
substance abuse,0,0,1,13
substance abuse treatment prevention and policy,0,0,1,9
substance use and misuse,0,0,1,4
subterranean biology,0,0,1,2
suchttherapie,0,0,1,0
sugar industry-zuckerindustrie,0,0,1,0
sugar tech,0,0,1,5
suicide and life-threatening behavior,0,0,1,6
sumarski list,0,0,1,1
superconductor science and technology,0,0,1,7
supply chain management-an international journal,0,0,1,19
supportive care in cancer,0,0,1,5
supramolecular chemistry,0,0,1,1
supreme court review,0,0,1,1
surface and coatings technology,0,0,1,15
surface and interface analysis,0,0,1,4
surface engineering,0,0,1,5
surface innovations,0,0,1,5
surface review and letters,0,0,1,2
surface science,0,0,1,5
surface science reports,0,0,1,12
surface topography-metrology and properties,0,0,1,5
surfaces and interfaces,0,0,1,5
surgeon-journal of the royal colleges of surgeons of edinburgh and ireland,0,0,1,5
surgery,0,0,1,4
surgery for obesity and related diseases,0,0,1,0
surgery today,0,0,1,4
surgical clinics of north america,0,0,1,4
surgical endoscopy and other interventional techniques,0,0,1,6
surgical infections,0,0,1,3
surgical innovation,0,0,1,3
surgical oncology clinics of north america,0,0,1,3
surgical oncology-oxford,0,0,1,5
survey of ophthalmology,0,0,1,13
survey review,0,0,1,2
surveys in geophysics,0,0,1,13
survival,0,0,1,1
sustainability,0,0,1,10
sustainability accounting management and policy journal,0,0,1,14
sustainability science,0,0,1,12
sustainable chemistry and pharmacy,0,0,1,9
sustainable cities and society,0,0,1,29
sustainable computing-informatics and systems,0,0,1,6
sustainable development,0,0,1,12
sustainable energy and fuels,0,0,1,8
sustainable energy grids and networks,0,0,1,8
sustainable energy technologies and assessments,0,0,1,9
sustainable environment research,0,0,1,12
sustainable materials and technologies,0,0,1,6
sustainable production and consumption,0,0,1,26
swarm and evolutionary computation,0,0,1,15
swiss journal of geosciences,0,0,1,5
swiss journal of palaeontology,0,0,1,4
swiss political science review,0,0,1,2
symbiosis,0,0,1,5
symbolic interaction,0,0,1,1
symmetry integrability and geometry-methods and applications,0,0,1,1
symmetry-basel,0,0,1,5
symposium-a quarterly journal in modern literatures,0,0,1,0
synapse,0,0,1,2
synlett,0,0,1,3
syntax-a journal of theoretical experimental and interdisciplinary research,0,0,1,2
synthese,0,0,1,5
synthesis-stuttgart,0,0,1,4
synthetic and systems biotechnology,0,0,1,10
synthetic biology,0,0,1,6
synthetic communications,0,0,1,5
synthetic metals,0,0,1,12
system,0,0,1,10
system dynamics review,0,0,1,6
systematic and applied acarology,0,0,1,1
systematic and applied microbiology,0,0,1,8
systematic botany,0,0,1,3
systematic entomology,0,0,1,8
systematic parasitology,0,0,1,3
systematic reviews,0,0,1,8
systematics and biodiversity,0,0,1,5
systemic biology,0,0,1,17
systemic practice and action research,0,0,1,3
systems,0,0,1,5
systems and control letters,0,0,1,5
systems biology in reproductive medicine,0,0,1,5
systems engineering,0,0,1,3
systems research and behavioral science,0,0,1,4
taiwanese journal of mathematics,0,0,1,1
taiwanese journal of obstetrics and gynecology,0,0,1,4
talanta,0,0,1,15
tappi journal,0,0,1,2
target-international journal of translation studies,0,0,1,2
targeted oncology,0,0,1,8
taxon,0,0,1,1
tdr-the drama review-the journal of performance studies,0,0,1,0
teacher education and special education,0,0,1,5
teachers and teaching,0,0,1,6
teachers college record,0,0,1,5
teaching and learning in medicine,0,0,1,5
teaching and teacher education,0,0,1,11
teaching in higher education,0,0,1,7
teaching of psychology,0,0,1,3
teaching philosophy,0,0,1,0
teaching sociology,0,0,1,1
technical physics,0,0,1,0
technical physics letters,0,0,1,0
techniques in coloproctology,0,0,1,4
technological and economic development of economy,0,0,1,8
technological forecasting and social change,0,0,1,37
technology analysis and strategic management,0,0,1,5
technology and health care,0,0,1,3
technology in cancer research and treatment,0,0,1,6
technology in society,0,0,1,28
technology pedagogy and education,0,0,1,5
technometrics,0,0,1,3
technovation,0,0,1,27
tecnologia y ciencias del agua,0,0,1,0
tectonics,0,0,1,8
tectonophysics,0,0,1,6
tehnicki vjesnik-technical gazette,0,0,1,1
tekstil ve konfeksiyon,0,0,1,1
teksty drugie,0,0,1,0
tel aviv-journal of the institute of archaeology of tel aviv university,0,0,1,2
telecommunication systems,0,0,1,4
telecommunications policy,0,0,1,12
telematics and informatics,0,0,1,19
telemedicine and e-health,0,0,1,6
television and new media,0,0,1,2
tellus series a-dynamic meteorology and oceanography,0,0,1,3
telos,0,0,1,0
tempo,0,0,1,0
tempo social,0,0,1,1
tempo-niteroi,0,0,1,0
tenside surfactants detergents,0,0,1,3
terapevticheskii arkhiv,0,0,1,2
terapia psicologica,0,0,1,2
terra nova,0,0,1,4
terrestrial atmospheric and oceanic sciences,0,0,1,4
territory politics governance,0,0,1,5
terrorism and political violence,0,0,1,2
tesol quarterly,0,0,1,8
test,0,0,1,2
tetrahedron,0,0,1,4
tetrahedron letters,0,0,1,4
tetsu to hagane-journal of the iron and steel institute of japan,0,0,1,1
texas heart institute journal,0,0,1,1
texas studies in literature and language,0,0,1,0
text and performance quarterly,0,0,1,0
text and talk,0,0,1,2
textile history,0,0,1,0
textile research journal,0,0,1,5
textile-cloth and culture,0,0,1,1
textual practice,0,0,1,0
thalassas,0,0,1,2
the analyst,1,1,0,
the international journal of biochemistry and cell biology,1,1,0,
the journal of clinical investigation,1,3,0,
theater,0,0,1,0
theatre dance and performance training,0,0,1,0
theatre history studies,0,0,1,0
theatre research international,0,0,1,0
theatre survey,0,0,1,0
theological studies,0,0,1,0
theology and science,0,0,1,1
theology today,0,0,1,0
theoretical and applied climatology,0,0,1,6
theoretical and applied fracture mechanics,0,0,1,14
theoretical and applied genetics,0,0,1,9
theoretical and computational fluid dynamics,0,0,1,5
theoretical and experimental chemistry,0,0,1,2
theoretical and experimental plant physiology,0,0,1,5
theoretical and mathematical physics,0,0,1,2
theoretical chemistry accounts,0,0,1,4
theoretical computer science,0,0,1,2
theoretical criminology,0,0,1,3
theoretical ecology,0,0,1,3
theoretical economics,0,0,1,4
theoretical foundations of chemical engineering,0,0,1,1
theoretical linguistics,0,0,1,0
theoretical medicine and bioethics,0,0,1,2
theoretical population biology,0,0,1,4
theoria-a swedish journal of philosophy,0,0,1,1
theoria-revista de teoria historia y fundamentos de la ciencia,0,0,1,1
theory and decision,0,0,1,1
theory and practice of logic programming,0,0,1,2
theory and psychology,0,0,1,3
theory and research in social education,0,0,1,5
theory and society,0,0,1,2
theory culture and society,0,0,1,3
theory in biosciences,0,0,1,4
theory into practice,0,0,1,5
theory of computing,0,0,1,0
theory of computing systems,0,0,1,1
theory of probability and its applications,0,0,1,1
theranostics,1,1,1,27
therapeutic advances in chronic disease,0,0,1,8
therapeutic advances in drug safety,0,0,1,6
therapeutic advances in endocrinology and metabolism,0,0,1,11
therapeutic advances in hematology,0,0,1,7
therapeutic advances in musculoskeletal disease,0,0,1,11
therapeutic advances in psychopharmacology,0,0,1,9
therapeutic advances in urology,0,0,1,7
therapeutic apheresis and dialysis,0,0,1,2
therapeutic drug monitoring,0,0,1,4
therapeutic hypothermia and temperature management,0,0,1,3
therapeutic innovation and regulatory science,0,0,1,4
therapeutics and clinical risk management,0,0,1,5
therapie,0,0,1,2
theriogenology,0,0,1,7
thermal science,0,0,1,2
thermal science and engineering progress,0,0,1,5
thermochimica acta,0,0,1,8
thin solid films,0,0,1,6
thin-walled structures,0,0,1,16
thinking and reasoning,0,0,1,5
thinking skills and creativity,0,0,1,11
third text,0,0,1,0
third world quarterly,0,0,1,5
thoracic and cardiovascular surgeon,0,0,1,0
thoracic cancer,0,0,1,5
thoracic surgery clinics,0,0,1,2
thorax,0,0,1,8
thought-a journal of philosophy,0,0,1,1
thrombosis and haemostasis,0,0,1,6
thrombosis journal,0,0,1,5
thrombosis research,0,0,1,6
thyroid,0,0,1,11
ticks and tick-borne diseases,0,0,1,9
tidsskrift for samfunnsforskning,0,0,1,1
tieraerztliche praxis ausgabe grosstiere nutztiere,0,0,1,0
tieraerztliche praxis ausgabe kleintiere heimtiere,0,0,1,0
tijdschrift voor communicatiewetenschap,0,0,1,0
tijdschrift voor economische en sociale geografie,0,0,1,3
tijdschrift voor geschiedenis,0,0,1,0
tijdschrift voor rechtsgeschiedenis-revue dhistoire du droit-the legal history review,0,0,1,0
time and mind-the journal of archaeology consciousness and culture,0,0,1,1
time and society,0,0,1,3
tissue and cell,0,0,1,6
tissue engineering and regenerative medicine,0,0,1,9
tissue engineering part a,0,0,1,6
tissue engineering part b-reviews,0,0,1,17
tissue engineering part c-methods,0,0,1,6
tm-technisches messen,0,0,1,2
tobacco control,0,0,1,7
tobacco induced diseases,0,0,1,4
tohoku journal of experimental medicine,0,0,1,3
tohoku mathematical journal,0,0,1,1
tokyo journal of mathematics,0,0,1,1
top,0,0,1,3
topics in catalysis,0,0,1,7
topics in clinical nutrition,0,0,1,1
topics in cognitive science,0,0,1,6
topics in companion animal medicine,0,0,1,2
topics in current chemistry,0,0,1,25
topics in early childhood special education,0,0,1,2
topics in geriatric rehabilitation,0,0,1,2
topics in language disorders,0,0,1,3
topics in stroke rehabilitation,0,0,1,4
topoi-an international review of philosophy,0,0,1,2
topological methods in nonlinear analysis,0,0,1,0
topology and its applications,0,0,1,1
total quality management and business excellence,0,0,1,11
toung pao,0,0,1,0
tourism economics,0,0,1,7
tourism geographies,0,0,1,8
tourism management,0,0,1,32
tourism management perspectives,0,0,1,16
tourism review,0,0,1,17
tourist studies,0,0,1,7
toxicologic pathology,0,0,1,4
toxicological and environmental chemistry,0,0,1,2
toxicological research,0,0,1,6
toxicological sciences,0,0,1,9
toxicology,0,0,1,11
toxicology and applied pharmacology,0,0,1,8
toxicology and industrial health,0,0,1,4
toxicology in vitro,0,0,1,7
toxicology letters,0,0,1,0
toxicology mechanisms and methods,0,0,1,5
toxicon,0,0,1,4
toxics,0,0,1,9
toxin reviews,0,0,1,6
toxins,0,0,1,11
trabajos de prehistoria,0,0,1,1
trac-trends in analytical chemistry,0,0,1,29
trace elements and electrolytes,0,0,1,0
traditio-studies in ancient and medieval history thought and religion,0,0,1,0
traffic,0,0,1,5
traffic injury prevention,0,0,1,4
training and education in professional psychology,0,0,1,2
traitement du signal,0,0,1,2
trames-journal of the humanities and social sciences,0,0,1,1
trans-form-acao,0,0,1,0
transaction of the canadian society for mechanical engineering,0,0,1,3
transactions in gis,0,0,1,4
transactions of famena,0,0,1,2
transactions of nonferrous metals society of china,0,0,1,14
transactions of the american entomological society,0,0,1,0
transactions of the american fisheries society,0,0,1,3
transactions of the american mathematical society,0,0,1,2
transactions of the association for computational linguistics,0,0,1,11
transactions of the indian ceramic society,0,0,1,2
transactions of the indian institute of metals,0,0,1,4
transactions of the institute of british geographers,0,0,1,7
transactions of the institute of measurement and control,0,0,1,4
transactions of the institute of metal finishing,0,0,1,2
transactions of the japan society for aeronautical and space sciences,0,0,1,1
transactions of the philological society,0,0,1,1
transactions of the royal society of tropical medicine and hygiene,0,0,1,3
transactions on emerging telecommunications technologies,0,0,1,4
transboundary and emerging diseases,0,0,1,8
transcultural psychiatry,0,0,1,6
transfer-european review of labour and research,0,0,1,6
transformation groups,0,0,1,1
transfusion,0,0,1,2
transfusion and apheresis science,0,0,1,2
transfusion clinique et biologique,0,0,1,0
transfusion medicine,0,0,1,2
transfusion medicine and hemotherapy,0,0,1,3
transfusion medicine reviews,0,0,1,4
transgender health,0,0,1,7
transgenic research,0,0,1,5
transinformacao,0,0,1,1
transition metal chemistry,0,0,1,3
translation and interpreting studies,0,0,1,2
translation and literature,0,0,1,0
translation review,0,0,1,0
translation studies,0,0,1,2
translational andrology and urology,0,0,1,3
translational behavioral medicine,0,0,1,6
translational cancer research,1,1,1,3
translational lung cancer research,0,0,1,5
translational neurodegeneration,0,0,1,34
translational oncology,1,1,1,9
translational pediatrics,0,0,1,3
translational psychiatry,0,0,1,15
translational research,0,0,1,10
translational stroke research,0,0,1,9
translational vision science and technology,0,0,1,7
translator,0,0,1,1
transnational environmental law,0,0,1,5
transplant immunology,0,0,1,4
transplant infectious disease,0,0,1,4
transplantation,0,0,1,1
transplantation proceedings,0,0,1,2
transplantation reviews,0,0,1,7
transport,0,0,1,5
transport in porous media,0,0,1,7
transport policy,0,0,1,14
transport reviews,0,0,1,17
transportation,0,0,1,5
transportation geotechnics,0,0,1,12
transportation journal,0,0,1,3
transportation letters-the international journal of transportation research,0,0,1,7
transportation planning and technology,0,0,1,4
transportation research part a-policy and practice,0,0,1,11
transportation research part b-methodological,0,0,1,15
transportation research part c-emerging technologies,0,0,1,20
transportation research part d-transport and environment,0,0,1,17
transportation research part e-logistics and transportation review,0,0,1,18
transportation research part f-traffic psychology and behaviour,0,0,1,11
transportation research record,0,0,1,5
transportation science,0,0,1,14
transportmetrica a-transport science,0,0,1,4
transportmetrica b-transport dynamics,0,0,1,4
transylvanian review of administrative sciences,0,0,1,1
trauma violence and abuse,0,0,1,12
travail genre et societes,0,0,1,0
travel behaviour and society,0,0,1,11
travel medicine and infectious disease,0,0,1,7
tree genetics and genomes,0,0,1,5
tree-ring research,0,0,1,1
trees-structure and function,0,0,1,5
trends in biochemical sciences,0,0,1,16
trends in biotechnology,0,0,1,18
trends in cancer,0,0,1,21
trends in cardiovascular medicine,0,0,1,7
trends in cell biology,0,0,1,25
trends in chemistry,0,0,1,16
trends in classics,0,0,1,0
trends in cognitive sciences,0,0,1,18
trends in ecology and evolution,0,0,1,20
trends in endocrinology and metabolism,0,0,1,16
trends in environmental analytical chemistry,0,0,1,35
trends in food science and technology,0,0,1,36
trends in genetics,0,0,1,15
trends in glycoscience and glycotechnology,0,0,1,0
trends in hearing,0,0,1,6
trends in immunology,0,0,1,14
trends in microbiology,0,0,1,20
trends in molecular medicine,0,0,1,16
trends in neurosciences,0,0,1,23
trends in organized crime,0,0,1,5
trends in parasitology,0,0,1,8
trends in pharmacological sciences,0,0,1,18
trends in plant science,0,0,1,18
trials,0,0,1,5
tribology international,0,0,1,18
tribology letters,0,0,1,8
tribology transactions,0,0,1,5
trimestre economico,0,0,1,1
tropical animal health and production,0,0,1,4
tropical conservation science,0,0,1,4
tropical doctor,0,0,1,1
tropical ecology,0,0,1,5
tropical grasslands-forrajes tropicales,0,0,1,2
tropical journal of pharmaceutical research,0,0,1,1
tropical medicine and infectious disease,0,0,1,6
tropical medicine and international health,0,0,1,4
tropical plant biology,0,0,1,3
tsinghua science and technology,0,0,1,9
tuberculosis,0,0,1,5
tumori journal,0,0,1,3
tunnelling and underground space technology,0,0,1,18
turk gogus kalp damar cerrahisi dergisi-turkish journal of thoracic and cardiovascular surgery,0,0,1,1
turk psikiyatri dergisi,0,0,1,0
turkish historical review,0,0,1,0
turkish journal of field crops,0,0,1,3
turkish journal of fisheries and aquatic sciences,0,0,1,2
turkish journal of geriatrics-turk geriatri dergisi,0,0,1,1
turkish journal of hematology,0,0,1,1
turkish journal of pediatrics,0,0,1,3
turkish neurosurgery,0,0,1,0
turkish studies,0,0,1,2
turkiye entomoloji dergisi-turkish journal of entomology,0,0,1,2
twentieth century british history,0,0,1,1
twentieth century literature,0,0,1,0
twentieth-century music,0,0,1,0
twin research and human genetics,0,0,1,2
tydskrif vir geesteswetenskappe,0,0,1,0
tydskrif vir letterkunde,0,0,1,0
tyndale bulletin,0,0,1,0
ukrainian journal of physical optics,0,0,1,6
ukrainian mathematical journal,0,0,1,1
ultramicroscopy,0,0,1,7
ultraschall in der medizin,0,0,1,0
ultrasonic imaging,0,0,1,4
ultrasonics,0,0,1,11
ultrasonics sonochemistry,0,0,1,23
ultrasonography,0,0,1,6
ultrasound in medicine and biology,0,0,1,5
ultrasound in obstetrics and gynecology,0,0,1,0
ultrastructural pathology,0,0,1,3
ulusal travma ve acil cerrahi dergisi-turkish journal of trauma and emergency surgery,0,0,1,2
uluslararasi iliskiler-international relations,0,0,1,2
underground space,0,0,1,21
undersea and hyperbaric medicine,0,0,1,1
united european gastroenterology journal,0,0,1,6
universal access in the information society,0,0,1,6
universe,0,0,1,6
universitas psychologica,0,0,1,1
university of pittsburgh law review,0,0,1,0
university of toronto law journal,0,0,1,0
university of toronto quarterly,0,0,1,0
updates in surgery,0,0,1,4
upsala journal of medical sciences,0,0,1,5
urban affairs review,0,0,1,4
urban climate,0,0,1,15
urban design international,0,0,1,4
urban ecosystems,0,0,1,6
urban education,0,0,1,4
urban forestry and urban greening,0,0,1,14
urban geography,0,0,1,6
urban history,0,0,1,0
urban morphology,0,0,1,1
urban policy and research,0,0,1,2
urban research and practice,0,0,1,3
urban studies,0,0,1,7
urban water journal,0,0,1,4
urologia internationalis,0,0,1,3
urologic clinics of north america,0,0,1,4
urologic oncology-seminars and original investigations,0,0,1,3
urology,0,0,1,2
user modeling and user-adapted interaction,0,0,1,8
utilitas,0,0,1,1
utilities policy,0,0,1,9
utopian studies,0,0,1,0
vaccine,0,0,1,8
vaccines,0,0,1,9
vacuum,0,0,1,10
vadose zone journal,0,0,1,5
value in health,0,0,1,0
vasa-european journal of vascular medicine,0,0,1,4
vascular,0,0,1,2
vascular and endovascular surgery,0,0,1,2
vascular medicine,0,0,1,3
vascular pharmacology,0,0,1,5
vector-borne and zoonotic diseases,0,0,1,4
vegetation history and archaeobotany,0,0,1,4
vehicle system dynamics,0,0,1,8
vehicular communications,0,0,1,8
venture capital,0,0,1,7
verhaltenstherapie,0,0,1,1
vernacular architecture,0,0,1,0
veterinaria mexico,0,0,1,0
veterinarni medicina,0,0,1,2
veterinarski arhiv,0,0,1,1
veterinary anaesthesia and analgesia,0,0,1,1
veterinary and comparative oncology,0,0,1,4
veterinary and comparative orthopaedics and traumatology,0,0,1,0
veterinary clinical pathology,0,0,1,2
veterinary clinics of north america-equine practice,0,0,1,2
veterinary clinics of north america-food animal practice,0,0,1,3
veterinary clinics of north america-small animal practice,0,0,1,3
veterinary dermatology,0,0,1,3
veterinary immunology and immunopathology,0,0,1,3
veterinary journal,0,0,1,4
veterinary medicine and science,0,0,1,4
veterinary microbiology,0,0,1,6
veterinary ophthalmology,0,0,1,2
veterinary parasitology,0,0,1,5
veterinary pathology,0,0,1,4
veterinary quarterly,0,0,1,6
veterinary radiology and ultrasound,0,0,1,2
veterinary record,0,0,1,0
veterinary research communications,0,0,1,4
veterinary sciences,0,0,1,4
veterinary surgery,0,0,1,2
vetus testamentum,0,0,1,0
viator-medieval and renaissance studies,0,0,1,0
vibrational spectroscopy,0,0,1,8
victims and offenders,0,0,1,4
victorian literature and culture,0,0,1,0
victorian periodicals review,0,0,1,0
victorian poetry,0,0,1,0
vierteljahrshefte fuer zeitgeschichte,0,0,1,0
vigiliae christianae,0,0,1,0
violence against women,0,0,1,4
violence and victims,0,0,1,2
viral immunology,0,0,1,4
virchows archiv,0,0,1,5
virology,0,0,1,5
virology journal,0,0,1,7
virtual and physical prototyping,0,0,1,15
virtual reality,0,0,1,16
virulence,0,0,1,9
virus evolution,0,0,1,11
virus genes,0,0,1,4
virus research,0,0,1,8
viruses-basel,0,0,1,10
visceral medicine,0,0,1,2
vision research,0,0,1,4
visual cognition,0,0,1,2
visual communication,0,0,1,1
visual computer,0,0,1,6
visual neuroscience,0,0,1,4
visual studies,0,0,1,1
vlaams diergeneeskundig tijdschrift,0,0,1,0
vldb journal,0,0,1,6
vocations and learning,0,0,1,5
voix and images,0,0,1,0
vojnosanitetski pregled,0,0,1,1
voluntas,0,0,1,4
voprosy filosofii,0,0,1,0
voprosy istorii,0,0,1,0
vox sanguinis,0,0,1,3
walt whitman quarterly review,0,0,1,0
war and society,0,0,1,0
war in history,0,0,1,0
wasafiri,0,0,1,0
washington quarterly,0,0,1,3
wasserwirtschaft,0,0,1,0
waste and biomass valorization,0,0,1,5
waste management,0,0,1,18
waste management and research,0,0,1,9
water,0,0,1,7
water air and soil pollution,0,0,1,6
water and environment journal,0,0,1,3
water economics and policy,0,0,1,2
water environment research,0,0,1,4
water international,0,0,1,3
water policy,0,0,1,5
water research,0,0,1,28
water research x,0,0,1,7
water resources,0,0,1,2
water resources and economics,0,0,1,6
water resources and industry,0,0,1,16
water resources management,0,0,1,12
water resources research,0,0,1,12
water science and technology,0,0,1,7
water supply,0,0,1,6
waterbirds,0,0,1,2
wave motion,0,0,1,5
waves in random and complex media,0,0,1,9
wear,0,0,1,9
weather,0,0,1,0
weather and climate extremes,0,0,1,12
weather and forecasting,0,0,1,3
weather climate and society,0,0,1,5
weed biology and management,0,0,1,0
weed research,0,0,1,3
weed science,0,0,1,4
weed technology,0,0,1,3
welding in the world,0,0,1,5
welding journal,0,0,1,3
welt des islams,0,0,1,0
west european politics,0,0,1,10
western american literature,0,0,1,0
western historical quarterly,0,0,1,0
western journal of emergency medicine,0,0,1,3
western journal of nursing research,0,0,1,3
western north american naturalist,0,0,1,1
wetlands,0,0,1,5
wetlands ecology and management,0,0,1,4
wiener klinische wochenschrift,0,0,1,2
wilderness and environmental medicine,0,0,1,2
wildlife research,0,0,1,4
wiley interdisciplinary reviews-climate change,0,0,1,18
wiley interdisciplinary reviews-cognitive science,0,0,1,7
wiley interdisciplinary reviews-computational molecular science,0,0,1,14
wiley interdisciplinary reviews-computational statistics,0,0,1,5
wiley interdisciplinary reviews-data mining and knowledge discovery,0,0,1,11
wiley interdisciplinary reviews-energy and environment,0,0,1,8
wiley interdisciplinary reviews-nanomedicine and nanobiotechnology,0,0,1,17
wiley interdisciplinary reviews-rna,0,0,1,12
wiley interdisciplinary reviews-water,0,0,1,14
willdenowia,0,0,1,2
wilson journal of ornithology,0,0,1,1
wind energy,0,0,1,6
winterthur portfolio-a journal of american material culture,0,0,1,0
wireless communications and mobile computing,0,0,1,4
wireless networks,0,0,1,7
wireless personal communications,0,0,1,6
women and birth,0,0,1,4
women and criminal justice,0,0,1,2
women and health,0,0,1,3
women and therapy,0,0,1,2
womens health issues,0,0,1,5
womens history review,0,0,1,0
womens studies international forum,0,0,1,4
womens studies-an interdisciplinary journal,0,0,1,0
wood and fiber science,0,0,1,2
wood material science and engineering,0,0,1,4
wood science and technology,0,0,1,7
word and image,0,0,1,0
wordsworth circle,0,0,1,0
work and occupations,0,0,1,7
work and stress,0,0,1,11
work employment and society,0,0,1,6
work-a journal of prevention assessment and rehabilitation,0,0,1,2
workplace health and safety,0,0,1,3
world allergy organization journal,0,0,1,7
world archaeology,0,0,1,3
world bank economic review,0,0,1,4
world development,0,0,1,12
world economy,0,0,1,4
world englishes,0,0,1,2
world journal of biological psychiatry,0,0,1,9
world journal of clinical cases,0,0,1,3
world journal of diabetes,0,0,1,5
world journal of emergency medicine,0,0,1,3
world journal of emergency surgery,0,0,1,12
world journal of gastroenterology,0,0,1,10
world journal of gastrointestinal oncology,0,0,1,4
world journal of gastrointestinal surgery,0,0,1,3
world journal of mens health,0,0,1,8
world journal of microbiology and biotechnology,0,0,1,9
world journal of pediatrics,0,0,1,8
world journal of stem cells,1,1,1,8
world journal of surgery,0,0,1,3
world journal of surgical oncology,0,0,1,6
world mycotoxin journal,0,0,1,7
world neurosurgery,0,0,1,4
world politics,0,0,1,10
world psychiatry,0,0,1,15
world rabbit science,0,0,1,3
world trade review,0,0,1,2
world wide web-internet and web information systems,0,0,1,8
worlds poultry science journal,0,0,1,5
worldviews on evidence-based nursing,0,0,1,6
wound management and prevention,0,0,1,3
wound repair and regeneration,0,0,1,5
written communication,0,0,1,6
x-ray spectrometry,0,0,1,1
xenobiotica,0,0,1,4
xenotransplantation,0,0,1,4
yakugaku zasshi-journal of the pharmaceutical society of japan,0,0,1,1
yearbook for traditional music,0,0,1,0
yeast,0,0,1,3
yonago acta medica,0,0,1,2
yonsei medical journal,0,0,1,7
young,0,0,1,3
youth and society,0,0,1,3
youth justice-an international journal,0,0,1,2
youth violence and juvenile justice,0,0,1,3
zamm-zeitschrift fuer angewandte mathematik und mechanik,0,0,1,4
zdm-mathematics education,0,0,1,7
zebrafish,0,0,1,3
zeitgeschichte,0,0,1,0
zeitschrift der deutschen gesellschaft fuer geowissenschaften,0,0,1,1
zeitschrift der deutschen morgenlandischen gesellschaft,0,0,1,0
zeitschrift fuer agyptische sprache und altertumskunde,0,0,1,0
zeitschrift fuer analysis und ihre anwendungen,0,0,1,1
zeitschrift fuer angewandte mathematik und physik,0,0,1,3
zeitschrift fuer anglistik und amerikanistik,0,0,1,0
zeitschrift fuer anorganische und allgemeine chemie,0,0,1,2
zeitschrift fuer antikes christentum-journal of ancient christianity,0,0,1,0
zeitschrift fuer arbeits-und organisationspsychologie,0,0,1,2
zeitschrift fuer assyriologie und vorderasiatische archaologie,0,0,1,0
zeitschrift fuer bibliothekswesen und bibliographie,0,0,1,0
zeitschrift fuer die alttestamentliche wissenschaft,0,0,1,0
zeitschrift fuer die neutestamentliche wissenschaft und die kunde der alteren kirche,0,0,1,0
zeitschrift fuer entwicklungspsychologie und padagogische psychologie,0,0,1,3
zeitschrift fuer erziehungswissenschaft,0,0,1,3
zeitschrift fuer evaluation,0,0,1,0
zeitschrift fuer evangelische ethik,0,0,1,0
zeitschrift fuer gastroenterologie,0,0,1,0
zeitschrift fuer geburtshilfe und neonatologie,0,0,1,0
zeitschrift fuer germanistik,0,0,1,0
zeitschrift fuer germanistische linguistik,0,0,1,1
zeitschrift fuer gerontologie und geriatrie,0,0,1,1
zeitschrift fuer kinder-und jugendpsychiatrie und psychotherapie,0,0,1,2
zeitschrift fuer klinische psychologie und psychotherapie,0,0,1,0
zeitschrift fuer kristallographie-crystalline materials,0,0,1,2
zeitschrift fuer kristallographie-new crystal structures,0,0,1,1
zeitschrift fuer kunstgeschichte,0,0,1,0
zeitschrift fuer medizinische physik,0,0,1,5
zeitschrift fuer naturforschung section a-a journal of physical sciences,0,0,1,2
zeitschrift fuer naturforschung section b-a journal of chemical sciences,0,0,1,2
zeitschrift fuer naturforschung section c-a journal of biosciences,0,0,1,4
zeitschrift fuer neuropsychologie,0,0,1,1
zeitschrift fuer orthopadie und unfallchirurgie,0,0,1,0
zeitschrift fuer philosophische forschung,0,0,1,0
zeitschrift fuer physikalische chemie-international journal of research in physical chemistry and chemical physics,0,0,1,5
zeitschrift fuer psychologie-journal of psychology,0,0,1,5
zeitschrift fuer psychosomatische medizin und psychotherapie,0,0,1,0
zeitschrift fuer religions-und geistesgeschichte,0,0,1,0
zeitschrift fuer rheumatologie,0,0,1,1
zeitschrift fuer romanische philologie,0,0,1,0
zeitschrift fuer sexualforschung,0,0,1,1
zeitschrift fuer slawistik,0,0,1,0
zeitschrift fuer soziologie,0,0,1,2
zeitschrift fuer sportpsychologie,0,0,1,1
zeitschrift fuer theologie und kirche,0,0,1,0
zemdirbyste-agriculture,0,0,1,4
zentralblatt fuer chirurgie,0,0,1,0
zephyrus-revista de prehistoria y arqueologia,0,0,1,1
zhurnal obshchei biologii,0,0,1,0
zhurnal vysshei nervnoi deyatelnosti imeni i p pavlova,0,0,1,0
zivot umjetnosti,0,0,1,0
zoo biology,0,0,1,3
zookeys,0,0,1,3
zoologia,0,0,1,2
zoologica scripta,0,0,1,4
zoological journal of the linnean society,0,0,1,6
zoological letters,0,0,1,6
zoological research,0,0,1,8
zoological science,0,0,1,3
zoologichesky zhurnal,0,0,1,0
zoologischer anzeiger,0,0,1,3
zoology,0,0,1,4
zoology in the middle east,0,0,1,1
zoomorphology,0,0,1,2
zoonoses and public health,0,0,1,6
zoosystema,0,0,1,2
zoosystematics and evolution,0,0,1,2
zootaxa,0,0,1,1
zygote,0,0,1,4
