Rank;Journal;Value
1;Progress in Energy and Combustion Science;117
2;Chemical Reviews;112
3;Cellular & Molecular Immunology;96
4;Reviews of Modern Physics;95
5;Progress in Materials Science;88
6;Electrochemical Energy Reviews;82
7;Chemical Society Reviews;78
8;IEEE Communications Surveys and Tutorials;74
9;Fungal Diversity;73
-;Nano-Micro Letters;73
11;Annual Review of Pathology-Mechanisms of Disease;71
-;Advances in Optics and Photonics;71
-;Physiological Reviews;71
14;Experimental and Molecular Medicine;70
15;Cell;68
16;Biochar;63
17;Annual Review of Fluid Mechanics;62
18;Annual Review of Immunology;59
-;Nature Catalysis;59
20;Progress in Polymer Science;58
21;Annual Review Plant Biology;57
-;Cell Metabolism;57
23;Joule;56
24;Energy & Environmental Science;55
-;Annual Review of Biochemistry;55
-;Annual Review of Psychology;55
27;Journal of Hematology & Oncology;54
-;Cancer Cell;54
-;Nature Reviews Materials;54
30;Nature Nanotechnology;53
-;Applied Catalysis B-Environmental;53
-;Coordination Chemistry Reviews;53
-;Annual Review of Condensed Matter Physics;53
34;Nature Energy;52
35;Cell Research;51
36;Nature Reviews Molecular Cell Biology;50
-;Artificial Intelligence Review;50
38;Environmental Chemistry Letters;48
-;Nature Reviews Disease Primers;48
-;Cellular & Molecular Biology Letters;48
-;Annual Review of Physiology;48
42;Advanced Drug Delivery Reviews;47
43;Endocrine Reviews;46
-;Nature Photonics;46
-;Annual Review of Organizational Psychology and Organizational Behavior;46
-;Molecular Cancer;46
-;Immunity;46
48;Signal Transduction and Targeted Therapy;45
-;Cell Stem Cell;45
-;Seminars in Cancer Biology;45
51;Renewable & Sustainable Energy Reviews;44
-;International Journal of Oral Science;44
53;Annual Review of Neuroscience;43
-;Reviews of Geophysics;43
-;Advanced Fiber Materials;43
-;Progress in Lipid Research;43
-;Annual Review of Medicine;43
-;Nature Materials;43
-;Nano Energy;43
60;Annual Review of Public Health;42
-;Clinical Microbiology Reviews;42
-;Nature Medicine;42
-;Human Reproduction Update;42
-;Advances in Colloid and Interface Science;42
65;Progress in Particle and Nuclear Physics;41
-;Advanced Materials;41
-;Opto-Electronic Advances;41
68;International Journal of Information Management;40
-;Advanced Energy Materials;40
-;Journal of Materials Science & Technology;40
-;Science Immunology;40
72;Progress in Retinal and Eye Research;39
-;Annual Review of Pharmacology and Toxicology;39
-;Academy of Management Annals;39
-;Quarterly Journal of Economics;39
-;Nature Genetics;39
77;ACM Computing Surveys;38
78;Annual Review of Entomology;37
-;Accounts of Chemical Research;37
-;Nature Machine Intelligence;37
-;MMWR-Morbidity and Mortality Weekly Report;37
-;Technological Forecasting and Social Change;37
-;Journal of Financial Economics;37
-;ACS Energy Letters;37
85;Periodontology 2000;36
-;Nature Chemistry;36
-;Nature Reviews Chemistry;36
-;Journal of Retailing and Consumer Services;36
-;Journal of Nanostructure in Chemistry;36
-;Science Robotics;36
-;Trends in Food Science & Technology;36
-;Light-Science & Applications;36
-;Nature Neuroscience;36
-;Science Translational Medicine;36
-;International Journal of Educational Technology in Higher Education;36
-;Journal of Energy Chemistry;36
-;Advanced Composites and Hybrid Materials;36
98;Energy Storage Materials;35
-;Neuron;35
-;Nature Sustainability;35
-;Trends in Environmental Analytical Chemistry;35
102;Biotechnology Advances;34
-;Translational Neurodegeneration;34
-;Molecular Cell;34
-;Annual Review of Economics;34
-;npj Flexible Electronics;34
-;International Journal of Machine Tools & Manufacture;34
-;Annual Review of Biophysics;34
-;Annual Review of Marine Science;34
-;Progress in Aerospace Sciences;34
-;Carbon Energy;34
112;Reviews in Environmental Science and Bio-Technology;33
-;Biomaterials;33
-;IEEE Reviews in Biomedical Engineering;33
-;Cell Host & Microbe;33
-;Cement & Concrete Composites;33
-;International Journal of Mining Science and Technology;33
118;Tourism Management;32
-;Annual Review of Food Science and Technology;32
-;Cement and Concrete Research;32
-;Nature Microbiology;32
-;Lancet Digital Health;32
-;Nature Electronics;32
-;Nature Metabolism;32
-;Molecular Neurodegeneration;32
-;Nature Communications;32
-;International Materials Reviews;32
-;Drug Resistance Updates;32
129;Journal of Advanced Ceramics;31
-;International Journal of Plasticity;31
-;EMBO Journal;31
-;IEEE Transactions on Cybernetics;31
-;Nature Biomedical Engineering;31
-;Annual Review of Phytopathology;31
-;Composites Part B-Engineering;31
-;Ageing Research Reviews;31
-;Chem;31
-;Pharmacology & Therapeutics;31
-;Robotics and Computer-Integrated Manufacturing;31
-;Microbiome;31
-;Food Hydrocolloids;31
-;Journal of the American Chemical Society;31
-;American Economic Review;31
144;Critical Reviews in Environmental Science and Technology;30
-;Nature Reviews Microbiology;30
-;Journal of Photochemistry and Photobiology C-Photochemistry Reviews;30
-;Materials Today;30
-;NPG Asia Materials;30
-;Carbohydrate Polymers;30
-;Nano Convergence;30
-;ACS Nano;30
152;Molecular Plant;29
-;Annual Review of Clinical Psychology;29
-;Sustainable Cities and Society;29
-;Acta Neuropathologica;29
-;InfoMat;29
-;Nature Cancer;29
-;TRAC-Trends in Analytical Chemistry;29
-;Computers & Education;29
-;Physics Reports-Review Section of Physics Letters;29
-;Journal of Manufacturing Systems;29
-;EMBO Molecular Medicine;29
-;Government Information Quarterly;29
-;Automation in Construction;29
-;Nature Cell Biology;29
-;Journal of Innovation & Knowledge;29
-;Human Resource Management Review;29
-;Energy Conversion and Management;29
169;Basic Research in Cardiology;28
-;Water Research;28
-;Annual Review of Microbiology;28
-;Applied Energy;28
-;Geroscience;28
-;International Journal of Extreme Manufacturing;28
-;Journal of Business Research;28
-;Technology in Society;28
-;Comprehensive Reviews in Food Science and Food Safety;28
-;ACS Catalysis;28
-;Information Fusion;28
-;Nature Methods;28
-;Reliability Engineering & System Safety;28
-;Remote Sensing of Environment;28
-;Applied Mechanics Reviews;28
-;Academy of Management Journal;28
-;Sports Medicine-Open;28
186;Journal of Cleaner Production;27
-;Bioresource Technology;27
-;Current Opinion in Solid State & Materials Science;27
-;Science;27
-;Theranostics;27
-;Science Advances;27
-;eTransportation;27
-;Technovation;27
-;New England Journal of Medicine;27
-;Nature Protocols;27
-;Resources Conservation and Recycling;27
-;Seminars in Immunopathology;27
-;Journal of Headache and Pain;27
-;Annual Reviews in Control;27
-;Angewandte Chemie-International Edition;27
201;Nature Reviews Cancer;26
-;Journal of Finance;26
-;Advanced Functional Materials;26
-;Medical Image Analysis;26
-;Energy Economics;26
-;Sustainable Production and Consumption;26
-;Carbon;26
-;Journal of Colloid and Interface Science;26
-;Journal of Magnesium and Alloys;26
-;Landscape and Urban Planning;26
-;Green Energy & Environment;26
-;Computers in Human Behavior;26
-;Biotechnology for Biofuels;26
-;Annual Review of Ecology Evolution and Systematics;26
-;Personality and Social Psychology Review;26
-;Research Policy;26
-;Molecular Aspects of Medicine;26
-;Biosensors & Bioelectronics;26
-;Annual Review of Biomedical Engineering;26
-;Annual Review of Cell and Developmental Biology;26
-;Molecular Medicine;26
-;Computers in Industry;26
223;Journal of Hazardous Materials;25
-;IEEE Transactions on Pattern Analysis and Machine Intelligence;25
-;Computer Science Review;25
-;Resources Policy;25
-;Genome Medicine;25
-;ISPRS Journal of Photogrammetry and Remote Sensing;25
-;Trends in Cell Biology;25
-;Gut Microbes;25
-;Clinical Psychology Review;25
-;Composites Science and Technology;25
-;Bioactive Materials;25
-;Soil Biology & Biochemistry;25
-;Drugs;25
-;Chemical Engineering Journal;25
-;Nature Immunology;25
-;Annual Review of Earth and Planetary Sciences;25
-;International Journal of Contemporary Hospitality Management;25
-;Nature Reviews Genetics;25
-;Nature Reviews Immunology;25
-;Cytokine & Growth Factor Reviews;25
-;Journal of Nanobiotechnology;25
-;Topics in Current Chemistry;25
-;Environmental Impact Assessment Review;25
-;Food Packaging and Shelf Life;25
-;PRX Quantum;25
-;Drug Delivery;25
249;Nature Reviews Neuroscience;24
-;Journal of Materials Science-Materials in Medicine;24
-;Chemosphere;24
-;Oeconomia Copernicana;24
-;IEEE Transactions on Industrial Informatics;24
-;Leadership Quarterly;24
-;Pharmacological Reviews;24
-;Redox Biology;24
-;Journal of Economic Perspectives;24
-;Acta Pharmaceutica Sinica B;24
-;Energy & Environmental Materials;24
-;Journal of Experimental & Clinical Cancer Research;24
-;Perspectives on Psychological Science;24
-;Cell Death and Differentiation;24
-;Journal of Extracellular Vesicles;24
-;Materials Science & Engineering R-Reports;24
-;IEEE Transactions on Neural Networks and Learning Systems;24
-;Polymer Reviews;24
-;Archives of Computational Methods in Engineering;24
-;Journal of Neuroinflammation;24
269;Ultrasonics Sonochemistry;23
-;IEEE Journal on Selected Areas in Communications;23
-;Biological Reviews;23
-;Sleep Medicine Reviews;23
-;Journal of Experimental Medicine;23
-;Educational Psychologist;23
-;Protection and Control of Modern Power Systems;23
-;npj Computational Materials;23
-;Nature Physics;23
-;Earth-Science Reviews;23
-;Acta Biomaterialia;23
-;Corrosion Science;23
-;Environmental Science & Technology;23
-;Journal of Controlled Release;23
-;Trends in Neurosciences;23
-;Annual Review of Sociology;23
-;Lancet Public Health;23
-;Neuroscience and Biobehavioral Reviews;23
-;Energy Policy;23
-;Educational Research Review;23
-;Nano Today;23
-;Renewable Energy;23
-;IEEE Transactions on Smart Grid;23
-;European Radiology;23
-;Global Change Biology;23
-;Evidence-Based Mental Health;23
-;Journal of Natural Gas Science and Engineering;23
-;Journal of Neurodevelopmental Disorders;23
-;Cell Discovery;23
-;Reports on Progress in Physics;23
-;IEEE Transactions on Fuzzy Systems;23
-;Journal of Membrane Science;23
-;Plant Cell;23
302;Journal of Petroleum Science and Engineering;22
-;Current Opinion in Biotechnology;22
-;Natural Product Reports;22
-;European Transport Research Review;22
-;Brain;22
-;Food Chemistry;22
-;IEEE Transactions on Image Processing;22
-;Particle and Fibre Toxicology;22
-;International Journal of Mechanical Sciences;22
-;Desalination;22
-;Current Forestry Reports;22
-;Review of Financial Studies;22
-;Pharmacological Research;22
-;Environment International;22
-;International Journal of Production Economics;22
-;Journal of Business Venturing;22
-;Global Environmental Change-Human and Policy Dimensions;22
-;Annual Review of Animal Biosciences;22
-;Journal of World Business;22
-;Business Strategy and the Environment;22
-;Science of the Total Environment;22
-;Current Climate Change Reports;22
-;Fuel Processing Technology;22
325;European Respiratory Review;21
-;Reviews in Aquaculture;21
-;Annual Review of Virology;21
-;Nature Reviews Clinical Oncology;21
-;ISME Journal;21
-;Nature Geoscience;21
-;Nano Research;21
-;Progress in Quantum Electronics;21
-;JAMA Psychiatry;21
-;Annual Review of Political Science;21
-;eBioMedicine;21
-;CA-A Cancer Journal for Clinicians;21
-;Nature Human Behaviour;21
-;Trends in Cancer;21
-;IEEE Transactions on Robotics;21
-;Current Environmental Health Reports;21
-;Annual Review of Genomics and Human Genetics;21
-;Mechanical Systems and Signal Processing;21
-;ACM Transactions on Computer-Human Interaction;21
-;Fuel;21
-;Matter;21
-;International Journal of Biological Sciences;21
-;Critical Reviews in Food Science and Nutrition;21
-;Nature Climate Change;21
-;Sensors and Actuators B-Chemical;21
-;IEEE Transactions on Sustainable Energy;21
-;Service Industries Journal;21
-;Environmental Science and Pollution Research;21
-;Acta Materialia;21
-;Underground Space;21
-;Environment Development and Sustainability;21
-;Current Psychiatry Reports;21
-;IEEE Transactions on Intelligent Transportation Systems;21
-;Current Opinion in Microbiology;21
-;Cancer and Metastasis Reviews;21
-;Applied Physics Reviews;21
-;Journal of Hospitality and Tourism Management;21
-;Nature Reviews Physics;21
-;Energy;21
-;Lancet Planetary Health;21
365;IEEE Transactions on Medical Imaging;20
-;International Journal of Operations & Production Management;20
-;Journal of Orthopaedics and Traumatology;20
-;Cell Death & Disease;20
-;JAMA Neurology;20
-;Advances in Nutrition;20
-;Advanced Engineering Informatics;20
-;Annual Review of Genetics;20
-;Sports Medicine;20
-;California Management Review;20
-;Mycosphere;20
-;Molecular Therapy-Oncolytics;20
-;Clinical Epigenetics;20
-;Optica;20
-;Transportation Research Part C-Emerging Technologies;20
-;Journal of Travel & Tourism Marketing;20
-;Global Food Security-Agriculture Policy Economics and Environment;20
-;International Journal of Stem Education;20
-;Current Opinion in Chemical Biology;20
-;Cell Reports;20
-;Nature Structural & Molecular Biology;20
-;Developmental Cell;20
-;Journal for Immunotherapy of Cancer;20
-;EMBO Reports;20
-;Current Opinion in Structural Biology;20
-;Physical Review X;20
-;Cardiovascular Diabetology;20
-;Cancer Treatment Reviews;20
-;Trends in Microbiology;20
-;Nature Chemical Biology;20
-;Journal of Energy Storage;20
-;Medicinal Research Reviews;20
-;Computers Environment and Urban Systems;20
-;Pattern Recognition;20
-;Progress in Biomaterials;20
-;Journal of CO2 Utilization;20
-;Reviews in Endocrine & Metabolic Disorders;20
-;American Journal of Clinical Dermatology;20
-;Journal of Hospitality Marketing & Management;20
-;Computers and Electronics in Agriculture;20
-;Trends in Ecology & Evolution;20
-;Clinical Cancer Research;20
-;Annual Review of Analytical Chemistry;20
408;Cancer Letters;19
-;Proceedings of the National Academy of Sciences of the United States of America;19
-;Journal of Service Management;19
-;Telematics and Informatics;19
-;IEEE-CAA Journal of Automatica Sinica;19
-;Nature Reviews Nephrology;19
-;International Review of Sport and Exercise Psychology;19
-;Critical Reviews in Biotechnology;19
-;Journal of Materials Chemistry A;19
-;IEEE Transactions on Affective Computing;19
-;Composite Structures;19
-;Molecular Psychiatry;19
-;Drug Discovery Today;19
-;Environmental Pollution;19
-;Information Processing & Management;19
-;Expert Systems With Applications;19
-;Seminars in Immunology;19
-;Ecosystem Services;19
-;Photoacoustics;19
-;Separation and Purification Technology;19
-;Engineering Geology;19
-;Current Opinion in Chemical Engineering;19
-;Current Opinion in Plant Biology;19
-;Advanced Photonics;19
-;Academy of Management Review;19
-;Industrial Marketing Management;19
-;Seminars in Cell & Developmental Biology;19
-;Japanese Dental Science Review;19
-;Critical Reviews in Solid State and Materials Sciences;19
-;IEEE Transactions on Industrial Electronics;19
-;Journal of Materials Processing Technology;19
-;Biomarker Research;19
-;Metabolic Engineering;19
-;ACS Applied Materials & Interfaces;19
-;IEEE Transactions on Systems Man Cybernetics-Systems;19
-;IEEE Transactions on Power Systems;19
-;Soft Robotics;19
-;Journal of Service Research;19
-;International Journal of Management Reviews;19
-;Current Opinion in Colloid & Interface Science;19
-;Composites Part A-Applied Science and Manufacturing;19
-;Supply Chain Management-An International Journal;19
-;Journal of International Business Studies;19
-;Nature Ecology & Evolution;19
-;Petroleum Exploration and Development;19
-;Food Control;19
-;Rare Metals;19
-;npj Clean Water;19
-;Journal of Sport and Health Science;19
-;IEEE Transactions on Circuits and Systems for Video Technology;19
-;Econometrica;19
-;Current Opinion in Food Science;19
-;Environmental Research;19
-;Cellular and Molecular Life Sciences;19
-;eClinicalMedicine;19
-;Current Opinion in Virology;19
-;Building and Environment;19
465;Diabetes Care;18
-;Tribology International;18
-;Neurology-Neuroimmunology & Neuroinflammation;18
-;IEEE Transactions on Wireless Communications;18
-;Biomedicine & Pharmacotherapy;18
-;Ecological Indicators;18
-;Green Chemistry;18
-;Trends in Cognitive Sciences;18
-;Transportation Research Part E-Logistics and Transportation Review;18
-;Immunological Reviews;18
-;Trends in Plant Science;18
-;Current Opinion in Psychology;18
-;Waste Management;18
-;British Journal of Educational Technology;18
-;IEEE Transactions on Intelligent Vehicles;18
-;Current Pollution Reports;18
-;IEEE Transactions on Multimedia;18
-;Trends in Biotechnology;18
-;Geoderma;18
-;Applied Surface Science;18
-;International Journal of Hydrogen Energy;18
-;European Physical Journal C;18
-;Wiley Interdisciplinary Reviews-Climate Change;18
-;Agronomy for Sustainable Development;18
-;Experimental Hematology & Oncology;18
-;Progress in Nuclear Magnetic Resonance Spectroscopy;18
-;Current Obesity Reports;18
-;Safety Science;18
-;Microbiology and Molecular Biology Reviews;18
-;Frontiers in Neuroendocrinology;18
-;Animal Health Research Reviews;18
-;Tunnelling and Underground Space Technology;18
-;Geoscience Frontiers;18
-;Construction and Building Materials;18
-;npj 2D Materials and Applications;18
-;npj Digital Medicine;18
-;Food Engineering Reviews;18
-;npj Biofilms and Microbiomes;18
-;Biomaterials Research;18
-;Cell Chemical Biology;18
-;New Carbon Materials;18
-;Physical Review Letters;18
-;Review of Economic Studies;18
-;Psychological Bulletin;18
-;Heart Failure Reviews;18
-;Journal of Knowledge Management;18
-;Proceedings of the IEEE;18
-;European Journal of Operational Research;18
-;Trends in Pharmacological Sciences;18
-;Gut;18
515;Review of Finance;17
-;LWT-Food Science and Technology;17
-;Small;17
-;Catalysis Reviews-Science and Engineering;17
-;Journal of King Saud University-Computer and Information Sciences;17
-;Saudi Journal of Biological Sciences;17
-;Astrophysical Journal Letters;17
-;Materials Science and Engineering A-Structural Materials Properties Microstructure and Processing;17
-;Postharvest Biology and Technology;17
-;IEEE Transactions on Evolutionary Computation;17
-;Bioengineered;17
-;ACS Sustainable Chemistry & Engineering;17
-;Wiley Interdisciplinary Reviews-Nanomedicine and Nanobiotechnology;17
-;Alexandria Engineering Journal;17
-;Innovative Food Science & Emerging Technologies;17
-;Oxidative Medicine and Cellular Longevity;17
-;Plant Biotechnology Journal;17
-;Nature Biotechnology;17
-;Tourism Review;17
-;International Journal of Rock Mechanics and Mining Sciences;17
-;Land Use Policy;17
-;Acta Pharmacologica Sinica;17
-;Science Bulletin;17
-;Energy Reports;17
-;Journal of the European Ceramic Society;17
-;Microsystems & Nanoengineering;17
-;European Research on Management and Business Economics;17
-;npj Quantum Information;17
-;International Journal of Logistics Management;17
-;ACS Central Science;17
-;Cancer Immunology Immunotherapy;17
-;ACS Sensors;17
-;Chinese Chemical Letters;17
-;Solar Energy;17
-;Biochimica et Biophysica Acta-Reviews on Cancer;17
-;Family Business Review;17
-;Agricultural Water Management;17
-;Field Crops Research;17
-;Energy and Buildings;17
-;Tissue Engineering Part B-Reviews;17
-;Entrepreneurship Theory and Practice;17
-;JAMA Network Open;17
-;Decision Support Systems;17
-;Information Sciences;17
-;Clinical Oral Investigations;17
-;ACS Materials Letters;17
-;Soil & Tillage Research;17
-;Educational Psychology Review;17
-;Transport Reviews;17
-;Journal of Environmental Management;17
-;International Journal of Hospitality Management;17
-;New Phytologist;17
-;Cell Biology and Toxicology;17
-;Gondwana Research;17
-;Biofabrication;17
-;ACM Transactions on Graphics;17
-;Library Hi Tech;17
-;Phytomedicine;17
-;Journal of Strategic Information Systems;17
-;Food Research International;17
-;International Journal of Consumer Studies;17
-;IEEE Transactions on Cloud Computing;17
-;International Journal of Project Management;17
-;Journal of the Academy of Marketing Science;17
-;Process Safety and Environmental Protection;17
-;Journal of Cachexia Sarcopenia and Muscle;17
-;International Journal of Minerals Metallurgy and Materials;17
-;International Journal of Fatigue;17
-;Transportation Research Part D-Transport and Environment;17
-;Journal of Marketing;17
-;International Soil and Water Conservation Research;17
-;Earth System Science Data;17
-;Animal Nutrition;17
-;npj Regenerative Medicine;17
-;Nano Letters;17
-;M&SOM-Manufacturing & Service Operations Management;17
-;Journal of Destination Marketing & Management;17
-;American Journal of Human Genetics;17
-;Financial Innovation;17
-;Systemic Biology;17
-;Information & Management;17
-;Environmental Innovation and Societal Transitions;17
-;Chemical Record;17
-;Energy Strategy Reviews;17
-;Rheumatology International;17
-;Future Generation Computer Systems-The International Journal of Escience;17
-;Agriculture Ecosystems & Environment;17
-;Journal of Accounting & Economics;17
-;IEEE Systems Journal;17
-;One Earth;17
-;Computers & Industrial Engineering;17
606;Journal of Management;16
-;Annual Review of Statistics and Its Application;16
-;Alzheimers Research & Therapy;16
-;Chemistry of Materials;16
-;Current Osteoporosis Reports;16
-;Materials Horizons;16
-;Clinical Child and Family Psychology Review;16
-;Current Opinion in Neurobiology;16
-;International Journal of Physical Distribution & Logistics Management;16
-;European Journal of Information Systems;16
-;Journal of Advertising;16
-;Journal of Corporate Finance;16
-;Organization & Environment;16
-;Materials & Design;16
-;Archives of Pharmacal Research;16
-;Polymer Degradation and Stability;16
-;Critical Care;16
-;Journal of Hydrology;16
-;Computer Methods in Applied Mechanics and Engineering;16
-;Journal of Marketing Research;16
-;Autophagy;16
-;Nucleic Acids Research;16
-;International Business Review;16
-;Oncogene;16
-;Russian Chemical Reviews;16
-;Regenerative Biomaterials;16
-;Annual Review of Vision Science;16
-;Cell Death Discovery;16
-;Journal of Ocean Engineering and Science;16
-;Journal of Rare Earths;16
-;Trends in Biochemical Sciences;16
-;Neuroimage;16
-;Tourism Management Perspectives;16
-;Antioxidants & Redox Signaling;16
-;Molecular Systems Biology;16
-;Investigative Radiology;16
-;Diabetologia;16
-;Journal of Manufacturing Technology Management;16
-;Journal of Manufacturing Processes;16
-;BMC Medicine;16
-;Energy Research & Social Science;16
-;Journal of Applied Psychology;16
-;Health Psychology Review;16
-;ISA Transactions;16
-;Trends in Endocrinology and Metabolism;16
-;Computers & Security;16
-;Research in International Business and Finance;16
-;Applied Soft Computing;16
-;Autoimmunity Reviews;16
-;Annals of Tourism Research;16
-;Management Science;16
-;Implementation Science;16
-;Critical Reviews in Plant Sciences;16
-;Journal of Educational Computing Research;16
-;Minds and Machines;16
-;Journal of Animal Science and Biotechnology;16
-;International Journal of Sustainable Development and World Ecology;16
-;Journal of Tissue Engineering;16
-;Mechanism and Machine Theory;16
-;Bulletin of Volcanology;16
-;Solar Energy Materials and Solar Cells;16
-;IEEE Transactions on Power Electronics;16
-;Essays in Biochemistry;16
-;Thin-Walled Structures;16
-;Journal of Interactive Marketing;16
-;Cold Spring Harbor Perspectives in Biology;16
-;Journal of Operations Management;16
-;Virtual Reality;16
-;Trends in Molecular Medicine;16
-;Journal of Retailing;16
-;Journal of Integrative Plant Biology;16
-;National Science Review;16
-;Space Science Reviews;16
-;Meat Science;16
-;OMEGA-International Journal of Management Science;16
-;Review of Managerial Science;16
-;Angiogenesis;16
-;npj Quantum Materials;16
-;Antioxidants;16
-;Cell Systems;16
-;JMIR Mental Health;16
-;Journal of Advanced Research;16
-;Journal of the Knowledge Economy;16
-;NanoImpact;16
-;Current Opinion in Green and Sustainable Chemistry;16
-;Chinese Journal of Mechanical Engineering;16
-;Journal of Environmental Sciences;16
-;JCI Insight;16
-;Organization Science;16
-;Water Resources and Industry;16
-;Journal of Enterprise Information Management;16
-;Advanced Science;16
-;Accident Analysis and Prevention;16
-;Journal of Power Sources;16
-;Trends in Chemistry;16
-;Current Opinion in Environmental Sustainability;16
-;Research;16
703;Progress in Neurobiology;15
-;Nature;15
-;Cell and Bioscience;15
-;Ecological Economics;15
-;Biosystems Engineering;15
-;Journal of Management in Engineering;15
-;Earths Future;15
-;IEEE Transactions on Transportation Electrification;15
-;Emerging Microbes & Infections;15
-;Journal of Substance Abuse Treatment;15
-;Microbiological Research;15
-;Oncoimmunology;15
-;Computer Assisted Language Learning;15
-;Surface & Coatings Technology;15
-;Materials Research Letters;15
-;Translational Psychiatry;15
-;Journal of Toxicology and Environmental Health-Part B-Critical Reviews;15
-;Briefings in Bioinformatics;15
-;European Journal of Innovation Management;15
-;Ecology Letters;15
-;Engineering Structures;15
-;Scripta Materialia;15
-;Geotextiles and Geomembranes;15
-;Science China-Materials;15
-;Brain Structure & Function;15
-;Economic Analysis and Policy;15
-;Phytotherapy Research;15
-;GIScience & Remote Sensing;15
-;Talanta;15
-;British Medical Bulletin;15
-;Plant Physiology;15
-;Information Systems Research;15
-;International Review of Financial Analysis;15
-;Transportation Research Part B-Methodological;15
-;Urban Climate;15
-;Pharmaceutical Biology;15
-;Journal of Cell Biology;15
-;Molecular Metabolism;15
-;Journal of Big Data;15
-;Bioinformatics;15
-;Crop Journal;15
-;Swarm and Evolutionary Computation;15
-;Current Neurology and Neuroscience Reports;15
-;Modern Pathology;15
-;IEEE Transactions on Knowledge and Data Engineering;15
-;IEEE Transactions on Engineering Management;15
-;Trends in Genetics;15
-;Arabian Journal of Chemistry;15
-;Policy and Society;15
-;International Journal of Impact Engineering;15
-;Journal of Materials Research and Technology-JMR&T;15
-;Nature Reviews Gastroenterology & Hepatology;15
-;Current Diabetes Reports;15
-;Journal of Digital Imaging;15
-;Chemical Science;15
-;Biomedical Signal Processing and Control;15
-;Corporate Social Responsibility and Environmental Management;15
-;Pharmaceutics;15
-;Current Directions in Psychological Science;15
-;Journal of Alloys and Compounds;15
-;Environmental Science & Policy;15
-;Annual Review of Resource Economics;15
-;Environmental Health Perspectives;15
-;Cellular and Molecular Neurobiology;15
-;Cell Communication and Signaling;15
-;Journal of Rock Mechanics and Geotechnical Engineering;15
-;Journal of Applied Microbiology;15
-;Journal of Enzyme Inhibition and Medicinal Chemistry;15
-;Blood Reviews;15
-;Journal of Political Economy;15
-;Environmental Health;15
-;International Journal of Bank Marketing;15
-;Computers and Geotechnics;15
-;IEEE Transactions on Software Engineering;15
-;Journal of Travel Research;15
-;Progress in Human Geography;15
-;Electronic Commerce Research and Applications;15
-;Biosensors-Basel;15
-;npj Parkinsons Disease;15
-;JAMA Oncology;15
-;npj Breast Cancer;15
-;Composites Communications;15
-;Socio-Economic Planning Sciences;15
-;British Journal of Cancer;15
-;Review of Educational Research;15
-;Habitat International;15
-;Biocybernetics and Biomedical Engineering;15
-;Current Hypertension Reports;15
-;Journal of Catalysis;15
-;Molecular Therapy;15
-;Virtual and Physical Prototyping;15
-;Lancet Diabetes & Endocrinology;15
-;American Journal of Psychiatry;15
-;Journal of Autoimmunity;15
-;World Psychiatry;15
-;Journal of Vocational Behavior;15
-;Internet of Things;15
-;Critical Reviews in Biochemistry and Molecular Biology;15
-;Electronic Markets;15
-;International Journal of Heat and Mass Transfer;15
-;Bio-Design and Manufacturing;15
-;Inflammation and Regeneration;15
-;Cancer Communications;15
806;Ecological Informatics;14
-;Materials Research Bulletin;14
-;Journal of Nuclear Medicine;14
-;Materials Chemistry Frontiers;14
-;IEEE-ACM Transactions on Computational Biology and Bioinformatics;14
-;Science and Engineering Ethics;14
-;Journal of Management Information Systems;14
-;Journal of Business Logistics;14
-;IEEE Transactions on Network Science and Engineering;14
-;Wiley Interdisciplinary Reviews-Computational Molecular Science;14
-;Wiley Interdisciplinary Reviews-Water;14
-;Journal of Product Innovation Management;14
-;Engineering Failure Analysis;14
-;Matrix Biology;14
-;Internet and Higher Education;14
-;Genome Research;14
-;Information Technology & Tourism;14
-;Information Technology & People;14
-;Artificial Intelligence in Medicine;14
-;International Journal of Smart and Nano Materials;14
-;Colloids and Surfaces B-Biointerfaces;14
-;IEEE Transactions on Energy Conversion;14
-;International Journal of Concrete Structures and Materials;14
-;Organizational Research Methods;14
-;Cities;14
-;Molecular Therapy-Nucleic Acids;14
-;Philosophical Transactions of the Royal Society B-Biological Sciences;14
-;Journal of the Mechanics and Physics of Solids;14
-;Journal of Environmental Psychology;14
-;Journal of Experimental Botany;14
-;International Journal of Behavioral Nutrition and Physical Activity;14
-;Strategic Management Journal;14
-;Trends in Immunology;14
-;Applied Geography;14
-;Urban Forestry & Urban Greening;14
-;Journal of Medicinal Chemistry;14
-;Engineering;14
-;Catalysis Communications;14
-;Journal of Materiomics;14
-;Journal of the Taiwan Institute of Chemical Engineers;14
-;Military Medical Research;14
-;Adolescent Research Review;14
-;Plasmonics;14
-;Journal of Transport Geography;14
-;Journal of Sustainable Tourism;14
-;npj Vaccines;14
-;Progress in Electromagnetics Research-PIER;14
-;Chromosome Research;14
-;Agricultural Systems;14
-;Progress in Natural Science-Materials International;14
-;Transactions of Nonferrous Metals Society of China;14
-;Environmental Technology & Innovation;14
-;Aerospace Science and Technology;14
-;International Journal of Nursing Studies;14
-;International Journal of Production Research;14
-;Internet Research;14
-;Body Image;14
-;Economic Geography;14
-;Journal of Industrial and Engineering Chemistry;14
-;Journal of Accounting Research;14
-;Combustion and Flame;14
-;CNS Drugs;14
-;Colloid and Interface Science Communications;14
-;Best Practice & Research Clinical Endocrinology & Metabolism;14
-;Information Systems Frontiers;14
-;Annual Review of Criminology;14
-;Journal of International Financial Markets Institutions & Money;14
-;IEEE Transactions on Services Computing;14
-;Journal of Family Business Strategy;14
-;Journal of Network and Computer Applications;14
-;Inflammation;14
-;Hydrometallurgy;14
-;Metabolism-Clinical and Experimental;14
-;Ecotoxicology and Environmental Safety;14
-;MIS Quarterly;14
-;Long Range Planning;14
-;Fluids and Barriers of the Cns;14
-;Journal of Rural Studies;14
-;IEEE Internet of Things Journal;14
-;Photonics Research;14
-;International Journal of Greenhouse Gas Control;14
-;JMIR mHealth and uHealth;14
-;Nature Reviews Cardiology;14
-;Journal of Research in Interactive Marketing;14
-;IEEE-ACM Transactions on Audio Speech and Language Processing;14
-;Sustainability Accounting Management and Policy Journal;14
-;Journal of Saudi Chemical Society;14
-;Molecular Biology and Evolution;14
-;Food & Function;14
-;Advanced Healthcare Materials;14
-;Industrial Crops and Products;14
-;Journal of Food Engineering;14
-;Biochip Journal;14
-;Current Biology;14
-;mAbs;14
-;International Journal of Accounting Information Systems;14
-;Science China-Chemistry;14
-;International Journal of Biological Macromolecules;14
-;Aging Cell;14
-;International Journal of Electrical Power & Energy Systems;14
-;Journal of Nanomaterials;14
-;Current Opinion in Pharmacology;14
-;Information and Organization;14
-;Apoptosis;14
-;Transportation Science;14
-;Hepatology;14
-;Environmental and Experimental Botany;14
-;Journal of Purchasing and Supply Management;14
-;Cells;14
-;Nature Astronomy;14
-;Knowledge-Based Systems;14
-;Automatica;14
-;Digital Communications and Networks;14
-;Journal of Neuroimmune Pharmacology;14
-;Ain Shams Engineering Journal;14
-;Acta Physico-Chimica Sinica;14
-;Transport Policy;14
-;JAMA Cardiology;14
-;Bioinorganic Chemistry and Applications;14
-;Radiology;14
-;IEEE Transactions on Parallel and Distributed Systems;14
-;IEEE Transactions on Geoscience and Remote Sensing;14
-;IEEE Microwave and Wireless Components Letters;14
-;Journal of Product and Brand Management;14
-;Journal of Modern Power Systems and Clean Energy;14
-;Lancet Respiratory Medicine;14
-;Stem Cell Reports;14
-;Seminars in Nuclear Medicine;14
-;Ecological Monographs;14
-;Precision Agriculture;14
-;Immunity & Ageing;14
-;American Sociological Review;14
-;Computers in Biology and Medicine;14
-;Analytica Chimica Acta;14
-;Analytical Chemistry;14
-;Theoretical and Applied Fracture Mechanics;14
-;IEEE Transactions on Green Communications and Networking;14
-;CATENA;14
-;Agricultural and Forest Meteorology;14
-;Journal of Analytical and Applied Pyrolysis;14
-;IEEE-ASME Transactions on Mechatronics;14
-;Applied Clay Science;14
-;International Journal of Coal Geology;14
-;Neuropsychology Review;14
950;Biochemical Society Transactions;13
-;Developmental Review;13
-;International Journal of Epidemiology;13
-;Life Sciences;13
-;European Respiratory Journal;13
-;Stem Cell Research & Therapy;13
-;European Review of Aging and Physical Activity;13
-;Environmental Evidence;13
-;Asian Journal of Pharmaceutical Sciences;13
-;Biomaterials Science;13
-;Journal of Small Business Management;13
-;Nature Reviews Endocrinology;13
-;IEEE Transactions on Neural Systems and Rehabilitation Engineering;13
-;CIRP Journal of Manufacturing Science and Technology;13
-;International Journal of Computer Vision;13
-;Landscape Ecology;13
-;Friction;13
-;Journal of Translational Internal Medicine;13
-;Energy Sustainability and Society;13
-;International Journal of Retail & Distribution Management;13
-;Digital Journalism;13
-;IEEE Journal of Biomedical and Health Informatics;13
-;IEEE Journal of Emerging and Selected Topics in Power Electronics;13
-;European Management Journal;13
-;Global Ecology and Biogeography;13
-;Advances in Wound Care;13
-;Microbial Cell Factories;13
-;Education and Information Technologies;13
-;Journal of Social Issues;13
-;Business Horizons;13
-;Bioelectrochemistry;13
-;Neurobiology of Disease;13
-;Current Opinion in Cell Biology;13
-;Survey of Ophthalmology;13
-;Journal of Nutritional Biochemistry;13
-;Journal of Statistical Software;13
-;Journal of Intelligent Manufacturing;13
-;Food Policy;13
-;Applied Mathematical Modelling;13
-;Acta Geotechnica;13
-;Bioengineering & Translational Medicine;13
-;Materials Characterization;13
-;Journal of Public Administration Research and Theory;13
-;Ocean Engineering;13
-;American Journal of Chinese Medicine;13
-;Substance Abuse;13
-;Current Atherosclerosis Reports;13
-;International Journal of Thermal Sciences;13
-;Propulsion and Power Research;13
-;Lancet Global Health;13
-;Comunicar;13
-;Case Studies in Thermal Engineering;13
-;European Journal of Agronomy;13
-;Expert Opinion on Drug Delivery;13
-;Minerals Engineering;13
-;Journal of Ginseng Research;13
-;Endocrinology;13
-;Best Practice & Research in Clinical Rheumatology;13
-;International Journal of Nanomedicine;13
-;Journal of Molecular Liquids;13
-;ACS Applied Energy Materials;13
-;IEEE Transactions on Antennas and Propagation;13
-;International Journal of Research in Marketing;13
-;Blood Advances;13
-;IEEE Transactions on Network and Service Management;13
-;Biogeochemistry;13
-;Geotechnique;13
-;Mucosal Immunology;13
-;Annals of Neurology;13
-;Computer Methods and Programs in Biomedicine;13
-;Surveys in Geophysics;13
-;Structural Safety;13
-;Applied Biological Chemistry;13
-;Journal of Wind Engineering and Industrial Aerodynamics;13
-;Materials Today Physics;13
-;Landslides;13
-;Immune Network;13
-;Marine Pollution Bulletin;13
-;Robotics and Autonomous Systems;13
-;Inorganic Chemistry Frontiers;13
-;Journal of Hospitality and Tourism Technology;13
-;Psychology & Marketing;13
-;Journal of Cheminformatics;13
-;Molecular Autism;13
-;Information Systems Journal;13
-;Infectious Diseases of Poverty;13
-;Neuromolecular Medicine;13
-;eLife;13
-;Catalysis Today;13
-;Green Chemistry Letters and Reviews;13
-;Food Microbiology;13
-;Blood Cancer Journal;13
-;Acta Neuropathologica Communications;13
-;Building Simulation;13
-;Journal of Cloud Computing-Advances Systems and Applications;13
-;Nanophotonics;13
-;European Journal of Medicinal Chemistry;13
-;Nucleus;13
-;Colloids and Surfaces A-Physicochemical and Engineering Aspects;13
-;Oncogenesis;13
-;Metabolic Brain Disease;13
-;IEEE Transactions on Power Delivery;13
-;International Journal of Food Properties;13
-;Materials Chemistry and Physics;13
-;Marine Drugs;13
-;Maritime Economics & Logistics;13
-;Journal of Translational Medicine;13
-;Ceramics International;13
-;Journal of Information Technology;13
-;Health Technology Assessment;13
-;Applied Thermal Engineering;13
-;Journal of Cosmology and Astroparticle Physics;13
-;Polymer Testing;13
-;Computers & Electrical Engineering;13
-;Frontiers in Immunology;13
-;Lancet Infectious Diseases;13
-;Mechanisms of Ageing and Development;13
-;Polymers;13
-;Food Quality and Preference;13
-;mBio;13
-;IEEE Transactions on Information Forensics and Security;13
-;Current HIV/AIDS Reports;13
-;Engineering Applications of Artificial Intelligence;13
-;Energy for Sustainable Development;13
-;Psychological Science;13
-;Optical and Quantum Electronics;13
-;Current Opinion in Electrochemistry;13
-;Advances in Physics-X;13
-;Current Rheumatology Reports;13
-;Current Oncology Reports;13
-;Multimedia Tools and Applications;13
-;Advanced Optical Materials;13
-;Journal of Biomedical Informatics;13
-;Journal of Orthopaedic Translation;13
-;Genes & Development;13
-;Earth and Planetary Science Letters;13
-;International Journal of Pharmaceutics;13
-;Borsa Istanbul Review;13
-;Electrochimica Acta;13
-;Journal of Ethnopharmacology;13
-;Microporous and Mesoporous Materials;13
-;ACS Applied Nano Materials;13
-;IEEE Transactions on Automatic Control;13
-;Journal of Medical Internet Research;13
-;IEEE Transactions on Learning Technologies;13
-;IEEE Transactions on Vehicular Technology;13
-;Journal of Computer-Mediated Communication;13
-;Advances in Methods and Practices in Psychological Science;13
-;International Journal of Forecasting;13
-;Developmental Cognitive Neuroscience;13
-;Facta Universitatis-Series Mechanical Engineering;13
-;European Polymer Journal;13
-;Critical Reviews in Clinical Laboratory Sciences;13
1103;International Journal of Peptide Research and Therapeutics;12
-;Journal of the Association for Information Systems;12
-;Epidemiology and Psychiatric Sciences;12
-;Journal of Leukocyte Biology;12
-;Fungal Biology Reviews;12
-;JMIR Serious Games;12
-;Child Development Perspectives;12
-;Expert Opinion on Drug Discovery;12
-;Water Resources Management;12
-;Eurointervention;12
-;Global Strategy Journal;12
-;Foods;12
-;Gels;12
-;IEEE Transactions on Mobile Computing;12
-;Journal of Construction Engineering and Management;12
-;Science Signaling;12
-;Clinical and Translational Medicine;12
-;Journal of Intellectual Capital;12
-;NDT & E International;12
-;IEEE Transactions on Communications;12
-;Advances in Engineering Software;12
-;Applied Soil Ecology;12
-;ACM Transactions on Interactive Intelligent Systems;12
-;Fish and Fisheries;12
-;Current Nutrition Reports;12
-;Obesity Reviews;12
-;Applied Water Science;12
-;Medical Oncology;12
-;Atmospheric Chemistry and Physics;12
-;Aquaculture;12
-;Expert Review of Vaccines;12
-;International Journal of Advertising;12
-;Astrophysical Journal Supplement Series;12
-;Frontiers in Plant Science;12
-;Journal of Sound and Vibration;12
-;Reproductive Biology and Endocrinology;12
-;International Journal of Entrepreneurial Behavior & Research;12
-;Autism;12
-;Personnel Review;12
-;Nutrients;12
-;Journal of Polymers and the Environment;12
-;Structural Change and Economic Dynamics;12
-;Cellulose;12
-;Cellular and Molecular Gastroenterology and Hepatology;12
-;Annals of Intensive Care;12
-;npj Materials Degradation;12
-;Laser & Photonics Reviews;12
-;Monthly Notices of the Royal Astronomical Society;12
-;World Development;12
-;Journal of Service Theory and Practice;12
-;Marine Structures;12
-;Nanomaterials;12
-;British Journal of Sports Medicine;12
-;Neural Plasticity;12
-;ACS Biomaterials Science & Engineering;12
-;Current Opinion in Immunology;12
-;FlatChem;12
-;Review of Economics and Statistics;12
-;Chinese Journal of Aeronautics;12
-;Production Planning & Control;12
-;Frontiers of Environmental Science & Engineering;12
-;Journal of Behavioral Addictions;12
-;Telecommunications Policy;12
-;Sustainable Development;12
-;Reviews in Medical Virology;12
-;British Journal of Management;12
-;Annals of Forest Science;12
-;Review of Accounting Studies;12
-;Neuroimage-Clinical;12
-;Globalization and Health;12
-;Transportation Geotechnics;12
-;Soil;12
-;Journal of Computing in Civil Engineering;12
-;American Political Science Review;12
-;Acta Neurochirurgica;12
-;Biodrugs;12
-;Diabetes Technology & Therapeutics;12
-;Synthetic Metals;12
-;Journal of Affective Disorders;12
-;Materials Today Nano;12
-;Molecules;12
-;Plant Phenomics;12
-;IEEE Journal of Selected Topics in Signal Processing;12
-;Communications Earth & Environment;12
-;International Journal of Energy Research;12
-;Journal of Occupational Health Psychology;12
-;Pragmatics;12
-;Food Reviews International;12
-;Quantum;12
-;Sustainable Environment Research;12
-;Acta Geophysica;12
-;International Journal of Human-Computer Studies;12
-;Critical Reviews in Microbiology;12
-;SciPost Physics;12
-;Hydrology and Earth System Sciences;12
-;Annals of Microbiology;12
-;Macromolecules;12
-;Quantum Information Processing;12
-;Current Neuropharmacology;12
-;Small Business Economics;12
-;IEEE Transactions on Dependable and Secure Computing;12
-;Wiley Interdisciplinary Reviews-RNA;12
-;Liver Cancer;12
-;Big Data & Society;12
-;World Journal of Emergency Surgery;12
-;Chinese Medicine;12
-;Review of Environmental Economics and Policy;12
-;Nature Reviews Rheumatology;12
-;Frontiers in Bioengineering and Biotechnology;12
-;Frontiers in Cell and Developmental Biology;12
-;ACS Photonics;12
-;Clinical Gastroenterology and Hepatology;12
-;Marketing Science;12
-;IEEE Wireless Communications;12
-;Ecological Engineering;12
-;Current Opinion in Genetics & Development;12
-;Nurse Education Today;12
-;Human Resource Management;12
-;Ocean & Coastal Management;12
-;Measurement;12
-;Plant Journal;12
-;Nucleic Acid Therapeutics;12
-;Carbon Letters;12
-;Adsorption Science & Technology;12
-;Journal of Consumer Research;12
-;Water Resources Research;12
-;International Journal of Environmental Research and Public Health;12
-;Cancer Cell International;12
-;Journal of Physics and Chemistry of Solids;12
-;Frontiers in Aging Neuroscience;12
-;Dyes and Pigments;12
-;International Journal of Neural Systems;12
-;Computer Communications;12
-;PLoS Genetics;12
-;Cancers;12
-;Journal of Geographical Sciences;12
-;Journal of Photochemistry and Photobiology A-Chemistry;12
-;npj Precision Oncology;12
-;Communications Biology;12
-;Business & Information Systems Engineering;12
-;Small Methods;12
-;npj Genomic Medicine;12
-;IEEE Robotics and Automation Letters;12
-;Journal of Pharmaceutical Analysis;12
-;mSystems;12
-;Sustainability Science;12
-;Critical Perspectives on Accounting;12
-;IEEE Transactions on Signal Processing;12
-;Biology and Fertility of Soils;12
-;ACM Transactions on Information Systems;12
-;Clinical Infectious Diseases;12
-;Ecological Applications;12
-;Glia;12
-;Weather and Climate Extremes;12
-;Progress in Orthodontics;12
-;Trauma Violence & Abuse;12
-;Rock Mechanics and Rock Engineering;12
-;Journal of Environmental Chemical Engineering;12
-;Biomacromolecules;12
-;Journal of Dental Research;12
-;BMC Biology;12
-;Spectrochimica Acta Part A-Molecular and Biomolecular Spectroscopy;12
-;Journal of Agricultural and Food Chemistry;12
-;IEEE Transactions on Control Systems Technology;12
-;Hematology-American Society of Hematology Education Program;12
-;Natural Resources Research;12
-;Defence Technology;12
-;Leukemia;12
-;Comprehensive Psychiatry;12
-;Engineering Fracture Mechanics;12
-;Neural Networks;12
-;Applied Microbiology and Biotechnology;12
-;Bioenergy Research;12
-;Geochimica et Cosmochimica Acta;12
-;Strategic Entrepreneurship Journal;12
-;International Journal of Food Microbiology;12
-;Materials Today Advances;12
-;Surface Science Reports;12
1281;Ad Hoc Networks;11
-;Journal of Development Economics;11
-;Journal of Electroanalytical Chemistry;11
-;Microchimica Acta;11
-;Journal of Constructional Steel Research;11
-;Management Decision;11
-;Journal of Clinical Periodontology;11
-;Advanced Powder Technology;11
-;RSC Advances;11
-;Teaching and Teacher Education;11
-;Journal of Pineal Research;11
-;Frontiers in Cellular and Infection Microbiology;11
-;Arthritis & Rheumatology;11
-;Environmental Science & Technology Letters;11
-;International Journal of Precision Engineering and Manufacturing-Green Technology;11
-;Neurocomputing;11
-;Frontiers in Chemistry;11
-;Methods in Ecology and Evolution;11
-;Frontiers in Nutrition;11
-;Frontiers in Molecular Biosciences;11
-;Molecular Cancer Research;11
-;Ocular Surface;11
-;Therapeutic Advances in Endocrinology and Metabolism;11
-;Biology of Sex Differences;11
-;Current Opinion in Neurology;11
-;Journal of Materials Chemistry C;11
-;Batteries-Basel;11
-;Journal of Industrial Ecology;11
-;IEEE Transactions on Industry Applications;11
-;Journal of Urban Economics;11
-;Environmental Microbiology;11
-;Climate Policy;11
-;Microbial Ecology;11
-;Chaos Solitons & Fractals;11
-;Clinical Nutrition;11
-;Contemporary Accounting Research;11
-;Circulation-Arrhythmia and Electrophysiology;11
-;Exercise and Sport Sciences Reviews;11
-;Global Biogeochemical Cycles;11
-;Biology of Sport;11
-;ACS Macro Letters;11
-;ACS Synthetic Biology;11
-;Molecular Ecology;11
-;Soil Dynamics and Earthquake Engineering;11
-;Science China-Physics Mechanics & Astronomy;11
-;Work and Stress;11
-;Advances in Climate Change Research;11
-;Frontiers in Molecular Neuroscience;11
-;Frontiers in Systems Neuroscience;11
-;Process Biochemistry;11
-;Frontiers in Synaptic Neuroscience;11
-;Clinical Science;11
-;Journal of Consumer Behaviour;11
-;Frontiers in Microbiology;11
-;Genomics Proteomics & Bioinformatics;11
-;Expert Opinion on Therapeutic Targets;11
-;Lab on a Chip;11
-;European Journal of Nuclear Medicine and Molecular Imaging;11
-;Journal of Computer Assisted Learning;11
-;Neural Regeneration Research;11
-;Total Quality Management & Business Excellence;11
-;Computers & Operations Research;11
-;International Journal of Computer-Supported Collaborative Learning;11
-;Journal of Internal Medicine;11
-;Fuzzy Optimization and Decision Making;11
-;Communications Physics;11
-;Abdominal Radiology;11
-;Antibiotics-Basel;11
-;Journal of Chemical Theory and Computation;11
-;Evolution Letters;11
-;RMD Open;11
-;Plant Physiology and Biochemistry;11
-;Chemico-Biological Interactions;11
-;IEEE Transactions on Sustainable Computing;11
-;Frontiers in Energy;11
-;Annual Review of Linguistics;11
-;International Journal of Computer Assisted Radiology and Surgery;11
-;International Journal of Life Cycle Assessment;11
-;Archives of Osteoporosis;11
-;Neurobiology of Aging;11
-;Powder Technology;11
-;Thyroid;11
-;Materials Science in Semiconductor Processing;11
-;Brain Behavior and Immunity;11
-;Transportation Research Part F-Traffic Psychology and Behaviour;11
-;Inorganic Chemistry Communications;11
-;Journal of Supply Chain Management;11
-;Annals of Mathematics;11
-;Ethics and Information Technology;11
-;International Journal of Disaster Risk Reduction;11
-;Organic Letters;11
-;Physics of the Dark Universe;11
-;Chemical and Biological Technologies in Agriculture;11
-;American Journal of Clinical Nutrition;11
-;Bioresources and Bioprocessing;11
-;Coastal Engineering;11
-;Journal of Banking & Finance;11
-;Journal of Supercritical Fluids;11
-;Journal of International Marketing;11
-;Integrated Computer-Aided Engineering;11
-;International Journal of Polymer Science;11
-;Journal of Water Process Engineering;11
-;Retrovirology;11
-;IEEE-ACM Transactions on Networking;11
-;Biomolecules;11
-;Journal of Neuroengineering and Rehabilitation;11
-;Environmental Development;11
-;Current Allergy and Asthma Reports;11
-;Accounting Organizations and Society;11
-;Inflammation Research;11
-;Emerging Infectious Diseases;11
-;IEEE Journal of Solid-State Circuits;11
-;International Journal of Hygiene and Environmental Health;11
-;Brain Imaging and Behavior;11
-;International Journal of Molecular Sciences;11
-;Cold Regions Science and Technology;11
-;American Journal of Physiology-Cell Physiology;11
-;Journal of International Management;11
-;China Economic Review;11
-;Public Relations Review;11
-;International Journal of Oncology;11
-;Atmospheric Research;11
-;Lancet Gastroenterology & Hepatology;11
-;European Physical Journal A;11
-;CAAI Transactions on Intelligence Technology;11
-;Critical Reviews in Analytical Chemistry;11
-;European Journal of Cell Biology;11
-;Journal of Monetary Economics;11
-;Toxicology;11
-;Simulation Modelling Practice and Theory;11
-;Alcoholism-Clinical and Experimental Research;11
-;Journal of Intensive Care;11
-;Structural Control & Health Monitoring;11
-;Epigenetics & Chromatin;11
-;IEEE Transactions on Automation Science and Engineering;11
-;Biomedical Journal;11
-;Cancer Biology & Therapy;11
-;Quality Assurance and Safety of Crops & Foods;11
-;Cancer Immunology Research;11
-;Nonlinear Dynamics;11
-;International Communications in Heat and Mass Transfer;11
-;Antimicrobial Resistance and Infection Control;11
-;Molecular Therapy-Methods & Clinical Development;11
-;Nature Reviews Neurology;11
-;Therapeutic Advances in Musculoskeletal Disease;11
-;Human-Computer Interaction;11
-;Molecular Ecology Resources;11
-;Plant Methods;11
-;Journal of the Mechanical Behavior of Biomedical Materials;11
-;Separation and Purification Reviews;11
-;Computer Standards & Interfaces;11
-;Transactions of the Association for Computational Linguistics;11
-;Journal of Materials Chemistry B;11
-;IET Nanobiotechnology;11
-;Economic Research-Ekonomska Istrazivanja;11
-;Proceedings of the Royal Society B-Biological Sciences;11
-;Progress in Biophysics & Molecular Biology;11
-;Science and Technology of Advanced Materials;11
-;Journal of Oral Microbiology;11
-;Diamond and Related Materials;11
-;Journal of Composites for Construction;11
-;Oncology Research;11
-;Rice;11
-;Transportation Research Part A-Policy and Practice;11
-;Marketing Intelligence & Planning;11
-;Computer-Aided Civil and Infrastructure Engineering;11
-;Cancer Discovery;11
-;Industrial Management & Data Systems;11
-;Geology;11
-;Energy & Fuels;11
-;Wiley Interdisciplinary Reviews-Data Mining and Knowledge Discovery;11
-;Drug Delivery and Translational Research;11
-;Biomass & Bioenergy;11
-;Journal of Hospitality & Tourism Research;11
-;Human Resources for Health;11
-;Frontiers in Cellular Neuroscience;11
-;Palliative Medicine;11
-;Journal of Safety Research;11
-;Expert Opinion on Therapeutic Patents;11
-;Journal of Neuroscience;11
-;Ultrasonics;11
-;European Journal of Marketing;11
-;Toxins;11
-;International Entrepreneurship and Management Journal;11
-;Journal of Loss Prevention in the Process Industries;11
-;npj Climate and Atmospheric Science;11
-;Mitochondrion;11
-;Membranes;11
-;Communications Chemistry;11
-;Geomechanics and Geophysics for Geo-Energy and Geo-Resources;11
-;Beneficial Microbes;11
-;Biochemical Pharmacology;11
-;Biological Conservation;11
-;Nanomedicine-Nanotechnology Biology and Medicine;11
-;Chemical Engineering Science;11
-;Virus Evolution;11
-;European Journal of Mechanics A-Solids;11
-;Intermetallics;11
-;Thinking Skills and Creativity;11
-;Environment and Planning A-Economy and Space;11
-;IEEE Transactions on Cognitive and Developmental Systems;11
-;Marine Policy;11
-;Scientia Horticulturae;11
-;Remote Sensing;11
-;Psychological Review;11
-;Global Finance Journal;11
-;Production and Operations Management;11
-;Algal Research-Biomass Biofuels and Bioproducts;11
-;Annals of Surgery;11
-;Journal of Organizational Behavior;11
-;European Journal of Epidemiology;11
-;European Journal of Heart Failure;11
-;Clinical Microbiology and Infection;11
-;Environmental Reviews;11
-;Journal of the American Medical Informatics Association;11
-;Journal of Molecular Neuroscience;11
-;Travel Behaviour and Society;11
-;Mathematics and Computers in Simulation;11
-;Current Treatment Options in Oncology;11
-;Electric Power Systems Research;11
-;Inorganic Chemistry;11
-;Neuropsychopharmacology;11
-;Cellular Oncology;11
-;Geothermics;11
-;Contemporary Educational Psychology;11
-;Annual Review of Cancer Biology;11
-;IEEE Transactions on Broadcasting;11
-;European Urology Oncology;11
-;IEEE Transactions on Biomedical Circuits and Systems;11
-;Neurotoxicity Research;11
-;Journal of High Energy Physics;11
-;Plant Science;11
-;Horticultural Plant Journal;11
-;Journal of Business Ethics;11
-;Hepatology International;11
-;Economic Geology;11
-;Materials Today Energy;11
-;Critical Reviews in Oncology Hematology;11
1519;Biological Trace Element Research;10
-;Progress in Organic Coatings;10
-;Structural and Multidisciplinary Optimization;10
-;Harmful Algae;10
-;Health Affairs;10
-;Progress in Neuro-Psychopharmacology & Biological Psychiatry;10
-;Neuropharmacology;10
-;International Journal of Mental Health Systems;10
-;Organic Chemistry Frontiers;10
-;Indoor Air;10
-;Bone & Joint Research;10
-;Environmental Research Letters;10
-;2D Materials;10
-;Eye and Vision;10
-;RNA Biology;10
-;Journal of Biological Engineering;10
-;Journal of the American Heart Association;10
-;Nanoscale;10
-;Cancer Science;10
-;Optical Materials;10
-;Inflammopharmacology;10
-;Cancer & Metabolism;10
-;Bone & Joint Journal;10
-;Physical Review Applied;10
-;Nutrition & Diabetes;10
-;Recall;10
-;Mediators of Inflammation;10
-;Viruses-Basel;10
-;American Economic Journal-Applied Economics;10
-;Microbiology Spectrum;10
-;Geophysical Research Letters;10
-;Journal of Geotechnical and Geoenvironmental Engineering;10
-;Kidney International;10
-;Journal of Environmental Economics and Management;10
-;Lancet Oncology;10
-;Business Process Management Journal;10
-;Assessment & Evaluation in Higher Education;10
-;IEEE Transactions on Ultrasonics Ferroelectrics and Frequency Control;10
-;Journal of Physical Chemistry Letters;10
-;Academy of Management Discoveries;10
-;Stem Cells Translational Medicine;10
-;Journal of Business & Industrial Marketing;10
-;European Journal of Pharmaceutical Sciences;10
-;Journal of Biosciences;10
-;International Journal of Refractory Metals & Hard Materials;10
-;Cell Proliferation;10
-;Amino Acids;10
-;Circulation-Cardiovascular Interventions;10
-;Preventive Medicine;10
-;Journal of Thrombosis and Thrombolysis;10
-;Neural Computing & Applications;10
-;Earth System Dynamics;10
-;Journal of Optical Communications and Networking;10
-;Journal of Molecular Biology;10
-;Applied Ocean Research;10
-;Science China-Life Sciences;10
-;Science China-Technological Sciences;10
-;World Politics;10
-;New Technology Work and Employment;10
-;Environmental Modelling & Software;10
-;Aquaculture Economics & Management;10
-;Journal of Pharmacy and Pharmaceutical Sciences;10
-;Natural Hazards and Earth System Sciences;10
-;Frontiers in Neural Circuits;10
-;Design Studies;10
-;Ambio;10
-;Structural Health Monitoring-An International Journal;10
-;Economic Modelling;10
-;Annals of Clinical Microbiology and Antimicrobials;10
-;Frontiers in Pharmacology;10
-;Frontiers in Physiology;10
-;Functional Ecology;10
-;Journal of Research in Science Teaching;10
-;Expert Opinion on Investigational Drugs;10
-;Leadership & Organization Development Journal;10
-;International Journal of Management Education;10
-;Journal of Management Studies;10
-;Journal of Bionic Engineering;10
-;Journal of Zhejiang University-Science B;10
-;Vacuum;10
-;International Journal of Agricultural Sustainability;10
-;Journal of Cerebral Blood Flow and Metabolism;10
-;Letters in Applied Microbiology;10
-;Service Business;10
-;Astrophysical Journal;10
-;ACS Chemical Biology;10
-;World Journal of Gastroenterology;10
-;Current Molecular Pharmacology;10
-;Extreme Mechanics Letters;10
-;Lancet Child & Adolescent Health;10
-;Geocarto International;10
-;International Immunopharmacology;10
-;ChemSusChem;10
-;Information and Software Technology;10
-;High Voltage;10
-;International Journal of Social Robotics;10
-;One Health;10
-;Applied Materials Today;10
-;Current Opinion in Psychiatry;10
-;European Urology Focus;10
-;Journal of Nursing Management;10
-;npj Microgravity;10
-;Journal of Pharmaceutical Investigation;10
-;APL Photonics;10
-;BMJ Global Health;10
-;Economy and Society;10
-;Current Opinion in Behavioral Sciences;10
-;Emerging Markets Review;10
-;Journal of Plant Physiology;10
-;Neurochemistry International;10
-;Nutrition Reviews;10
-;International Journal of Colorectal Disease;10
-;Optik;10
-;International Journal of Damage Mechanics;10
-;Journal of Orthopaedic & Sports Physical Therapy;10
-;Fish & Shellfish Immunology;10
-;Psychotherapy and Psychosomatics;10
-;Public Administration;10
-;Human Mutation;10
-;Psychology Research and Behavior Management;10
-;Food Bioscience;10
-;European Journal of Pharmacology;10
-;Human Brain Mapping;10
-;Applied Acoustics;10
-;American Educational Research Journal;10
-;Applied Ergonomics;10
-;Materials Technology;10
-;JARO-Journal of the Association for Research in Otolaryngology;10
-;Computerized Medical Imaging and Graphics;10
-;IEEE Network;10
-;Forest Ecology and Management;10
-;Journal of Systems Architecture;10
-;Advanced Electronic Materials;10
-;International Journal of Logistics-Research and Applications;10
-;Annals of Agricultural Sciences;10
-;Current Opinion in Insect Science;10
-;Applied Spectroscopy Reviews;10
-;Journal of Engineering Education;10
-;Internet Interventions-The Application of Information Technology in Mental and Behavioural Health;10
-;Journal of Services Marketing;10
-;Diabetes-Metabolism Research and Reviews;10
-;Metabolites;10
-;Molecular Diagnosis & Therapy;10
-;International Review of Economics & Finance;10
-;Environmental Monitoring and Assessment;10
-;Mechanics of Materials;10
-;JACC-Cardiovascular Imaging;10
-;GPS Solutions;10
-;Bulletin of Engineering Geology and the Environment;10
-;Human Relations;10
-;Regional Environmental Change;10
-;Journal of Systems and Software;10
-;Climatic Change;10
-;Translational Research;10
-;CBE-Life Sciences Education;10
-;Basic and Applied Ecology;10
-;IEEE Transactions on Microwave Theory and Techniques;10
-;IEEE Transactions on Reliability;10
-;Signal Processing;10
-;JHEP Reports;10
-;Psychiatry Research;10
-;Journal of Tissue Engineering and Regenerative Medicine;10
-;Sensors;10
-;Journal of Parkinsons Disease;10
-;System;10
-;Channels;10
-;Journal of King Saud University Science;10
-;Advanced Intelligent Systems;10
-;Journal of Health Economics;10
-;Neurotoxicology;10
-;Finance Research Letters;10
-;International Journal of Climate Change Strategies and Management;10
-;Journal of Immunology Research;10
-;Chemosensors;10
-;BMJ Open Diabetes Research & Care;10
-;Diabetes & Metabolism Journal;10
-;Ecography;10
-;GigaScience;10
-;Neuroinformatics;10
-;Sensors and Actuators A-Physical;10
-;Journal of Stroke;10
-;Eurasian Business Review;10
-;ASN Neuro;10
-;Saudi Pharmaceutical Journal;10
-;Journal of European Public Policy;10
-;Quantitative Economics;10
-;Frontiers in Environmental Science;10
-;Journal of Brand Management;10
-;Reviews in Fisheries Science & Aquaculture;10
-;Epidemics;10
-;Experimental Biology and Medicine;10
-;IEEE Transactions on Big Data;10
-;Journal of the European Economic Association;10
-;Heritage Science;10
-;Journal of Intelligent & Robotic Systems;10
-;Journal of Fungi;10
-;Materials Science and Engineering B-Advanced Functional Solid-State Materials;10
-;Cambridge Journal of Regions Economy and Society;10
-;International Journal of Human Resource Management;10
-;Journal of Molecular Medicine-Jmm;10
-;Advances in Nonlinear Analysis;10
-;Computational and Structural Biotechnology Journal;10
-;Organizational Behavior and Human Decision Processes;10
-;Aging and Disease;10
-;Geomatics Natural Hazards & Risk;10
-;Learning and Instruction;10
-;Applied Catalysis A-General;10
-;Molecular Plant Pathology;10
-;IEEE Journal of Translational Engineering in Health and Medicine;10
-;International Journal of Photoenergy;10
-;JAMA Pediatrics;10
-;Computers & Chemical Engineering;10
-;IEEE Transactions on Emerging Topics in Computing;10
-;Circulation-Heart Failure;10
-;European Journal of Pharmaceutics and Biopharmaceutics;10
-;Animal Frontiers;10
-;Cancer Gene Therapy;10
-;Chemical Engineering Research & Design;10
-;Knee Surgery Sports Traumatology Arthroscopy;10
-;Environmental Sciences Europe;10
-;Journal of Molecular Structure;10
-;Reviews on Environmental Health;10
-;Journal of Vacation Marketing;10
-;Journal of Pathology;10
-;Allergy;10
-;Antimicrobial Agents and Chemotherapy;10
-;International Endodontic Journal;10
-;Public Management Review;10
-;Health & Place;10
-;International Marketing Review;10
-;Neoplasia;10
-;Frontiers in Endocrinology;10
-;Journal of Psychopharmacology;10
-;International Small Business Journal-Researching Entrepreneurship;10
-;Journal of Luminescence;10
-;West European Politics;10
-;Earthquake Engineering & Structural Dynamics;10
-;Plant Cell and Environment;10
-;Astronomy & Astrophysics;10
-;Neurobiology of Stress;10
-;Catalysts;10
-;Journal of Forestry Research;10
-;Development;10
-;International Journal of Critical Infrastructure Protection;10
-;Journal of Air Transport Management;10
-;Journal of Human Hypertension;10
-;Advanced Materials Technologies;10
-;Journal of Functional Biomaterials;10
-;Synthetic and Systems Biotechnology;10
-;Solar RRL;10
-;Information Systems;10
-;Cephalalgia;10
-;Journal of Chemical Information and Modeling;10
-;Reviews in the Neurosciences;10
-;Addictive Behaviors;10
-;Remote Sensing in Ecology and Conservation;10
-;Insights Into Imaging;10
-;Journal of Exposure Science and Environmental Epidemiology;10
-;Control Engineering Practice;10
-;Epigenetics;10
-;International Journal of Disaster Risk Science;10
-;Limnology and Oceanography Letters;10
-;Frontiers of Physics;10
-;Archivum Immunologiae et Therapiae Experimentalis;10
-;Sustainability;10
-;Astronomical Journal;10
-;Journal of Fluorescence;10
-;Methods;10
-;Plant and Cell Physiology;10
-;Optics and Laser Technology;10
-;Molecular Phylogenetics and Evolution;10
-;Progress in Cardiovascular Diseases;10
-;Journal of Clinical Gastroenterology;10
-;International Journal of Engineering Science;10
-;International Journal of Health Services;10
-;Journal of Child Psychology and Psychiatry;10
-;Journal of Outdoor Recreation and Tourism-Research Planning and Management;10
-;Journal of Chromatography A;10
-;Reactive & Functional Polymers;10
-;Food Structure-Netherlands;10
-;Advanced Materials Interfaces;10
-;Environmental Toxicology and Pharmacology;10
-;ChemBioEng Reviews;10
-;Journal of Dairy Science;10
-;Journal of Neural Engineering;10
-;Journal of Ecology;10
-;Accounting Review;10
-;Journal of Anxiety Disorders;10
-;International Journal of Medical Informatics;10
-;Journal of Applied Ecology;10
-;Results in Physics;10
-;Diagnostic and Interventional Imaging;10
-;Biochemical Engineering Journal;10
-;Epilepsia;10
-;Critical Reviews in Toxicology;10
-;Journal of Wood Science;10
-;Hepatology Communications;10
-;Futures;10
-;Materials and Manufacturing Processes;10
-;iScience;10
-;American Journal of Sports Medicine;10
-;Materials Today Bio;10
-;Pharmaceuticals;10
-;Food Science of Animal Resources;10
-;ACS Applied Polymer Materials;10
-;Aquatic Toxicology;10
-;IEEE Transactions on Visualization and Computer Graphics;10
-;Project Management Journal;10
-;Gesunde Pflanzen;10
-;Journal of Contaminant Hydrology;10
-;Experimental Neurology;10
-;Food and Bioprocess Technology;10
1831;Journal of Medical Virology;9
-;American Journal of Surgical Pathology;9
-;Journal of Natural Products;9
-;Journal of Pest Science;9
-;Journal of Inorganic and Organometallic Polymers and Materials;9
-;Mineralium Deposita;9
-;European Journal of Ageing;9
-;Advanced Synthesis & Catalysis;9
-;Mass Spectrometry Reviews;9
-;Accounting Forum;9
-;Social Science & Medicine;9
-;International Journal of Multiphase Flow;9
-;Plant Pathology Journal;9
-;Journal of Food Biochemistry;9
-;Journal of Grid Computing;9
-;Journal of Structural Engineering;9
-;Academy of Management Learning & Education;9
-;Mechanics of Advanced Materials and Structures;9
-;IEEE Geoscience and Remote Sensing Letters;9
-;Biomedicines;9
-;Waste Management & Research;9
-;Scientific Data;9
-;Journal of Labor Economics;9
-;Gut Pathogens;9
-;Cell Cycle;9
-;IEEE Transactions on Control of Network Systems;9
-;Health Information Science and Systems;9
-;Journal of Leadership & Organizational Studies;9
-;Journal of Public Policy & Marketing;9
-;International Journal of Antimicrobial Agents;9
-;Pharmaceutical Research;9
-;Journal of Experimental Nanoscience;9
-;Human Resource Development Review;9
-;Pathogens and Disease;9
-;Quantitative Infrared Thermography Journal;9
-;Journal of Neurotrauma;9
-;Allergology International;9
-;CNS Neuroscience & Therapeutics;9
-;Entrepreneurship and Regional Development;9
-;Toxics;9
-;International Journal of Stroke;9
-;Substance Abuse Treatment Prevention and Policy;9
-;Fermentation-Basel;9
-;Skeletal Muscle;9
-;Molecular Pharmaceutics;9
-;Journal of Natural Fibers;9
-;Journal of Functional Foods;9
-;Atmospheric Environment;9
-;New Media & Society;9
-;Amb Express;9
-;Progress in Oceanography;9
-;Journal of Trace Elements in Medicine and Biology;9
-;Online Information Review;9
-;American Journal of Preventive Medicine;9
-;Ecological Processes;9
-;Psychology of Sport and Exercise;9
-;Acta Astronautica;9
-;World Journal of Microbiology & Biotechnology;9
-;International Journal of Intelligent Systems;9
-;Early Childhood Research Quarterly;9
-;Clinical Psychological Science;9
-;Computer Speech and Language;9
-;Movement Disorders;9
-;International Biodeterioration & Biodegradation;9
-;Biomedical Optics Express;9
-;Society and Mental Health;9
-;BMC Bioinformatics;9
-;Management International Review;9
-;IEEE Access;9
-;Dentomaxillofacial Radiology;9
-;Autonomous Robots;9
-;International Journal of Numerical Methods for Heat & Fluid Flow;9
-;Current Opinion in Lipidology;9
-;IEEE Wireless Communications Letters;9
-;Journal of Gastroenterology;9
-;Biomass Conversion and Biorefinery;9
-;Energy & Environment;9
-;RNA;9
-;Wear;9
-;Journal of Virology;9
-;Precision Engineering-Journal of the International Societies for Precision Engineering and Nanotechnology;9
-;Journal of Non-Crystalline Solids;9
-;Microprocessors and Microsystems;9
-;Polymer Composites;9
-;Journal of Telemedicine and Telecare;9
-;Malaria Journal;9
-;International Journal of Geographical Information Science;9
-;Diversity and Distributions;9
-;European Journal of Work and Organizational Psychology;9
-;Frontiers in Behavioral Neuroscience;9
-;Marine and Petroleum Geology;9
-;Journal of Heat Transfer-Transactions of the Asme;9
-;Drug Safety;9
-;Bioorganic Chemistry;9
-;Lipids in Health and Disease;9
-;International Journal of Adhesion and Adhesives;9
-;Analytical and Bioanalytical Chemistry;9
-;European Sport Management Quarterly;9
-;Computers & Geosciences;9
-;Journal of Materials Science;9
-;Journal of Public Economics;9
-;Science and Technology of Welding and Joining;9
-;Journal of Terramechanics;9
-;International Journal of Refrigeration;9
-;Journal of International Financial Management & Accounting;9
-;Journal of Integrative Medicine-Jim;9
-;npj Science of Food;9
-;Nutrition Research Reviews;9
-;Clinical Journal of the American Society of Nephrology;9
-;Proceedings of the Vldb Endowment;9
-;Microorganisms;9
-;Behavior Therapy;9
-;Vaccines;9
-;Human Reproduction Open;9
-;International Journal of Drug Policy;9
-;Biofactors;9
-;Engineering Analysis With Boundary Elements;9
-;Cognitive Computation;9
-;Food Security;9
-;European Heart Journal-Cardiovascular Pharmacotherapy;9
-;IEEE Transactions on Circuits and Systems Ii-Express Briefs;9
-;ICT Express;9
-;Social Media + Society;9
-;Studies in Second Language Learning and Teaching;9
-;Chemical Geology;9
-;Academy of Management Perspectives;9
-;British Food Journal;9
-;Rhizosphere;9
-;Endocrinology and Metabolism;9
-;Requirements Engineering;9
-;British Journal of Educational Psychology;9
-;Frontiers of Medicine;9
-;Chinese Journal of Chemistry;9
-;British Journal of Pharmacology;9
-;International Journal of Sediment Research;9
-;Connection Science;9
-;World Journal of Biological Psychiatry;9
-;Journal of Central South University;9
-;Structures;9
-;High Power Laser Science and Engineering;9
-;Chinese Journal of Chemical Engineering;9
-;Operations Research;9
-;ACM Transactions on Software Engineering and Methodology;9
-;Biological Control;9
-;Journal of Consumer Psychology;9
-;Psychological Medicine;9
-;Political Communication;9
-;Journal of Food Composition and Analysis;9
-;Experimental Thermal and Fluid Science;9
-;Learning Media and Technology;9
-;IEEE Sensors Journal;9
-;Journal of Fluids and Structures;9
-;Current Pain and Headache Reports;9
-;Anthropocene;9
-;Journal of Industrial Microbiology & Biotechnology;9
-;Current Issues in Tourism;9
-;Environmental Toxicology;9
-;Additive Manufacturing;9
-;Korean Journal of Radiology;9
-;Journal of Technology Transfer;9
-;International Journal for Parasitology-Drugs and Drug Resistance;9
-;Journal of Plant Interactions;9
-;Conservation Biology;9
-;Translational Oncology;9
-;ACS Omega;9
-;ETR&D-Educational Technology Research and Development;9
-;Network Neuroscience;9
-;People and Nature;9
-;IEEE Transactions on Computers;9
-;Macromolecular Materials and Engineering;9
-;IEEE Transactions on Instrumentation and Measurement;9
-;Intensive Care Medicine;9
-;Helicobacter;9
-;Stem Cell Reviews and Reports;9
-;Data & Knowledge Engineering;9
-;Ore Geology Reviews;9
-;Antiviral Research;9
-;ACS Applied Electronic Materials;9
-;Bone;9
-;American Journal of Physiology-Lung Cellular and Molecular Physiology;9
-;PLoS Neglected Tropical Diseases;9
-;Archives of Gerontology and Geriatrics;9
-;Physics Letters B;9
-;Materials Today Chemistry;9
-;Journals of Gerontology Series A-Biological Sciences and Medical Sciences;9
-;Journal of Web Semantics;9
-;Journal of Financial Stability;9
-;Journal of Comparative Economics;9
-;Journal of Dentistry;9
-;Journal of Infection;9
-;Pervasive and Mobile Computing;9
-;Journal of Rheology;9
-;Optics and Lasers in Engineering;9
-;International Journal of Robotics Research;9
-;Bulletin of Earthquake Engineering;9
-;Environmental Science-Nano;9
-;Conflict and Health;9
-;Global and Planetary Change;9
-;Journal of Clinical Child and Adolescent Psychology;9
-;Journal of Environmental Health Science and Engineering;9
-;Aquaculture Nutrition;9
-;Elementa-Science of the Anthropocene;9
-;Open Biology;9
-;Child and Adolescent Psychiatry and Mental Health;9
-;International Journal of Digital Earth;9
-;Clinical and Molecular Hepatology;9
-;JMIR Medical Informatics;9
-;ACM Transactions on Internet Technology;9
-;IEEE Transactions on Computational Social Systems;9
-;Cognition and Instruction;9
-;Journal of Ethnobiology and Ethnomedicine;9
-;Conservation Letters;9
-;International Journal of Emerging Markets;9
-;Journal of Drug Delivery Science and Technology;9
-;Microbial Biotechnology;9
-;Journal of Land Use Science;9
-;Research in Transportation Economics;9
-;IEEE Antennas and Wireless Propagation Letters;9
-;Catalysis Science & Technology;9
-;Parasites & Vectors;9
-;Journal of Lightwave Technology;9
-;Therapeutic Advances in Psychopharmacology;9
-;Plants-Basel;9
-;Energies;9
-;Toxicological Sciences;9
-;Adipocyte;9
-;Journal of Process Control;9
-;Chinese Journal of Polymer Science;9
-;IEEE Communications Letters;9
-;Applied Artificial Intelligence;9
-;Journal of the Renin-Angiotensin-Aldosterone System;9
-;Human Molecular Genetics;9
-;Autism Research;9
-;International Journal of Molecular Medicine;9
-;Behaviour Change;9
-;IEEE Transactions on Human-Machine Systems;9
-;Clinical & Experimental Metastasis;9
-;ACM Transactions on Intelligent Systems and Technology;9
-;Insect Biochemistry and Molecular Biology;9
-;Plant Genome;9
-;BMC Plant Biology;9
-;BMC Geriatrics;9
-;Journal of Geophysical Research-Solid Earth;9
-;Applied Mathematics and Mechanics-English Edition;9
-;Journal of Advances in Modeling Earth Systems;9
-;Journal of Civil Structural Health Monitoring;9
-;Cryosphere;9
-;Mineral Processing and Extractive Metallurgy Review;9
-;Chemical Engineering and Processing-Process Intensification;9
-;Applied and Environmental Microbiology;9
-;Science China-Earth Sciences;9
-;Science China-Information Sciences;9
-;Photonic Sensors;9
-;Journal of Financial and Quantitative Analysis;9
-;Prostate Cancer and Prostatic Diseases;9
-;Journal of Fluid Mechanics;9
-;Industry and Innovation;9
-;Frontiers in Neuroscience;9
-;Frontiers in Integrative Neuroscience;9
-;Journal of Genetics;9
-;Biochemical Journal;9
-;Journal of Innate Immunity;9
-;Journal of Psychiatric Research;9
-;Chemical Communications;9
-;Computers & Structures;9
-;Macromolecular Bioscience;9
-;Journal of International Economics;9
-;Journal of School Psychology;9
-;Journal of the Institute of Brewing;9
-;BMC Medical Informatics and Decision Making;9
-;Journal of Lipid Research;9
-;Journal of Solid State Chemistry;9
-;Health and Quality of Life Outcomes;9
-;Journal of Teacher Education;9
-;Journal of Genetics and Genomics;9
-;Particuology;9
-;Pesticide Biochemistry and Physiology;9
-;Enzyme and Microbial Technology;9
-;Tsinghua Science and Technology;9
-;Lancet Haematology;9
-;Business & Society;9
-;Structure;9
-;CIRP Annals-Manufacturing Technology;9
-;Virulence;9
-;Metacognition and Learning;9
-;Journal of Personalized Medicine;9
-;Journal of Photochemistry and Photobiology B-Biology;9
-;Sustainable Chemistry and Pharmacy;9
-;Arthritis Care & Research;9
-;SSM-Population Health;9
-;Current Opinion in Infectious Diseases;9
-;Nanoscale Horizons;9
-;Heliyon;9
-;IEEE Transactions on Circuits and Systems I-Regular Papers;9
-;Theoretical and Applied Genetics;9
-;Biotechnology and Bioengineering;9
-;Translational Stroke Research;9
-;Utilities Policy;9
-;International Journal of Naval Architecture and Ocean Engineering;9
-;Nanomaterials and Nanotechnology;9
-;Mechatronics;9
-;Allergy Asthma & Immunology Research;9
-;Journal of Neurology;9
-;Archives of Toxicology;9
-;Journal of Industrial Information Integration;9
-;Human Genetics;9
-;RSF-The Russell Sage Journal of the Social Sciences;9
-;Frontiers of Mechanical Engineering;9
-;Cannabis and Cannabinoid Research;9
-;Soils and Foundations;9
-;Neurorehabilitation and Neural Repair;9
-;Journal of Integrative Agriculture;9
-;Regional Studies;9
-;Engineering With Computers;9
-;Endocrine Pathology;9
-;Phytopathology;9
-;Cerebral Cortex;9
-;Planta;9
-;Polymer;9
-;Personnel Psychology;9
-;Infectious Diseases and Therapy;9
-;Hernia;9
-;Neural Processing Letters;9
-;Climate Risk Management;9
-;Electrochemistry Communications;9
-;International Journal of Bipolar Disorders;9
-;Tissue Engineering and Regenerative Medicine;9
-;Journal of Psychiatry & Neuroscience;9
-;Complementary Therapies in Clinical Practice;9
-;AAPS Pharmscitech;9
-;Computer Networks;9
-;Current Addiction Reports;9
-;Sustainable Energy Technologies and Assessments;9
-;Journal of Clinical Endocrinology & Metabolism;9
-;Stem Cells;9
-;Empirical Software Engineering;9
-;Journal of Communication;9
-;Mini-Reviews in Medicinal Chemistry;9
-;Food Science and Human Wellness;9
-;Forest Policy and Economics;9
-;Waves in Random and Complex Media;9
-;Forest Ecosystems;9
-;Experimental Gerontology;9
-;AIChE Journal;9
-;Progress in Photovoltaics;9
-;Clinical and Experimental Immunology;9
-;Data Mining and Knowledge Discovery;9
-;Complex & Intelligent Systems;9
-;Autoimmunity;9
-;Stem Cells International;9
-;Chinese Journal of Physics;9
-;Reproductive Health;9
-;Pharmacoeconomics;9
-;Fire Safety Journal;9
-;Journal of Clinical Virology;9
-;Best Practice & Research Clinical Obstetrics & Gynaecology;9
-;Biogeosciences;9
-;Molecular Neurobiology;9
-;Journal of Exercise Science & Fitness;9
-;Journal of Archaeological Research;9
-;Langenbecks Archives of Surgery;9
-;Learning and Individual Differences;9
-;Gastric Cancer;9
-;European Journal of Nutrition;9
-;Journal of Chinese Political Science;9
-;IEEE Transactions on Emerging Topics in Computational Intelligence;9
-;Journal of Computing in Higher Education;9
-;IEEE Transactions on Aerospace and Electronic Systems;9
-;Circulation-Genomic and Precision Medicine;9
-;Life Science Alliance;9
-;APL Bioengineering;9
-;Neurospine;9
-;IEEE Journal of Selected Topics in Applied Earth Observations and Remote Sensing;9
-;Immunology;9
-;Assessing Writing;9
-;Lancet Rheumatology;9
-;Silicon;9
-;Food Chemistry-X;9
-;Drones;9
-;Frontiers in Forests and Global Change;9
-;Ticks and Tick-Borne Diseases;9
-;Neurochemical Research;9
-;Fire Ecology;9
-;Nanoscale Advances;9
-;Australasian Journal of Educational Technology;9
-;Matter and Radiation at Extremes;9
-;Biochimica et Biophysica Acta-Molecular Cell Research;9
-;Organization Studies;9
-;Journal of Prosthodontic Research;9
-;Journal of Cancer Research and Clinical Oncology;9
-;Plant Diversity;9
2222;ACM Sigcomm Computer Communication Review;8
-;Journal of Food Quality;8
-;Economic Change and Restructuring;8
-;Molecular and Cellular Biochemistry;8
-;Molecular Oncology;8
-;Molecular Nutrition & Food Research;8
-;Quaternary Science Reviews;8
-;International Urology and Nephrology;8
-;Phytochemistry Reviews;8
-;Aquacultural Engineering;8
-;Child Abuse & Neglect;8
-;Food and Chemical Toxicology;8
-;Tectonics;8
-;Molecular and Cellular Endocrinology;8
-;Hydrology Research;8
-;Journal of Diabetes Research;8
-;Advances in Therapy;8
-;Preventing Chronic Disease;8
-;Evolutionary Applications;8
-;Journal of Ovarian Research;8
-;Scandinavian Journal of Medicine & Science in Sports;8
-;LGBT Health;8
-;Climate of the Past;8
-;Lupus Science & Medicine;8
-;International Journal of Managing Projects in Business;8
-;User Modeling and User-Adapted Interaction;8
-;Journal of Global Health;8
-;Vibrational Spectroscopy;8
-;Journal of the International AIDS Society;8
-;Langmuir;8
-;European Journal of Remote Sensing;8
-;Carbon Balance and Management;8
-;Gender in Management;8
-;Applied Intelligence;8
-;Diabetology & Metabolic Syndrome;8
-;World Journal of Mens Health;8
-;Annals of Clinical and Translational Neurology;8
-;Atmospheric Pollution Research;8
-;International Journal of Lean Six Sigma;8
-;Biochimica et Biophysica Acta-Molecular Basis of Disease;8
-;Therapeutic Advances in Chronic Disease;8
-;Journal of Responsible Innovation;8
-;Journal of Epidemiology;8
-;Frontiers in Ecology and Evolution;8
-;Clinical & Translational Immunology;8
-;International Breastfeeding Journal;8
-;Polymer Chemistry;8
-;Infrared Physics & Technology;8
-;Nonlinear Analysis-Hybrid Systems;8
-;EvoDevo;8
-;Separations;8
-;Journal of Liposome Research;8
-;Clinical Proteomics;8
-;Methods and Applications in Fluorescence;8
-;Molecular & Cellular Proteomics;8
-;Cellular Signalling;8
-;Molecular Imaging;8
-;Natural Hazards;8
-;China Agricultural Economic Review;8
-;BMJ Quality & Safety;8
-;Climate and Development;8
-;Scientific Reports;8
-;Molecular Brain;8
-;International Reviews of Immunology;8
-;Policy and Internet;8
-;Advances in Atmospheric Sciences;8
-;Mathematical Models & Methods in Applied Sciences;8
-;Materials;8
-;International Dairy Journal;8
-;Applied Geochemistry;8
-;Journal of European Social Policy;8
-;Cell Transplantation;8
-;Review of General Psychology;8
-;Gm Crops & Food-Biotechnology in Agriculture and the Food Chain;8
-;International Journal of Multimedia Information Retrieval;8
-;APL Materials;8
-;World Journal of Stem Cells;8
-;European Journal of Endocrinology;8
-;IEEE Journal on Emerging and Selected Topics in Circuits and Systems;8
-;Cancer Imaging;8
-;Computational Materials Science;8
-;Pacific-Basin Finance Journal;8
-;Cold Spring Harbor Perspectives in Medicine;8
-;JAMA Dermatology;8
-;Drug Metabolism and disPosition;8
-;Public Personnel Management;8
-;International Journal of Press-Politics;8
-;Food and Bioproducts Processing;8
-;Complementary Therapies in Medicine;8
-;Journal of Molecular Graphics & Modelling;8
-;Resource and Energy Economics;8
-;Optical Materials Express;8
-;Economic Systems;8
-;Asia Pacific Journal of Tourism Research;8
-;Demography;8
-;Gut and Liver;8
-;BMC Psychiatry;8
-;Pulmonary Pharmacology & Therapeutics;8
-;International Journal of Electronic Commerce;8
-;Journal of Petroleum Exploration and Production Technology;8
-;Geoscientific Model Development;8
-;Annals of the New York Academy of Sciences;8
-;South African Journal of Botany;8
-;Medical Education Online;8
-;Expert Review of Neurotherapeutics;8
-;Journal of the Science of Food and Agriculture;8
-;Journal of Earth Science;8
-;Cell Stress & Chaperones;8
-;Lancet Neurology;8
-;Protein & Cell;8
-;Physics and Chemistry of the Earth;8
-;Seminars in Arthritis and Rheumatism;8
-;Diabetes & Vascular Disease Research;8
-;Journal of Endocrinology;8
-;Journal of Organic Chemistry;8
-;Information Technology for Development;8
-;Journal of Periodontology;8
-;Journal of Pharmaceutical Sciences;8
-;Journal of Microbiology Immunology and Infection;8
-;Journal of Pharmacy and Pharmacology;8
-;International Journal for Equity in Health;8
-;Frontiers in Neurorobotics;8
-;Carcinogenesis;8
-;Trends in Parasitology;8
-;Strategic Organization;8
-;Frontiers in Psychology;8
-;Journal of Microencapsulation;8
-;Journal of Inflammation-London;8
-;Information Systems and E-Business Management;8
-;Applied Psychology-An International Review-Psychologie Appliquee-Revue Internationale;8
-;Harm Reduction Journal;8
-;Scientometrics;8
-;Career Development International;8
-;Dalton Transactions;8
-;Journal of Youth and Adolescence;8
-;Neuroscience Bulletin;8
-;Journal of Medical Genetics;8
-;Expert Review of Molecular Diagnostics;8
-;Journal of Clinical Immunology;8
-;Organic Electronics;8
-;International Journal of Fruit Science;8
-;Micromachines;8
-;Chemical Research in Chinese Universities;8
-;Journal of Cell Communication and Signaling;8
-;Acta Metallurgica Sinica-English Letters;8
-;Lancet HIV;8
-;Journal of Economic Surveys;8
-;Advances in Water Resources;8
-;Communications in Nonlinear Science and Numerical Simulation;8
-;Genes & Diseases;8
-;Agronomy-Basel;8
-;Journal of Proteomics;8
-;Genes;8
-;Journal of Evolutionary Biology;8
-;Gene Therapy;8
-;International Journal of Food Science and Technology;8
-;Diagnostics;8
-;Biochimica et Biophysica Acta-Gene Regulatory Mechanisms;8
-;Clinical Pharmacokinetics;8
-;Pathogens;8
-;Sustainable Energy & Fuels;8
-;Transboundary and Emerging Diseases;8
-;Engineering Construction and Architectural Management;8
-;International Journal of Computer Integrated Manufacturing;8
-;Biochimica et Biophysica Acta-Biomembranes;8
-;Accounting Auditing & Accountability Journal;8
-;Brain Sciences;8
-;Nano Futures;8
-;Journal of Antimicrobial Chemotherapy;8
-;npj Primary Care Respiratory Medicine;8
-;Education and Training;8
-;JMIR Public Health and Surveillance;8
-;ACM Transactions on Sensor Networks;8
-;Exposure and Health;8
-;International Journal of Obesity;8
-;Korean Journal of Pain;8
-;Systematic Entomology;8
-;Sociologia Ruralis;8
-;Flexible and Printed Electronics;8
-;Frontiers of Chemical Science and Engineering;8
-;mSphere;8
-;Stroke and Vascular Neurology;8
-;Advances in Manufacturing;8
-;Journal of Energy Resources Technology-Transactions of the Asme;8
-;Molecular and Cellular Neuroscience;8
-;Seminars in Radiation Oncology;8
-;Phytochemistry;8
-;Computational Mechanics;8
-;ICES Journal of Marine Science;8
-;Plant and Soil;8
-;Interactive Learning Environments;8
-;Poultry Science;8
-;Journal of the Learning Sciences;8
-;Pediatrics;8
-;Management Accounting Research;8
-;Molecular Plant-Microbe Interactions;8
-;Dermatology and Therapy;8
-;Molecular Biology of the Cell;8
-;Diabetes & Metabolism;8
-;Pain and Therapy;8
-;Neurology and Therapy;8
-;Clinical Epidemiology;8
-;Current Cardiology Reports;8
-;Journal of Cellular Physiology;8
-;Astrobiology;8
-;Journal of the American Ceramic Society;8
-;Journal of Plant Growth Regulation;8
-;Expert Review of Clinical Immunology;8
-;Current Epidemiology Reports;8
-;Journal of Allergy and Clinical Immunology-In Practice;8
-;Comparative Biochemistry and Physiology C-Toxicology & Pharmacology;8
-;Applied Physics Letters;8
-;Systematic and Applied Microbiology;8
-;Journal of Happiness Studies;8
-;Journal of Clinical Epidemiology;8
-;International Journal of Geomechanics;8
-;Journal of Computational Physics;8
-;Mutation Research-Reviews in Mutation Research;8
-;EJNMMI Physics;8
-;Journal of Global Information Management;8
-;Fashion and Textiles;8
-;American Journal of Ophthalmology;8
-;Vehicular Communications;8
-;International Journal of Implant Dentistry;8
-;Bosnian Journal of Basic Medical Sciences;8
-;Ecology;8
-;Quarterly Review of Economics and Finance;8
-;Journal of Urban Technology;8
-;Cognition;8
-;Physica A-Statistical Mechanics and Its Applications;8
-;Economic Journal;8
-;Journal of Educational Psychology;8
-;World Wide Web-Internet and Web Information Systems;8
-;European Journal of Soil Biology;8
-;Journal of Agricultural Economics;8
-;Educational Research;8
-;American Naturalist;8
-;International Journal of Clinical and Health Psychology;8
-;Drugs & Aging;8
-;Journal of the Electrochemical Society;8
-;Social Networks;8
-;Current Opinion in Pulmonary Medicine;8
-;World Journal of Pediatrics;8
-;Computer-Aided Design;8
-;Computer Physics Communications;8
-;Journal of Ethnic and Migration Studies;8
-;Acta Psychiatrica Scandinavica;8
-;Analyst;8
-;Aging Clinical and Experimental Research;8
-;Analytical Biochemistry;8
-;Clinical Interventions in Aging;8
-;Environment and Behavior;8
-;Journal of Science Education and Technology;8
-;American Journal of Physiology-Renal Physiology;8
-;Plant Growth Regulation;8
-;Journal of Geochemical Exploration;8
-;Pediatric Diabetes;8
-;Tribology Letters;8
-;Human Factors;8
-;Stochastic Environmental Research and Risk Assessment;8
-;IEEE Transactions on Computational Imaging;8
-;Journal of the Franklin Institute-Engineering and Applied Mathematics;8
-;Brain Research Bulletin;8
-;IEEE Transactions on Biomedical Engineering;8
-;IEEE Geoscience and Remote Sensing Magazine;8
-;Microelectronic Engineering;8
-;Materials Today Sustainability;8
-;BMC Chemistry;8
-;Lung;8
-;Geoforum;8
-;Journal of Biotechnology;8
-;Journal of Mammary Gland Biology and Neoplasia;8
-;Cytokine;8
-;Sport Management Review;8
-;Virus Research;8
-;BMC Complementary Medicine and Therapies;8
-;JACC: Cardiooncology;8
-;Fractal and Fractional;8
-;IEEE Journal of Oceanic Engineering;8
-;Nano Communication Networks;8
-;Land Degradation & Development;8
-;Environmental Pollutants and Bioavailability;8
-;Journal of Physics-Energy;8
-;Geomorphology;8
-;Experimental Cell Research;8
-;Plant Molecular Biology;8
-;Chemometrics and Intelligent Laboratory Systems;8
-;Drug Metabolism Reviews;8
-;Bioscience Trends;8
-;Numerical Heat Transfer Part A-Applications;8
-;Revista de Psiquiatria y Salud Mental;8
-;Journal of Inorganic Biochemistry;8
-;Pain;8
-;International Security;8
-;Nuclear Fusion;8
-;Regulatory Toxicology and Pharmacology;8
-;Microchemical Journal;8
-;International Journal of Eating Disorders;8
-;Pediatric Radiology;8
-;International Journal of Information Security;8
-;Journal of Cellular and Molecular Medicine;8
-;JNCI-Journal of the National Cancer Institute;8
-;Bioscience Reports;8
-;International Journal of Applied Earth Observation and Geoinformation;8
-;Precambrian Research;8
-;Cell and Tissue Research;8
-;Metals and Materials International;8
-;Glycoconjugate Journal;8
-;Journal of Food Processing and Preservation;8
-;Nutrition;8
-;IEEE Electron Device Letters;8
-;Global Change Biology Bioenergy;8
-;Radiation Oncology;8
-;Research in Microbiology;8
-;Systematic Reviews;8
-;Journal of Engineering and Technology Management;8
-;Frontiers in Oncology;8
-;Criminology & Public Policy;8
-;Education for Chemical Engineers;8
-;Journal of Parallel and Distributed Computing;8
-;Journal of Water and Climate Change;8
-;Food and Energy Security;8
-;Frontiers in Public Health;8
-;Genome Biology and Evolution;8
-;Microbiology-SGM;8
-;Disease Models & Mechanisms;8
-;Journal of Informetrics;8
-;Frontiers in Marine Science;8
-;Frontiers in Cardiovascular Medicine;8
-;Wiley Interdisciplinary Reviews-Energy and Environment;8
-;Journal of Eating Disorders;8
-;Journal of Pharmaceutical and Biomedical Analysis;8
-;IEEE Transactions on Cognitive Communications and Networking;8
-;Animal;8
-;Enterprise Information Systems;8
-;Targeted Oncology;8
-;Space Weather-The International Journal of Research and Applications;8
-;Annals of Translational Medicine;8
-;Journal of Supercomputing;8
-;Bioengineering-Basel;8
-;Endocrine-Related Cancer;8
-;Journal of Cereal Science;8
-;IEEE Transactions on Nanobioscience;8
-;European Journal of Neurology;8
-;Movement Ecology;8
-;Tourism Geographies;8
-;Plasma Sources Science & Technology;8
-;Creativity and Innovation Management;8
-;Public Understanding of Science;8
-;Human Vaccines & Immunotherapeutics;8
-;Nitric Oxide-Biology and Chemistry;8
-;Cyberpsychology Behavior and Social Networking;8
-;Journal of Marketing for Higher Education;8
-;Journal of Clinical Microbiology;8
-;Journal of Environmental Planning and Management;8
-;Technological and Economic Development of Economy;8
-;Marketing Theory;8
-;ACS Chemical Neuroscience;8
-;Annals of Statistics;8
-;Chemistry Education Research and Practice;8
-;Journal of International Money and Finance;8
-;Osteoporosis International;8
-;Egyptian Journal of Remote Sensing and Space Sciences;8
-;IRBM;8
-;Reviews in Fish Biology and Fisheries;8
-;BMC Genomics;8
-;JAMA Surgery;8
-;Bulletin of Materials Science;8
-;Human & Experimental Toxicology;8
-;BMC Microbiology;8
-;Artificial Cells Nanomedicine and Biotechnology;8
-;Nutrition Metabolism and Cardiovascular Diseases;8
-;BMC Cancer;8
-;Optics Express;8
-;BMC Public Health;8
-;Building Research and Information;8
-;Games for Health Journal;8
-;Annals of Operations Research;8
-;Oceanologia;8
-;Political Geography;8
-;AIDS Patient Care and Stds;8
-;Developmental Science;8
-;Nature Reviews Drug Discovery;8
-;Expert Review of Anti-Infective Therapy;8
-;European Physical Education Review;8
-;Journal of Nuclear Materials;8
-;Sociological Methods & Research;8
-;Displays;8
-;Seminars in Liver Disease;8
-;Journal of Periodontal Research;8
-;Biological Procedures Online;8
-;International Journal of Advanced Manufacturing Technology;8
-;Journal of Petrology;8
-;Quality Technology and Quantitative Management;8
-;Journal of General Physiology;8
-;Frontiers in Neuroanatomy;8
-;PPAR Research;8
-;Vaccine;8
-;Frontiers in Human Neuroscience;8
-;Biomedical Engineering Online;8
-;Frontiers in Neuroinformatics;8
-;Journal of Health and Social Behavior;8
-;Expert Opinion on Biological Therapy;8
-;Nurse Education in Practice;8
-;Frontiers in Psychiatry;8
-;Bioprocess and Biosystems Engineering;8
-;Cell Calcium;8
-;Frontiers in Genetics;8
-;Toxicology and Applied Pharmacology;8
-;International Journal of Manpower;8
-;BMC Endocrine Disorders;8
-;Rice Science;8
-;Clean Technologies and Environmental Policy;8
-;Rapid Prototyping Journal;8
-;Vehicle System Dynamics;8
-;Radiographics;8
-;Asia Pacific Journal of Marketing and Logistics;8
-;Liver International;8
-;Zoological Research;8
-;Comparative Education;8
-;Regenerative Therapy;8
-;European Stroke Journal;8
-;Geo-Spatial Information Science;8
-;Geomechanics for Energy and the Environment;8
-;Current Drug Delivery;8
-;Land;8
-;Human Resource Management Journal;8
-;Sustainable Energy Grids & Networks;8
-;Journal of Building Engineering;8
-;ACM Transactions on Knowledge Discovery From Data;8
-;Food Quality and Safety;8
-;Journal of Infection and Public Health;8
-;Behaviour Research and Therapy;8
-;Agriculture-Basel;8
-;TESOL Quarterly;8
-;Physiology and Molecular Biology of Plants;8
-;ESC Heart Failure;8
-;Biology-Basel;8
-;Climate Services;8
-;Atmospheric Measurement Techniques;8
-;International Journal of Distributed Sensor Networks;8
-;Journal of Molecular Endocrinology;8
-;ACS Infectious Diseases;8
-;ACM Journal on Emerging Technologies in Computing Systems;8
-;Mindfulness;8
-;Thermochimica Acta;8
-;Current Hematologic Malignancy Reports;8
-;Thorax;8
-;Journal of Neurogastroenterology and Motility;8
-;Bulletin of the Chemical Society of Japan;8
-;Behavioural Neurology;8
-;ACM Transactions on Multimedia Computing Communications and Applications;8
-;Quantum Science and Technology;8
-;International Journal of Pressure Vessels and Piping;8
-;Platelets;8
-;Nuclear Science and Techniques;8
-;Acta Crystallographica Section D-Structural Biology;8
-;Chinese Geographical Science;8
-;Journal of Econometrics;8
-;Journal of Zhejiang University-Science A;8
-;Pedosphere;8
-;Food and Agricultural Immunology;8
-;Forensic Science International-Genetics;8
-;Journal of Geodesy;8
-;Maritime Policy & Management;8
-;International Journal of Human-Computer Interaction;8
-;Appetite;8
-;Peptides;8
-;Policy Sciences;8
-;Studies in Educational Evaluation;8
-;Personality and Individual Differences;8
-;Public Administration Review;8
-;Journal of Bacteriology;8
-;Agricultural and Food Economics;8
-;Journal of Business and Psychology;8
-;Journal of Theoretical and Applied Electronic Commerce Research;8
-;Clinical Implant Dentistry and Related Research;8
-;English for Specific Purposes;8
-;International Journal of Non-Linear Mechanics;8
-;Public Performance & Management Review;8
-;International Journal of Solids and Structures;8
-;Geothermal Energy;8
-;Plant Cell Reports;8
-;Annals of General Psychiatry;8
-;Child Development;8
-;American Journal of Agricultural Economics;8
-;Electronic Commerce Research;8
-;Chromosoma;8
-;British Accounting Review;8
-;Biology Direct;8
-;Pest Management Science;8
-;North American Journal of Economics and Finance;8
-;Journal of Physiology and Biochemistry;8
-;Journal of Behavioral and Experimental Finance;8
-;Milbank Quarterly;8
-;Research in Transportation Business and Management;8
-;Educational Researcher;8
-;Spectrochimica Acta Part B-Atomic Spectroscopy;8
-;Comparative Political Studies;8
-;Annals of Global Health;8
-;Pediatric Drugs;8
-;Journal of Clinical Laboratory Analysis;8
-;Journal of Animal Ecology;8
-;Journal of Great Lakes Research;8
-;ISPRS International Journal of Geo-Information;8
-;Qualitative Research in Accounting and Management;8
-;Chemical Research in Toxicology;8
-;Physica E-Low-Dimensional Systems & Nanostructures;8
-;Drug Design Development and Therapy;8
-;Nanotoxicology;8
-;Industrial & Engineering Chemistry Research;8
-;Genomics;8
-;Cortex;8
-;International Journal of Cancer;8
-;Current Opinion in Rheumatology;8
-;Animal Cognition;8
-;Obesity;8
-;Fortschritte der Physik-Progress of Physics;8
-;Communication Methods and Measures;8
-;American Journal of Hematology;8
-;European Food Research and Technology;8
-;IEEE Transactions on Electron Devices;8
-;Pattern Recognition Letters;8
-;Journal of Soils and Sediments;8
-;Bioconjugate Chemistry;8
-;American Journal of Physiology-Heart and Circulatory Physiology;8
-;Journal of Physical Chemistry C;8
-;Health Policy;8
-;Journal of Computational Science;8
-;Journal of Bridge Engineering;8
-;Regional Science and Urban Economics;8
-;International Journal of Gastronomy and Food Science;8
-;BMJ Evidence-Based Medicine;8
-;Heredity;8
-;Journal of Cluster Science;8
-;Higher Education;8
-;Current Opinion in Biomedical Engineering;8
2759;Current Problems in Cardiology;7
-;International Journal of Science and Mathematics Education;7
-;Gerontology;7
-;Optical Switching and Networking;7
-;AAPG Bulletin;7
-;Learning and Motivation;7
-;Assembly Automation;7
-;Journal of Information disPlay;7
-;Semantic Web;7
-;Archives of Microbiology;7
-;IET Renewable Power Generation;7
-;Multiple Sclerosis Journal;7
-;Current Opinion in Endocrinology Diabetes and Obesity;7
-;Journal of Applied Phycology;7
-;Cancer Medicine;7
-;Plant Foods for Human Nutrition;7
-;International Journal of Rail Transportation;7
-;Journal of Intelligent Transportation Systems;7
-;Innate Immunity;7
-;Biodegradation;7
-;Journal of Research on Technology in Education;7
-;Journal of Orthopaedic Surgery and Research;7
-;Journal of Adolescent Research;7
-;Environmental & Resource Economics;7
-;Pathogens and Global Health;7
-;Journal of Marine Systems;7
-;Prostate International;7
-;Research Synthesis Methods;7
-;Clinical Kidney Journal;7
-;American Journal of Alzheimers Disease and Other Dementias;7
-;Higher Education Research & Development;7
-;Migration Studies;7
-;Frontiers in Materials;7
-;Mobile DNA;7
-;Energy Science & Engineering;7
-;Baltic Journal of Management;7
-;Frontiers in Astronomy and Space Sciences;7
-;Journal of Proteome Research;7
-;Amyloid-Journal of Protein Folding Disorders;7
-;IET Electrical Systems in Transportation;7
-;European Political Science Review;7
-;Schizophrenia Research;7
-;Journal of Cognitive Neuroscience;7
-;Molecular Medicine Reports;7
-;Occupational and Environmental Medicine;7
-;Journal of Materials in Civil Engineering;7
-;Therapeutic Advances in Urology;7
-;IEEE Transactions on Nanotechnology;7
-;Horticulturae;7
-;Theriogenology;7
-;Journal of Occupational and Organizational Psychology;7
-;Journal of Arthroplasty;7
-;Scientific Studies of Reading;7
-;Aging-US;7
-;Annals of Behavioral Medicine;7
-;Medical Physics;7
-;Tourist Studies;7
-;American Economic Journal-Macroeconomics;7
-;International Journal of Food Sciences and Nutrition;7
-;Seminars in Thrombosis and Hemostasis;7
-;ACM Transactions on Computing Education;7
-;Presse Medicale;7
-;Annual Review of Anthropology;7
-;Computer Supported Cooperative Work-The Journal of Collaborative Computing and Work Practices;7
-;Cartilage;7
-;Social Psychiatry and Psychiatric Epidemiology;7
-;Annals of Medicine;7
-;International Journal of Tourism Research;7
-;Smart Materials and Structures;7
-;Big Data;7
-;Clinical and Translational Gastroenterology;7
-;Tobacco Control;7
-;Crop Protection;7
-;World Allergy Organization Journal;7
-;Journal of Personality Disorders;7
-;Language Teaching;7
-;Annals of Biomedical Engineering;7
-;Egyptian Informatics Journal;7
-;JAMA Otolaryngology-Head & Neck Surgery;7
-;BMC Neuroscience;7
-;European Journal of Physical and Rehabilitation Medicine;7
-;Journal of Geophysical Research-Biogeosciences;7
-;Journal of Geophysical Research-Earth Surface;7
-;G3-Genes Genomes Genetics;7
-;BMC Pregnancy and Childbirth;7
-;Journal of Geophysical Research-Oceans;7
-;Nanotechnology;7
-;Clinical and Experimental Otorhinolaryngology;7
-;European Archives of Psychiatry and Clinical Neuroscience;7
-;Mycorrhiza;7
-;Journal of Democracy;7
-;SPE Reservoir Evaluation & Engineering;7
-;American Journal of Political Science;7
-;Journal of Clinical Nursing;7
-;Microbial Pathogenesis;7
-;Journal of Manufacturing Science and Engineering-Transactions of the Asme;7
-;Climate Dynamics;7
-;Engineering Applications of Computational Fluid Mechanics;7
-;Health Research Policy and Systems;7
-;Studies in Second Language Acquisition;7
-;Journal of Endodontics;7
-;Teaching in Higher Education;7
-;Journal of Neurochemistry;7
-;New Political Economy;7
-;Philosophical Transactions of the Royal Society A-Mathematical Physical and Engineering Sciences;7
-;Journal of Nutrition;7
-;Applied Organometallic Chemistry;7
-;Water Science and Technology;7
-;Journal of Personality and Social Psychology;7
-;Applied Biochemistry and Biotechnology;7
-;Frontiers in Computational Neuroscience;7
-;Materials and Structures;7
-;New Journal of Physics;7
-;Journal of Prosthetic Dentistry;7
-;Clinical Rehabilitation;7
-;Faraday Discussions;7
-;Frontiers in Neurology;7
-;Journal of Separation Science;7
-;Computers & Fluids;7
-;Journal of Research in Crime and Delinquency;7
-;Journal of Infectious Diseases;7
-;Asian Business & Management;7
-;International Journal of Hyperthermia;7
-;Mycological Progress;7
-;Biomechanics and Modeling in Mechanobiology;7
-;BMC Biotechnology;7
-;Journal of Sex Research;7
-;BMC Womens Health;7
-;Journal of Learning Disabilities;7
-;BMC Medical Ethics;7
-;Journal of Human Evolution;7
-;Knowledge Management Research & Practice;7
-;Medical & Biological Engineering & Computing;7
-;Urban Studies;7
-;Current Opinion in Clinical Nutrition and Metabolic Care;7
-;Autonomic Neuroscience-Basic & Clinical;7
-;Journal of Magnetism and Magnetic Materials;7
-;Gender Work and Organization;7
-;Progress in Physical Geography-Earth and Environment;7
-;Journal of Biogeography;7
-;Computational Visual Media;7
-;Rheologica Acta;7
-;Review of International Political Economy;7
-;Current Applied Physics;7
-;Water;7
-;Neuropathology and Applied Neurobiology;7
-;Neuroethics;7
-;Development and Psychopathology;7
-;ZDM-Mathematics Education;7
-;Machines;7
-;Nursing Ethics;7
-;Journal of Dermatological Treatment;7
-;Lubricants;7
-;World Mycotoxin Journal;7
-;International Environmental Agreements-Politics Law and Economics;7
-;Metals;7
-;Policy and Politics;7
-;Radiation Physics and Chemistry;7
-;Current Topics in Medicinal Chemistry;7
-;Annals of Botany;7
-;Journal of Field Robotics;7
-;Aeolian Research;7
-;Royal Society Open Science;7
-;Journal of Clinical Medicine;7
-;Environmental Earth Sciences;7
-;Journal of Marine Science and Engineering;7
-;Flow Measurement and Instrumentation;7
-;Journal of Intelligence;7
-;Biologia;7
-;Advanced Sustainable Systems;7
-;Probiotics and Antimicrobial Proteins;7
-;Public Policy and Administration;7
-;Journal of Commodity Markets;7
-;European Psychologist;7
-;Geoheritage;7
-;Sedimentary Geology;7
-;ChemCatChem;7
-;Journal of Cancer;7
-;Electrocatalysis;7
-;Seminars in Hematology;7
-;eNeuro;7
-;IEEE Transactions on Signal and Information Processing Over Networks;7
-;Journal of Non-Equilibrium Thermodynamics;7
-;npj Science of Learning;7
-;Microbial Genomics;7
-;Diabetes Therapy;7
-;British Journal of Anaesthesia;7
-;Journal of Organizational Change Management;7
-;Deep-Sea Research Part II-Topical Studies in Oceanography;7
-;Biotechnology Journal;7
-;Molecular Systems Design & Engineering;7
-;Chinese Journal of Cancer Research;7
-;Sociology of Education;7
-;Cognitive Neurodynamics;7
-;CNS & Neurological Disorders-Drug Targets;7
-;Frontiers of Structural and Civil Engineering;7
-;Frontiers of Architectural Research;7
-;Histopathology;7
-;Pramana-Journal of Physics;7
-;Cybernetics and Systems;7
-;Oxidation of Metals;7
-;International Journal of Methods in Psychiatric Research;7
-;Communication Theory;7
-;Journal of Structural Geology;7
-;Psychopharmacology;7
-;Digital Signal Processing;7
-;American Journal of Physiology-Gastrointestinal and Liver Physiology;7
-;Journal of Asthma and Allergy;7
-;Pharmacological Reports;7
-;Criminology;7
-;Diabetes Metabolic Syndrome and Obesity-Targets and Therapy;7
-;Journal of Inflammation Research;7
-;International Journal of Environmental Science and Technology;7
-;Journal of Bone Oncology;7
-;Journal of Nutrition Health & Aging;7
-;Energy Technology;7
-;Journal of Thermal Spray Technology;7
-;Molecular Breeding;7
-;Nature and Science of Sleep;7
-;Plant Reproduction;7
-;European Journal of Clinical Investigation;7
-;Journal of Computing and Information Science in Engineering;7
-;Mitigation and Adaptation Strategies for Global Change;7
-;Journal of Chemical Thermodynamics;7
-;ChemElectroChem;7
-;Journal of Climate;7
-;International Nursing Review;7
-;Journal of Bioscience and Bioengineering;7
-;Journal of Drug Targeting;7
-;Molecular Pain;7
-;Advances in Health Sciences Education;7
-;Biogerontology;7
-;Journal of Consumer Affairs;7
-;Molecular and Cellular Probes;7
-;Journal of Chemical Neuroanatomy;7
-;Scandinavian Journal of Hospitality and Tourism;7
-;AIAA Journal;7
-;Global Environmental Politics;7
-;Fluid Phase Equilibria;7
-;American Journal of Pathology;7
-;Research in Developmental Disabilities;7
-;Clinical Pharmacology & Therapeutics;7
-;Infectious Disease Clinics of North America;7
-;Journal of Oncology;7
-;Acta Mechanica Sinica;7
-;Experimental Heat Transfer;7
-;Hearing Research;7
-;Current Urology Reports;7
-;Group Processes & Intergroup Relations;7
-;Schizophrenia Bulletin;7
-;Journal of Nursing Scholarship;7
-;Journal of Physical Chemistry B;7
-;Ecology and Society;7
-;Information Retrieval Journal;7
-;Venture Capital;7
-;Transactions of the Institute of British Geographers;7
-;Physics of Fluids;7
-;Journal of Applied Electrochemistry;7
-;Crystal Growth & Design;7
-;Virology Journal;7
-;Cancer Journal;7
-;Contributions to Mineralogy and Petrology;7
-;Nanomedicine;7
-;Biomedical Microdevices;7
-;Clinical and Experimental Hypertension;7
-;Journal of Civil Engineering and Management;7
-;Current Opinion in Pediatrics;7
-;Topics in Catalysis;7
-;Speech Communication;7
-;Menopause-The Journal of the North American Menopause Society;7
-;Dermatologic Therapy;7
-;Journal of Polymer Research;7
-;Physical Review Physics Education Research;7
-;Breast Cancer Research and Treatment;7
-;Plants People Planet;7
-;Food Analytical Methods;7
-;ACM Transactions on Privacy and Security;7
-;Journal of Food Protection;7
-;Journal of Diversity in Higher Education;7
-;Polymers for Advanced Technologies;7
-;Functional & Integrative Genomics;7
-;Animal Feed Science and Technology;7
-;Biomicrofluidics;7
-;Sexual and Reproductive Health Matters;7
-;Journal of Financial Intermediation;7
-;IEEE Intelligent Transportation Systems Magazine;7
-;Nutritional Neuroscience;7
-;Psychological Methods;7
-;International Journal of Pavement Engineering;7
-;Irrigation Science;7
-;Anaerobe;7
-;European Journal of Population-Revue Europeenne de Demographie;7
-;Oncologist;7
-;Reproductive Medicine and Biology;7
-;Journal of Applied Physiology;7
-;Infection and Immunity;7
-;Behavioural Brain Research;7
-;Ecosystems;7
-;Boletin de la Sociedad Espanola de Ceramica y Vidrio;7
-;Computer Vision and Image Understanding;7
-;Creativity Research Journal;7
-;Transport in Porous Media;7
-;Photosynthesis Research;7
-;Evolution;7
-;Exceptional Children;7
-;Solid State Ionics;7
-;Journal of Economic Psychology;7
-;Kybernetes;7
-;IEEE Signal Processing Letters;7
-;Oncology Reports;7
-;Polymer Bulletin;7
-;Phytopathology Research;7
-;Materials Letters;7
-;Entomologia Generalis;7
-;AEU-International Journal of Electronics and Communications;7
-;Ecological Modelling;7
-;Optics Letters;7
-;Ultramicroscopy;7
-;Journal of Business Economics and Management;7
-;Media Culture & Society;7
-;Infection;7
-;Medical Microbiology and Immunology;7
-;Microvascular Research;7
-;Biochimie;7
-;Journal of Neural Transmission;7
-;Ecohealth;7
-;International Journal for Vitamin and Nutrition Research;7
-;Journal of Work and Organizational Psychology-Revista de Psicologia del Trabajo y de las Organizaciones;7
-;Progress in Nuclear Energy;7
-;Modern Language Journal;7
-;Limnology and Oceanography;7
-;DNA Repair;7
-;IEEE Transactions on Computer-Aided Design of Integrated Circuits and Systems;7
-;International Journal of Mechanics and Materials in Design;7
-;Disease Markers;7
-;Journal of Cardiovascular Pharmacology;7
-;Intelligence;7
-;British Journal of Social Psychology;7
-;Behaviour & Information Technology;7
-;Macromolecular Research;7
-;Journal of Bioenergetics and Biomembranes;7
-;Marine Geology;7
-;International Journal of Control Automation and Systems;7
-;Energy Efficiency;7
-;Journal of Food Process Engineering;7
-;Molecular Immunology;7
-;Ophthalmology;7
-;Reviews on Advanced Materials Science;7
-;Contemporary Security Policy;7
-;International Journal of Climatology;7
-;Biomed Research International;7
-;Journal of Traditional and Complementary Medicine;7
-;IUCrJ;7
-;Biomedical Materials;7
-;Research on Chemical Intermediates;7
-;BMJ Open Respiratory Research;7
-;Journal of Occupational Health;7
-;Anthropocene Review;7
-;Clinical Oral Implants Research;7
-;Journal of Organizational and End User Computing;7
-;Journal of Cultural Heritage;7
-;Andrology;7
-;Forensic Science Medicine and Pathology;7
-;JPAD-Journal of Prevention of Alzheimers Disease;7
-;Orphanet Journal of Rare Diseases;7
-;Health Systems & Reform;7
-;Fungal Ecology;7
-;Influenza and Other Respiratory Viruses;7
-;Journal of Cardiology;7
-;Neurophotonics;7
-;Food Science & Nutrition;7
-;Journal of Pharmacological Sciences;7
-;Proceedings of the Combustion Institute;7
-;Therapeutic Advances in Hematology;7
-;Research in Autism Spectrum Disorders;7
-;Expert Review of Clinical Pharmacology;7
-;Briefings in Functional Genomics;7
-;Journal of Neurointerventional Surgery;7
-;Work and Occupations;7
-;Environmental Education Research;7
-;Aslib Journal of Information Management;7
-;Journal of Biomaterials Science-Polymer Edition;7
-;Cardiovascular Therapeutics;7
-;New Ideas in Psychology;7
-;European Journal of Soil Science;7
-;DNA Research;7
-;Journal of Atherosclerosis and Thrombosis;7
-;Library & Information Science Research;7
-;International Journal of Mining Reclamation and Environment;7
-;Korean Journal of Chemical Engineering;7
-;Journalism Studies;7
-;Progress in Surface Science;7
-;Forests;7
-;Translational Vision Science & Technology;7
-;American Economic Journal-Economic Policy;7
-;American Journal of Rhinology & Allergy;7
-;Diabetes Obesity & Metabolism;7
-;Journal of Mental Health;7
-;Journal of Materials Research;7
-;Reproduction;7
-;Journal of Urban Health-Bulletin of the New York Academy of Medicine;7
-;Physical Chemistry Chemical Physics;7
-;Research in Engineering Design;7
-;Intensive and Critical Care Nursing;7
-;Social Psychological and Personality Science;7
-;IEEE Journal of Photovoltaics;7
-;Wiley Interdisciplinary Reviews-Cognitive Science;7
-;Hydrological Processes;7
-;Labour Economics;7
-;Journal of Empirical Finance;7
-;Metaphor and Symbol;7
-;JAMA Internal Medicine;7
-;Addiction;7
-;Biodiversity and Conservation;7
-;Image and Vision Computing;7
-;BMC Medical Research Methodology;7
-;Qualitative Research in Sport Exercise and Health;7
-;Health & Social Care in the Community;7
-;Review of Economic Dynamics;7
-;Journal of Geophysical Research-Atmospheres;7
-;Journal of Geophysical Research-Planets;7
-;Animal Cells and Systems;7
-;Biomolecules & Therapeutics;7
-;Toxicology in Vitro;7
-;International Journal of Sustainability in Higher Education;7
-;Journal of Research in Personality;7
-;Transportation Letters-The International Journal of Transportation Research;7
-;Current Medicinal Chemistry;7
-;Asia-Pacific Journal of Ophthalmology;7
-;Journal of Sleep Research;7
-;Applied Nanoscience;7
-;Journal of Biological Rhythms;7
-;Communication Research;7
-;Journal of Hospitality Leisure Sport & Tourism Education;7
-;Current Opinion in Gastroenterology;7
-;Psychophysiology;7
-;Journal of Arid Land;7
-;Computer Systems Science and Engineering;7
-;European Journal of Orthodontics;7
-;Plasma Chemistry and Plasma Processing;7
-;Journal of Analytical Atomic Spectrometry;7
-;Journal of Taibah University for Science;7
-;Wood Science and Technology;7
-;Clinics in Chest Medicine;7
-;Journal of Inherited Metabolic Disease;7
-;International Brazilian Journal of Urology;7
-;International Journal of Biochemistry & Cell Biology;7
-;Journal of Experimental Social Psychology;7
-;Aerosol and Air Quality Research;7
-;Nutrition Journal;7
-;Employee Relations;7
-;Obesity Facts;7
-;Aggression and Violent Behavior;7
-;Managerial Auditing Journal;7
-;International Journal of Heat and Fluid Flow;7
-;International Journal of Health Geographics;7
-;Environmental Geochemistry and Health;7
-;BMC Palliative Care;7
-;Journal of Fashion Marketing and Management;7
-;BMC Health Services Research;7
-;Tourism Economics;7
-;Expert Opinion on Emerging Drugs;7
-;Journal of Marriage and Family;7
-;IEEE Transactions on Consumer Electronics;7
-;Travel Medicine and Infectious Disease;7
-;Comptes Rendus Geoscience;7
-;Lancet;7
-;European Sociological Review;7
-;Probabilistic Engineering Mechanics;7
-;European Journal of Clinical Nutrition;7
-;Journal of Iron and Steel Research International;7
-;Infection Genetics and Evolution;7
-;Atmosphere;7
-;Mammal Review;7
-;Molecular Microbiology;7
-;Life-Basel;7
-;Ecosphere;7
-;Insects;7
-;Buildings;7
-;Earth Science Informatics;7
-;Sleep Health;7
-;Animals;7
-;SIAM Journal on Numerical Analysis;7
-;Transplantation Reviews;7
-;Advances in Chronic Kidney Disease;7
-;Brain Pathology;7
-;Social Studies of Science;7
-;Coatings;7
-;Journal of Biomedical Materials Research Part A;7
-;Cancer;7
-;Biology of Reproduction;7
-;Biometrika;7
-;Journal of Thermal Biology;7
-;Bulletin of the Seismological Society of America;7
-;Journal of Peasant Studies;7
-;Biometals;7
-;Applied Linguistics Review;7
-;European Security;7
-;International Archives of Occupational and Environmental Health;7
-;npj Systems Biology and Applications;7
-;Aquaculture Environment Interactions;7
-;Studies in Higher Education;7
-;Journal of Clinical Sleep Medicine;7
-;Superconductor Science & Technology;7
-;Chemistry-A European Journal;7
-;Journal of Neuroendocrinology;7
-;Applied Physics A-Materials Science & Processing;7
-;British Journal of Ophthalmology;7
-;Journal of Hydrodynamics;7
-;Review of International Organizations;7
-;Journal of Biomedical Materials Research Part B-Applied Biomaterials;7
-;Frontiers of Computer Science;7
-;Journal of Real-Time Image Processing;7
-;Transgender Health;7
-;Journal of Thermal Science;7
-;Artificial Intelligence;7
-;Cancer Biology & Medicine;7
-;R & D Management;7
-;Permafrost and Periglacial Processes;7
-;Mycotoxin Research;7
-;Pediatric Surgery International;7
-;Journal of Structural Biology;7
-;Papers in Regional Science;7
-;Trends in Cardiovascular Medicine;7
-;American Journal of Physiology-Endocrinology and Metabolism;7
-;American Journal of Respiratory Cell and Molecular Biology;7
-;Pflugers Archiv-European Journal of Physiology;7
-;Infection and Drug Resistance;7
-;International Journal of Surgery;7
-;Ophthalmology and Therapy;7
-;Integrating Materials and Manufacturing Innovation;7
-;Packaging Technology and Science;7
-;Journal of Porous Materials;7
-;Journal of Contextual Behavioral Science;7
-;International Journal for Parasitology;7
-;Journal of Cell Science;7
-;Social Science Computer Review;7
-;Annals of the American Academy of Political and Social Science;7
-;European Economic Review;7
-;European Journal of Radiology;7
-;Journal of Travel Medicine;7
-;Journal of Chemical Physics;7
-;International Journal of Theoretical Physics;7
-;Cell Biology International;7
-;Post-Soviet Affairs;7
-;International Journal of Infectious Diseases;7
-;Pain Research & Management;7
-;Journal of Immunotherapy;7
-;Journal of Educational Change;7
-;Earth Surface Dynamics;7
-;Inventiones Mathematicae;7
-;Current Drug Targets;7
-;European Management Review;7
-;Journal of Consulting and Clinical Psychology;7
-;Harvard Review of Psychiatry;7
-;Yonsei Medical Journal;7
-;Protein Engineering Design & Selection;7
-;Gene;7
-;Journal of Interventional Cardiac Electrophysiology;7
-;Journal of Transport & Health;7
-;Brain Topography;7
-;Optical Fiber Technology;7
-;International Journal of Chemical Engineering;7
-;Journal of Sea Research;7
-;American Journal of Science;7
-;Journal of Career Assessment;7
-;Big Data Research;7
-;Algae;7
-;Journal of Aerosol Science;7
-;Educational Administration Quarterly;7
-;Immunopharmacology and Immunotoxicology;7
-;Journal of Computer Information Systems;7
-;Psychonomic Bulletin & Review;7
-;Expert Opinion on Drug Metabolism & Toxicology;7
-;Pituitary;7
-;Biotechnology and Bioprocess Engineering;7
-;Journal of European Integration;7
-;Journal of the Korean Ceramic Society;7
-;Journal of Applied Behavior Analysis;7
-;Frontiers in Zoology;7
-;Current Opinion in Allergy and Clinical Immunology;7
-;Best Practice & Research-Clinical Anaesthesiology;7
-;Journal of Sport Management;7
-;Electronic Journal of Biotechnology;7
-;International Journal of Chronic Obstructive Pulmonary Disease;7
-;Nutrition & Metabolism;7
-;Journal of Alzheimers Disease;7
-;Intelligent Automation and Soft Computing;7
-;Current Opinion in Ophthalmology;7
-;Batteries & Supercaps;7
-;Frontiers in Sustainable Food Systems;7
-;Hormones and Behavior;7
-;Journal of Applied Sport Psychology;7
-;Geohealth;7
-;CRISPR Journal;7
-;Journal of Non-Newtonian Fluid Mechanics;7
-;Journal of Multinational Financial Management;7
-;Journal of Material Cycles and Waste Management;7
-;Reviews in Chemical Engineering;7
-;Fuzzy Sets and Systems;7
-;Science and Medicine in Football;7
-;Indoor and Built Environment;7
-;Human Gene Therapy;7
-;BJS Open;7
-;Icarus;7
-;Water Research X;7
-;Immunology Letters;7
-;Lancet Regional Health-Western Pacific;7
-;Journal of Vinyl & Additive Technology;7
-;Annals of Physical and Rehabilitation Medicine;7
-;Pathology Research and Practice;7
-;Geophysics;7
-;Journal of Neurosurgery;7
-;Biological Chemistry;7
-;Earthquake Spectra;7
-;Fungal Biology;7
-;Soft Computing;7
-;IEEE Journal of Selected Topics in Quantum Electronics;7
-;European Journal of Human Genetics;7
-;Journal of Physics-Materials;7
-;European Child & Adolescent Psychiatry;7
-;Journal of Economic Behavior & Organization;7
-;Experimental Eye Research;7
-;Polycyclic Aromatic Compounds;7
-;IEEE Transactions on Dielectrics and Electrical Insulation;7
-;International Journal of Industrial Ergonomics;7
-;Human Communication Research;7
-;Journal of Neuroscience Research;7
-;Granular Matter;7
-;Forensic Chemistry;7
-;Numerical Heat Transfer Part B-Fundamentals;7
-;Wireless Networks;7
-;Perspectives in Ecology and Conservation;7
-;Macromolecular Rapid Communications;7
-;Egyptian Journal of Biological Pest Control;7
-;Journal of Neuro-Oncology;7
-;Financial Analysts Journal;7
-;Journals of Gerontology Series B-Psychological Sciences and Social Sciences;7
3397;Acta Oncologica;6
-;New Generation Computing;6
-;Aquatic Botany;6
-;Photodiagnosis and Photodynamic Therapy;6
-;Neuroscience Letters;6
-;International Journal of Qualitative Methods;6
-;Numerische Mathematik;6
-;Recent Patents on Anti-Cancer Drug Discovery;6
-;Organometallics;6
-;Biological Psychology;6
-;Evaluation and Program Planning;6
-;Polyhedron;6
-;Molecular Pharmacology;6
-;Distance Education;6
-;Zoological Journal of the Linnean Society;6
-;Journal of Anthropological Archaeology;6
-;Journal of Chromatography B-Analytical Technologies in the Biomedical and Life Sciences;6
-;Journal of Behavioral Medicine;6
-;Cancer Research and Treatment;6
-;Behavior Modification;6
-;Colloid and Polymer Science;6
-;Andrologia;6
-;Journal of Hydro-Environment Research;6
-;Genes Brain and Behavior;6
-;Economics & Human Biology;6
-;Cyberpsychology-Journal of Psychosocial Research on Cyberspace;6
-;Journal of Spectroscopy;6
-;Written Communication;6
-;Journal of Competitiveness;6
-;Clinical and Translational Allergy;6
-;Annals of Cardiothoracic Surgery;6
-;Journal of Urban Planning and Development;6
-;BMC Sports Science Medicine and Rehabilitation;6
-;Environmental Policy and Governance;6
-;Healthcare;6
-;Processes;6
-;Pediatric Rheumatology;6
-;Ocean Science;6
-;Annals of Laboratory Medicine;6
-;Scandinavian Journal of Trauma Resuscitation & Emergency Medicine;6
-;Multidimensional Systems and Signal Processing;6
-;Journal of Coatings Technology and Research;6
-;Joint Bone Spine;6
-;Mathematical Sciences;6
-;Applied Psychology-Health and Well Being;6
-;Emotion Review;6
-;School Effectiveness and School Improvement;6
-;Carbon Management;6
-;ACM Transactions on Embedded Computing Systems;6
-;Journal of Low Frequency Noise Vibration and Active Control;6
-;Canadian Journal of Gastroenterology and Hepatology;6
-;Fractional Calculus and Applied Analysis;6
-;Journal of Occupational Medicine and Toxicology;6
-;Integrative and Comparative Biology;6
-;3D Printing and Additive Manufacturing;6
-;Nature Reviews Urology;6
-;Frontiers in Pediatrics;6
-;Infectious Agents and Cancer;6
-;Frontiers in Physics;6
-;Frontiers in Energy Research;6
-;Review of Policy Research;6
-;European Journal of Sport Science;6
-;AoB Plants;6
-;Head & Face Medicine;6
-;Integrative Cancer Therapies;6
-;Australian Journal of Grape and Wine Research;6
-;Epilepsy Research;6
-;Fish Physiology and Biochemistry;6
-;Mental Health and Physical Activity;6
-;Medical Engineering & Physics;6
-;Cardiovascular Drugs and Therapy;6
-;Current Opinion in HIV and AIDS;6
-;Frontiers in Veterinary Science;6
-;Eye & Contact Lens-Science and Clinical Practice;6
-;Management Learning;6
-;Endoscopic Ultrasound;6
-;Australian and New Zealand Journal of Public Health;6
-;Chemical Biology & Drug Design;6
-;Ecosystem Health and Sustainability;6
-;Journal of Social Marketing;6
-;Expert Review of Gastroenterology & Hepatology;6
-;Earth and Space Science;6
-;Biodata Mining;6
-;Neurologic Clinics;6
-;Conservation Physiology;6
-;Magnetic Resonance in Medicine;6
-;BMJ Open;6
-;Primary Care Diabetes;6
-;Nonprofit and Voluntary Sector Quarterly;6
-;Journal of Natural Medicines;6
-;ACM Transactions on Applied Perception;6
-;Journal of Counseling and Development;6
-;Health Economics Review;6
-;European Societies;6
-;Allergy and Asthma Proceedings;6
-;Arabian Journal for Science and Engineering;6
-;Botanical Studies;6
-;Fractals-Complex Geometry Patterns and Scaling in Nature and Society;6
-;CPT-Pharmacometrics & Systems Pharmacology;6
-;Service Science;6
-;Journal of Memory and Language;6
-;MRS Bulletin;6
-;Clinics in Liver Disease;6
-;Journal of Gynecologic Oncology;6
-;Journal of Bioactive and Compatible Polymers;6
-;International Journal of Precision Engineering and Manufacturing;6
-;Journal of Advanced Prosthodontics;6
-;Genetics in Medicine;6
-;Journal of Bone and Mineral Research;6
-;Police Quarterly;6
-;Mycoses;6
-;Fundamental & Clinical Pharmacology;6
-;European Journal of Pain;6
-;Global Networks-A Journal of Transnational Affairs;6
-;Entropy;6
-;Journal of Magnetic Resonance;6
-;German Politics;6
-;Science & Education;6
-;Archives of Environmental Contamination and Toxicology;6
-;Crisis-The Journal of Crisis Intervention and Suicide Prevention;6
-;Journal of the European Academy of Dermatology and Venereology;6
-;Food Additives & Contaminants Part B-Surveillance;6
-;Climate Research;6
-;Journal of Environmental Education;6
-;Neurosurgical Focus;6
-;International Journal of Selection and Assessment;6
-;International Journal of Geriatric Psychiatry;6
-;Journal of Micromechanics and Microengineering;6
-;Addiction Science & Clinical Practice;6
-;Geopolitics;6
-;Journal of Tissue Viability;6
-;Microgravity Science and Technology;6
-;Hydrological Sciences Journal-Journal des Sciences Hydrologiques;6
-;Computers & Graphics-UK;6
-;European Planning Studies;6
-;Cancer Prevention Research;6
-;BMC Immunology;6
-;IEEE Journal of the Electron Devices Society;6
-;Psychology of Religion and Spirituality;6
-;BMC Anesthesiology;6
-;Biochemistry and Cell Biology;6
-;Expert Opinion on Pharmacotherapy;6
-;Pharmacology Biochemistry and Behavior;6
-;BMC Emergency Medicine;6
-;Archive of Applied Mechanics;6
-;BMC Gastroenterology;6
-;Research on Language and Social Interaction;6
-;MRS Communications;6
-;International Journal of Polymeric Materials and Polymeric Biomaterials;6
-;BMC Infectious Diseases;6
-;Robotica;6
-;Toxicological Research;6
-;Journal of Geophysical Research-Space Physics;6
-;Applied Composite Materials;6
-;Environment and Planning D-Society & Space;6
-;Media and Communication;6
-;BMC Pulmonary Medicine;6
-;Journal of Mechanisms and Robotics-Transactions of the Asme;6
-;Protein Science;6
-;European Physical Journal Plus;6
-;Road Materials and Pavement Design;6
-;Surgical Endoscopy and Other Interventional Techniques;6
-;Libyan Journal of Medicine;6
-;International Journal of Modern Physics B;6
-;Journal of Biochemical and Molecular Toxicology;6
-;Current Opinion in Organ Transplantation;6
-;3 Biotech;6
-;Ecohydrology & Hydrobiology;6
-;Reproductive Biology;6
-;Urban Geography;6
-;Risk Analysis;6
-;Drug Development Research;6
-;Global Health Action;6
-;Thrombosis Research;6
-;Economics of Education Review;6
-;Journal of Applied Oral Science;6
-;Water Air and Soil Pollution;6
-;Journal of Peace Research;6
-;Journal of Pediatrics;6
-;Journal of Managerial Psychology;6
-;Journal of Food Science and Technology-Mysore;6
-;Journal of Esthetic and Restorative Dentistry;6
-;Journal of Physics D-Applied Physics;6
-;Journal of Plasma Physics;6
-;Dental Materials;6
-;Journal of Politics;6
-;Journal of Glaciology;6
-;Antipode;6
-;International Journal of Remote Sensing;6
-;Dementia-International Journal of Social Research and Practice;6
-;Journal of Psychology;6
-;Universal Access in the Information Society;6
-;Neuropeptides;6
-;Nutrition Bulletin;6
-;Teachers and Teaching;6
-;Mammalian Biology;6
-;European Journal of Social Psychology;6
-;Tissue & Cell;6
-;Ecological Complexity;6
-;BMC Oral Health;6
-;Aging & Mental Health;6
-;Feminist Economics;6
-;Soil Use and Management;6
-;China & World Economy;6
-;Biomarkers;6
-;BMC Nursing;6
-;Journal of Mountain Science;6
-;Neobiota;6
-;Seminars in Nephrology;6
-;Journal of Stored Products Research;6
-;Expert Systems;6
-;Journal of Water and Health;6
-;Journal of Adolescence;6
-;Nutrition Research;6
-;Aquaculture Research;6
-;Heart;6
-;Oxford Review of Economic Policy;6
-;Chinese Journal of Physiology;6
-;Zoonoses and Public Health;6
-;Crystals;6
-;Basin Research;6
-;Australian and New Zealand Journal of Psychiatry;6
-;International Transactions in Operational Research;6
-;Minerals;6
-;Mathematical Geosciences;6
-;European Journal of Cardio-Thoracic Surgery;6
-;Synthetic Biology;6
-;Automatika;6
-;ACM Journal on Computing and Cultural Heritage;6
-;Entertainment Computing;6
-;School Mental Health;6
-;International Journal of Sustainable Transportation;6
-;Porcine Health Management;6
-;Cognitive Research-Principles and Implications;6
-;Science Education;6
-;Biochemistry;6
-;Scandinavian Journal of Management;6
-;Prostaglandins Leukotrienes and Essential Fatty Acids;6
-;Annals of Nuclear Energy;6
-;Geophysical Journal International;6
-;Cardiovascular Research;6
-;Bioscience;6
-;Tropical Medicine and Infectious Disease;6
-;British Journal of Clinical Pharmacology;6
-;International Journal of Hypertension;6
-;Journal of Business Finance & Accounting;6
-;Evolving Systems;6
-;Journal of Mixed Methods Research;6
-;Cereal Chemistry;6
-;Journal of Chemistry;6
-;Thin Solid Films;6
-;Epidemiology and Health;6
-;Clinical Neuroradiology;6
-;AAPS Journal;6
-;Brain Research;6
-;Journal of Periodontal and Implant Science;6
-;European Journal of Mechanics B-Fluids;6
-;Thrombosis and Haemostasis;6
-;Investigative and Clinical Urology;6
-;PeerJ Computer Science;6
-;Neurology-Genetics;6
-;European Journal of Internal Medicine;6
-;Archives of Biochemistry and Biophysics;6
-;Ionics;6
-;Archives of Oral Biology;6
-;American Journal of Medical Genetics Part C-Seminars in Medical Genetics;6
-;Physiological Measurement;6
-;British Journal of Radiology;6
-;European Journal of Political Research;6
-;International Journal on Semantic Web and Information Systems;6
-;Biochimica et Biophysica Acta-General Subjects;6
-;International Review of Psychiatry;6
-;Journal of Chinese Governance;6
-;DNA and Cell Biology;6
-;Asia Pacific Journal of Management;6
-;RELC Journal;6
-;American Journal of Neuroradiology;6
-;Energy Journal;6
-;Journal of Intelligent Material Systems and Structures;6
-;European Journal of Political Economy;6
-;International Journal of Thermophysics;6
-;Journal of Developmental and Behavioral Pediatrics;6
-;Physiologia Plantarum;6
-;Physiology & Behavior;6
-;Political Analysis;6
-;Journal of Visual Communication and Image Representation;6
-;Information Society;6
-;Dysphagia;6
-;Reviews of Environmental Contamination and Toxicology;6
-;Oecologia;6
-;Oikos;6
-;Earth Surface Processes and Landforms;6
-;Polymer Engineering and Science;6
-;Population and Environment;6
-;Archives of Medical Research;6
-;Outlook on Agriculture;6
-;Qualitative Health Research;6
-;Protoplasma;6
-;Psycho-Oncology;6
-;Public Health;6
-;Journal of the American Society for Mass Spectrometry;6
-;Perspectives in Psychiatric Care;6
-;Epidemiology;6
-;Climacteric;6
-;Global Heart;6
-;Seizure-European Journal of Epilepsy;6
-;International Journal of Phytoremediation;6
-;Journal of Biomechanics;6
-;Foot and Ankle Surgery;6
-;Annals of Public and Cooperative Economics;6
-;Telemedicine and E-Health;6
-;Seminars in Fetal & Neonatal Medicine;6
-;Cognitive Affective & Behavioral Neuroscience;6
-;Journal of Prosthodontics-Implant Esthetic and Reconstructive Dentistry;6
-;Cardiovascular Toxicology;6
-;Current Infectious Disease Reports;6
-;Psychiatry Investigation;6
-;Journal of Soil Science and Plant Nutrition;6
-;Review Journal of Autism and Developmental Disorders;6
-;Journal of Second Language Writing;6
-;Journal of Environmental Policy & Planning;6
-;Solid State Sciences;6
-;Nuclear Engineering and Technology;6
-;Electronic Materials Letters;6
-;Current Pharmaceutical Biotechnology;6
-;Current Pharmaceutical Design;6
-;European Journal of Personality;6
-;Coral Reefs;6
-;Journal of Aging Studies;6
-;Experiments in Fluids;6
-;VLDB Journal;6
-;Journal of Molecular Diagnostics;6
-;Journal of Contemporary China;6
-;Integrative Medicine Research;6
-;Reproductive Toxicology;6
-;Cell and Tissue Banking;6
-;Journal of Global Antimicrobial Resistance;6
-;Acta Orthopaedica;6
-;Journal of Crystal Growth;6
-;Educational Policy;6
-;Duke Mathematical Journal;6
-;Nuclear Physics B;6
-;SAR and QSAR in Environmental Research;6
-;Journal of Neuromuscular Diseases;6
-;Journal of Applied Economics;6
-;International Journal of Endocrinology;6
-;Journal for Research in Mathematics Education;6
-;Clinical Breast Cancer;6
-;Educacion XX1;6
-;Experimental Neurobiology;6
-;Animal Conservation;6
-;New Journal of Chemistry;6
-;Journal of Geriatric Psychiatry and Neurology;6
-;Journal of Tropical Medicine;6
-;Applied and Computational Harmonic Analysis;6
-;New Directions for Child and Adolescent Development;6
-;Sustainable Computing-Informatics & Systems;6
-;KSCE Journal of Civil Engineering;6
-;Forensic Science International;6
-;Sustainable Materials and Technologies;6
-;Public Health Nutrition;6
-;Journal of Endourology;6
-;American Journal of Cardiovascular Drugs;6
-;Emotion;6
-;Applied Health Economics and Health Policy;6
-;Journal of Applied Behavioral Science;6
-;Computing;6
-;Canadian Journal of Infectious Diseases & Medical Microbiology;6
-;Instructional Science;6
-;Clinical Immunology;6
-;Horticulture Environment and Biotechnology;6
-;Management Communication Quarterly;6
-;Journal of Applied Polymer Science;6
-;Health Care Management Science;6
-;Patient Preference and Adherence;6
-;Journal of Clinical Monitoring and Computing;6
-;Health Expectations;6
-;International Journal of Approximate Reasoning;6
-;EPJ Data Science;6
-;International Studies Review;6
-;International Journal of Biometeorology;6
-;Spatial Statistics;6
-;SIAM Journal on Imaging Sciences;6
-;Disability and Health Journal;6
-;Interdisciplinary Sciences-Computational Life Sciences;6
-;European Eating Disorders Review;6
-;ACM Transactions on Reconfigurable Technology and Systems;6
-;Plant Biology;6
-;Geosynthetics International;6
-;Fire-Switzerland;6
-;Investigational New Drugs;6
-;Journal of Essential Oil Research;6
-;Applied Vegetation Science;6
-;Assessment;6
-;Transfer-European Review of Labour and Research;6
-;Human and Ecological Risk Assessment;6
-;Metallurgical and Materials Transactions A-Physical Metallurgy and Materials Science;6
-;Stress-The International Journal on the Biology of Stress;6
-;Journal of Health Communication;6
-;Journal of Computational and Applied Mathematics;6
-;ACS Earth and Space Chemistry;6
-;Parallel Computing;6
-;Journal of Transport and Land Use;6
-;IEEE Transactions on Electromagnetic Compatibility;6
-;JCO Precision Oncology;6
-;IEEE Transactions on Haptics;6
-;Psychiatric Services;6
-;International Orthopaedics;6
-;American Journal of Physiology-Regulatory Integrative and Comparative Physiology;6
-;American Journal of Obstetrics & Gynecology Mfm;6
-;Journal of Biomedical Optics;6
-;Ecological Management & Restoration;6
-;Diversity-Basel;6
-;Plant Direct;6
-;Physical Review Materials;6
-;Orthopaedics & Traumatology-Surgery & Research;6
-;Journal of Infrastructure Systems;6
-;Organic Process Research & Development;6
-;Journal of Neuroimmunology;6
-;Functional Plant Biology;6
-;Finite Elements in Analysis and Design;6
-;BMC Ecology and Evolution;6
-;Cancer Epidemiology;6
-;Applied Numerical Mathematics;6
-;Animal Bioscience;6
-;Microbial Drug Resistance;6
-;International Journal of Mental Health Nursing;6
-;Hydrogeology Journal;6
-;Journal of Virological Methods;6
-;Health Sociology Review;6
-;Journal of Microbiology and Biotechnology;6
-;Journal of Solid State Electrochemistry;6
-;American Economic Review-Insights;6
-;Dermatology;6
-;Integrative Organismal Biology;6
-;Fatigue & Fracture of Engineering Materials & Structures;6
-;Journal of Adhesion Science and Technology;6
-;Sex Roles;6
-;Cognitive and Behavioral Practice;6
-;Agricultural Economics;6
-;Journal of Physiological Anthropology;6
-;Archives of Womens Mental Health;6
-;Anatomical Sciences Education;6
-;Free Radical Research;6
-;Pulmonology;6
-;Hereditary Cancer in Clinical Practice;6
-;Research in Higher Education;6
-;Inzinerine Ekonomika-Engineering Economics;6
-;Seminars in Pediatric Neurology;6
-;Personality and Social Psychology Bulletin;6
-;Water Supply;6
-;Journal of Analytical Toxicology;6
-;Journal of Policy Modeling;6
-;Journal of the American Statistical Association;6
-;Ukrainian Journal of Physical Optics;6
-;International Journal of Intercultural Relations;6
-;International Journal for Numerical Methods in Engineering;6
-;Purinergic Signalling;6
-;Nutrition and Cancer-An International Journal;6
-;European Journal of Forest Research;6
-;Microfluidics and Nanofluidics;6
-;Pharmacotherapy;6
-;Latin American Research Review;6
-;Biophysical Chemistry;6
-;Educational Psychology;6
-;Molecular Biology Reports;6
-;Interactive Cardiovascular and Thoracic Surgery;6
-;Neuropsychobiology;6
-;Science and Public Policy;6
-;Navigation-Journal of the Institute of Navigation;6
-;Language Speech and Hearing Services in Schools;6
-;Dental Traumatology;6
-;Materials Testing;6
-;Neuropsychologia;6
-;Social Indicators Research;6
-;Acta Physiologica;6
-;Breast Cancer;6
-;Worldviews on Evidence-Based Nursing;6
-;Topics in Cognitive Science;6
-;Journal of Water Resources Planning and Management;6
-;Aerospace;6
-;CTS-Clinical and Translational Science;6
-;Review of Public Personnel Administration;6
-;Chronobiology International;6
-;Microbes and Environments;6
-;Diabetic Medicine;6
-;Signal Processing-Image Communication;6
-;Journal of Flood Risk Management;6
-;Social Cognitive and Affective Neuroscience;6
-;Experimental Dermatology;6
-;Aquatic Invasions;6
-;Journal of Neurosurgery-Spine;6
-;Nursing Open;6
-;Database-The Journal of Biological Databases and Curation;6
-;International Journal of Islamic and Middle Eastern Finance and Management;6
-;Critical Reviews in Therapeutic Drug Carrier Systems;6
-;Pediatric Obesity;6
-;European Journal of Medical Research;6
-;Artificial Intelligence and Law;6
-;Journal of Advanced Concrete Technology;6
-;Ultrasonography;6
-;Journal of Bone and Mineral Metabolism;6
-;Journal of Management & Organization;6
-;Journal of Pacific Rim Psychology;6
-;Technology in Cancer Research & Treatment;6
-;Magnetic Resonance in Medical Sciences;6
-;Crop & Pasture Science;6
-;Journal of Biomolecular Nmr;6
-;Applied Economic Perspectives and Policy;6
-;Endocrine Connections;6
-;Molecular Oral Microbiology;6
-;Annals of Dyslexia;6
-;Hypertension Research;6
-;Journal of the Association for Information Science and Technology;6
-;Journal of Cellular Biochemistry;6
-;Advances in Polymer Technology;6
-;Environmental Toxicology and Chemistry;6
-;COPD-Journal of Chronic Obstructive Pulmonary Disease;6
-;Frontiers in Medicine;6
-;Collegian;6
-;Neurocritical Care;6
-;Trends in Hearing;6
-;Kidney Diseases;6
-;European Journal of Medical Genetics;6
-;Journal of Choice Modelling;6
-;Therapeutic Advances in Drug Safety;6
-;Clinical Gerontologist;6
-;Immunity Inflammation and Disease;6
-;AERA Open;6
-;Inorganics;6
-;Evolution Medicine and Public Health;6
-;United European Gastroenterology Journal;6
-;Journal of Biomolecular Structure & Dynamics;6
-;BMC Medical Genomics;6
-;Grey Systems-Theory and Application;6
-;IET Generation Transmission & Distribution;6
-;Experimental and Therapeutic Medicine;6
-;Microbial Cell;6
-;Molecular Carcinogenesis;6
-;Physica B-Condensed Matter;6
-;Magnetochemistry;6
-;Biomimetics;6
-;Journal of Economic Geography;6
-;Quality of Life Research;6
-;Sadhana-Academy Proceedings in Engineering Sciences;6
-;Brain and Language;6
-;EJNMMI Research;6
-;Chinese Physics Letters;6
-;Statistical Science;6
-;Journal of Trauma and Acute Care Surgery;6
-;Sociological Methodology;6
-;SIAM Journal on Financial Mathematics;6
-;System Dynamics Review;6
-;European Journal of Oncology Nursing;6
-;Journal of Physical Chemistry A;6
-;Knowledge and Information Systems;6
-;European Accounting Review;6
-;Arthroscopy-The Journal of Arthroscopic and Related Surgery;6
-;Journal of Population Economics;6
-;Paleobiology;6
-;Software Quality Journal;6
-;Ocean Modelling;6
-;Journal of Integrative Neuroscience;6
-;Coastal Engineering Journal;6
-;Journal of Intelligent Information Systems;6
-;Evolution and Human Behavior;6
-;Organizational Dynamics;6
-;Language Culture and Curriculum;6
-;AIDS and Behavior;6
-;PeerJ;6
-;Expert Opinion on Orphan Drugs;6
-;Structural Concrete;6
-;Journal of Community Psychology;6
-;Machining Science and Technology;6
-;Clinics in Perinatology;6
-;Journal of Biomaterials Applications;6
-;Journal of Hydroinformatics;6
-;Journal of Steroid Biochemistry and Molecular Biology;6
-;Corporate Governance-An International Review;6
-;Eating Behaviors;6
-;European Union Politics;6
-;Astroparticle Physics;6
-;Journal of Building Performance Simulation;6
-;Brain Connectivity;6
-;Journal of Sol-Gel Science and Technology;6
-;Industrial and Corporate Change;6
-;Journal of Astrophysics and Astronomy;6
-;Renal Failure;6
-;Automated Software Engineering;6
-;American Journal of Nephrology;6
-;Global Health-Science and Practice;6
-;Journal of Cataract and Refractive Surgery;6
-;BMC Neurology;6
-;International Journal of Systematic and Evolutionary Microbiology;6
-;Circulation-Cardiovascular Quality and Outcomes;6
-;SPE Journal;6
-;Physical Therapy in Sport;6
-;BMC Musculoskeletal Disorders;6
-;Journal of Asian Ceramic Societies;6
-;Wireless Personal Communications;6
-;Electronic Library;6
-;International Journal of Technology and Design Education;6
-;Seminars in Ophthalmology;6
-;Journal of Attention Disorders;6
-;Insect Molecular Biology;6
-;Health Informatics Journal;6
-;Wind Energy;6
-;Newsletters on Stratigraphy;6
-;IEEE Photonics Journal;6
-;Phytochemical Analysis;6
-;Fungal Genetics and Biology;6
-;Addiction Biology;6
-;Journal of Academic Librarianship;6
-;Journal of Molecular and Cellular Cardiology;6
-;Transcultural Psychiatry;6
-;Marine Environmental Research;6
-;Journal of Marketing Management;6
-;Journal of Systematics and Evolution;6
-;Journal of Health Services Research & Policy;6
-;Mutagenesis;6
-;Journal of Neurophysiology;6
-;Social Science Research;6
-;Estuarine Coastal and Shelf Science;6
-;International Clinical Psychopharmacology;6
-;Journal of English for Academic Purposes;6
-;Journal of Chemical Technology and Biotechnology;6
-;Advances in Space Research;6
-;Bone Marrow Transplantation;6
-;Journal of Personality;6
-;Acta Histochemica;6
-;Journal of Food Science;6
-;Child and Adolescent Mental Health;6
-;International Review of Research in Open and Distributed Learning;6
-;Archives of Disease in Childhood-Fetal and Neonatal Edition;6
-;Journal of General Virology;6
-;Journal of Physiology-London;6
-;Journal of Epidemiology and Community Health;6
-;Classical and Quantum Gravity;6
-;Antiviral Therapy;6
-;Asia-Pacific Education Researcher;6
-;Journal of Higher Education;6
-;Proteomics;6
-;European Journal of International Relations;6
-;Journal of Social and Personal Relationships;6
-;Geobiology;6
-;Journal of Insect Physiology;6
-;Language Testing;6
-;Journal for Nature Conservation;6
-;Comparative European Politics;6
-;Freshwater Biology;6
-;Computational Biology and Chemistry;6
-;BioEssays;6
-;Organic & Biomolecular Chemistry;6
-;Earthquake Engineering and Engineering Vibration;6
-;BMC Medical Education;6
-;Journal of Leisure Research;6
-;Chinese Journal of Integrative Medicine;6
-;European Journal of Health Economics;6
-;Convergence-The International Journal of Research Into New Media Technologies;6
-;World Journal of Surgical Oncology;6
-;Software and Systems Modeling;6
-;Journal of Statistical Physics;6
-;Journal of Arid Environments;6
-;Language Teaching Research;6
-;Midwifery;6
-;Journal of Texture Studies;6
-;Geostandards and Geoanalytical Research;6
-;Journal of Membrane Biology;6
-;Work Employment and Society;6
-;Publications of the Astronomical Society of the Pacific;6
-;Air Quality Atmosphere and Health;6
-;Journal of Housing and the Built Environment;6
-;Frontiers of Information Technology & Electronic Engineering;6
-;International Journal of Sports Physiology and Performance;6
-;Asian Journal of Andrology;6
-;Epidemiology and Infection;6
-;Journal of Engineering Design;6
-;Genes and Nutrition;6
-;Canadian Geotechnical Journal;6
-;Cellular and Molecular Bioengineering;6
-;Applied Sciences-Basel;6
-;Journal of the Indian Institute of Science;6
-;Journal of Behavior Therapy and Experimental Psychiatry;6
-;Asian Journal of Psychiatry;6
-;Digital Health;6
-;Food and Environmental Virology;6
-;Toxin Reviews;6
-;Tectonophysics;6
-;Food Biophysics;6
-;Electronics;6
-;Sedimentology;6
-;Zoological Letters;6
-;Journal of Pathology Clinical Research;6
-;Cellular Immunology;6
-;Journal of Analytical Methods in Chemistry;6
-;Global Challenges;6
-;Chemical Physics Letters;6
-;Translational Behavioral Medicine;6
-;Endocrine;6
-;Journal of Gastric Cancer;6
-;European Heart Journal-Quality of Care and Clinical Outcomes;6
-;ACM Transactions on the Web;6
-;Journal of Comparative Physiology A-Neuroethology Sensory Neural and Behavioral Physiology;6
-;Quaternary Geochronology;6
-;Reaction Chemistry & Engineering;6
-;Dose-Response;6
-;Clinical Research in Cardiology;6
-;Cross Cultural & Strategic Management;6
-;Archives of Sexual Behavior;6
-;British Journal of Political Science;6
-;Anti-Cancer Agents in Medicinal Chemistry;6
-;British Journal of Psychology;6
-;Revista de Saude Publica;6
-;International Journal of Fuzzy Systems;6
-;Geoderma Regional;6
-;Marine Chemistry;6
-;Journal of the ACM;6
-;Bioorganic & Medicinal Chemistry;6
-;Behavioral Ecology;6
-;Journal of Magnetic Resonance Imaging;6
-;Journal of Hospital Infection;6
-;Physical Therapy;6
-;Physics in Medicine and Biology;6
-;Few-Body Systems;6
-;Theoretical and Applied Climatology;6
-;Visual Computer;6
-;Chaos;6
-;Journal of Asian Economics;6
-;Polymer Journal;6
-;Journal of Diabetes and Its Complications;6
-;International Journal of Wildland Fire;6
-;International Journal of Robust and Nonlinear Control;6
-;Journal of Mechanical Design;6
-;Palaeogeography Palaeoclimatology Palaeoecology;6
-;Psychotherapy Research;6
-;Palaeontology;6
-;American Journal of Speech-Language Pathology;6
-;Journal of Shoulder and Elbow Surgery;6
-;Journal of Research on Adolescence;6
-;Housing Policy Debate;6
-;Journal of Renal Nutrition;6
-;International Journal of Conflict Management;6
-;European Journal of Clinical Pharmacology;6
-;Biological Invasions;6
-;Journal of the Japanese and International Economies;6
-;Group & Organization Management;6
-;Economics of Transportation;6
-;Journal of Positive Psychology;6
-;Cancer Management and Research;6
-;Journal of Bone and Joint Surgery-American Volume;6
-;Journal of the Iranian Chemical Society;6
-;International Journal of Plant Production;6
-;Journal of Network and Systems Management;6
-;Journal of Nanoparticle Research;6
-;SIAM Journal on Scientific Computing;6
-;Biochimica et Biophysica Acta-Molecular and Cell Biology of Lipids;6
-;Water Resources and Economics;6
-;Clinical Psychopharmacology and Neuroscience;6
-;Microbes and Infection;6
-;Endocrinology and Metabolism Clinics of North America;6
-;Journal of Cellular Plastics;6
-;Administration and Policy in Mental Health and Mental Health Services Research;6
-;Journal of Chemical Education;6
-;European Journal of Immunology;6
-;Current Opinion in Hematology;6
-;Journal of Thermal Analysis and Calorimetry;6
-;Anti-Corrosion Methods and Materials;6
-;Molecular Diversity;6
-;Journal of Career Development;6
-;Social Psychology of Education;6
-;Soft Matter;6
-;Geoscience Letters;6
-;JACC-Heart Failure;6
-;Journal of Clinical Psychology;6
-;JCMS-Journal of Common Market Studies;6
-;Geochemistry Geophysics Geosystems;6
-;Prevention Science;6
-;American Journal of Botany;6
-;Journal of Composite Materials;6
-;Jaids-Journal of Acquired Immune Deficiency Syndromes;6
-;Archive for Rational Mechanics and Analysis;6
-;Physical Education and Sport Pedagogy;6
-;Clinical Lung Cancer;6
-;Progress in Earth and Planetary Science;6
-;Veterinary Microbiology;6
-;Journal of Cross-Cultural Psychology;6
-;Educational Management Administration & Leadership;6
-;Journal of Information Security and Applications;6
-;Behavioral Medicine;6
-;Rheumatology and Therapy;6
-;Jornal de Pediatria;6
-;Journal of High Energy Astrophysics;6
-;Journal of Microbiology;6
-;Advances in Materials Science and Engineering;6
-;Nutrient Cycling in Agroecosystems;6
-;Cognitive Psychology;6
-;Environmental Engineering Research;6
-;Journal of Youth Studies;6
-;Renewable Agriculture and Food Systems;6
-;Clinical Psychology & Psychotherapy;6
-;Journal of Asian Earth Sciences;6
-;Journal of Economic Literature;6
-;Seminars in Respiratory and Critical Care Medicine;6
-;Information Technology & Management;6
-;FEBS Journal;6
-;Communications in Mathematical Physics;6
-;American Mineralogist;6
-;Food Science and Biotechnology;6
-;International Journal of Clinical Practice;6
-;Acta Mechanica;6
-;Analytical Cellular Pathology;6
-;Natural Hazards Review;6
-;Journal of Thermoplastic Composite Materials;6
-;Acta Neurologica Scandinavica;6
-;International Journal of Clinical Pharmacy;6
-;Clinical Drug Investigation;6
-;Acta Obstetricia et Gynecologica Scandinavica;6
-;Current Opinion in Critical Care;6
-;Inorganica Chimica Acta;6
-;Engineering Science and Technology-An International Journal-Jestech;6
-;Information Communication & Society;6
-;Multiple Sclerosis and Related Disorders;6
-;Allergy Asthma and Clinical Immunology;6
-;Journal of Industrial Textiles;6
-;Universe;6
-;Preventive Medicine Reports;6
-;Journal of Applied Mechanics-Transactions of the Asme;6
-;IEEE Transactions on Very Large Scale Integration (VLSI) Systems;6
-;Journal of Toxicology and Environmental Health-Part A-Current Issues;6
-;Cluster Computing-The Journal of Networks Software Tools and Applications;6
-;Acta Tropica;6
-;Patient-Patient Centered Outcomes Research;6
-;Journal of Food Measurement and Characterization;6
-;Proceedings of the Japan Academy Series B-Physical and Biological Sciences;6
-;Angle Orthodontist;6
-;Applied Mathematics Letters;6
-;Discourse Context & Media;6
-;Agriculture and Human Values;6
-;Chinese Journal of Electronics;6
-;Peer-to-Peer Networking and Applications;6
-;Disasters;6
-;Physical Review Fluids;6
-;Marine Biotechnology;6
-;Paleoceanography and Paleoclimatology;6
-;Tissue Engineering Part A;6
-;Tissue Engineering Part C-Methods;6
-;Metallurgical and Materials Transactions B-Process Metallurgy and Materials Processing Science;6
-;ACM Transactions on Programming Languages and Systems;6
-;Journal of Volcanology and Geothermal Research;6
-;Neuroscientist;6
-;International Journal of Medical Microbiology;6
-;Iranian Polymer Journal;6
-;SLAS Discovery;6
-;IEEE Transactions on Education;6
-;IEEE Transactions on Information Theory;6
-;Journal of Neuroscience Methods;6
-;Letters in Mathematical Physics;6
-;Biofuels Bioproducts & Biorefining-Biofpr;6
-;Journal of Studies in International Education;6
-;Suicide and Life-Threatening Behavior;6
-;Journal of Cancer Survivorship;6
-;European Review of Agricultural Economics;6
-;Iranian Journal of Science and Technology Transaction A-Science;6
-;Neuroscience Research;6
-;BMC Molecular and Cell Biology;6
-;Veterinary Quarterly;6
-;PLoS ONE;6
-;Open House International;6
-;International Journal for Numerical and Analytical Methods in Geomechanics;6
-;Research on Child and Adolescent Psychopathology;6
-;Urban Ecosystems;6
-;Fisheries Research;6
-;Environmental Management;6
-;Extremophiles;6
-;Gerontologist;6
-;Academic Radiology;6
-;Gifted Child Quarterly;6
-;Reproductive Sciences;6
-;Journal of Professional Nursing;6
-;Archiv der Pharmazie;6
-;Cell Biochemistry and Biophysics;6
-;Scandinavian Journal of Work Environment & Health;6
-;International Journal of Medical Sciences;6
-;Headache;6
-;Journal of Environmental Science and Health Part B-Pesticides Food Contaminants and Agricultural Wastes;6
-;Quaternary International;6
-;International Journal of Electrochemical Science;6
-;Applied Physics Express;6
-;Annals of PDE;6
-;FEBS Letters;6
-;Preventive Veterinary Medicine;6
-;Clinical Chemistry and Laboratory Medicine;6
-;Marine Ecology Progress Series;6
-;Information Economics and Policy;6
4291;Addiction Research & Theory;5
-;Organic Geochemistry;5
-;Catalysis Surveys From Asia;5
-;Cancer Nursing;5
-;Clinical Endocrinology;5
-;Respiration;5
-;Nuclear Engineering and Design;5
-;Veterinary Parasitology;5
-;Educational Evaluation and Policy Analysis;5
-;Photosynthetica;5
-;Methods of Information in Medicine;5
-;Current Medical Research and Opinion;5
-;Heart & Lung;5
-;Chemistry & Biodiversity;5
-;Drug and Chemical Toxicology;5
-;Ophthalmic and Physiological Optics;5
-;Microelectronics Journal;5
-;Chemistry and Ecology;5
-;Journal of Parenteral and Enteral Nutrition;5
-;Esophagus;5
-;General Hospital Psychiatry;5
-;Minerva;5
-;Language Learning;5
-;Journal of Pediatric Gastroenterology and Nutrition;5
-;Tree Genetics & Genomes;5
-;Clinical Therapeutics;5
-;Journal of Forecasting;5
-;Industrial Robot-The International Journal of Robotics Research and Application;5
-;Research in Science Education;5
-;Differentiation;5
-;International Regional Science Review;5
-;Mycopathologia;5
-;Mutation Research-Fundamental and Molecular Mechanisms of Mutagenesis;5
-;British Journal of Clinical Psychology;5
-;Community Dentistry and Oral Epidemiology;5
-;Continental Shelf Research;5
-;Naunyn-Schmiedebergs Archives of Pharmacology;5
-;Clinical Cardiology;5
-;Marine Biology;5
-;Marine Geophysical Research;5
-;Current Organic Synthesis;5
-;Neuroendocrinology;5
-;Mini-Reviews in Organic Chemistry;5
-;Teachers College Record;5
-;Journal of Applied Crystallography;5
-;Journal of Mathematical Biology;5
-;Orthodontics & Craniofacial Research;5
-;Annals of Palliative Medicine;5
-;Journal of Hydraulic Engineering;5
-;International Journal of Micro Air Vehicles;5
-;International Journal of Imaging Systems and Technology;5
-;Pharmacology Research & Perspectives;5
-;Future Medicinal Chemistry;5
-;Plasma Physics and Controlled Fusion;5
-;Magnetic Resonance Materials in Physics Biology and Medicine;5
-;Regulation & Governance;5
-;Rand Journal of Economics;5
-;Journal of Foot and Ankle Research;5
-;International Journal of Clinical Oncology;5
-;Remedial and Special Education;5
-;Algorithms for Molecular Biology;5
-;Journal of Dermatological Science;5
-;Journal of Diabetes;5
-;CMC-Computers Materials & Continua;5
-;Journal of Marine Engineering and Technology;5
-;Orthopaedic Surgery;5
-;International Political Sociology;5
-;Transnational Environmental Law;5
-;Journal of Tribology-Transactions of the Asme;5
-;Skin Research and Technology;5
-;Vadose Zone Journal;5
-;Augmentative and Alternative Communication;5
-;Geography Compass;5
-;Analytical Sciences;5
-;Georisk-Assessment and Management of Risk for Engineered Systems and Geohazards;5
-;Mechanics Based Design of Structures and Machines;5
-;Journal of Oleo Science;5
-;IET Biometrics;5
-;Behavioral Neuroscience;5
-;Electric Power Components and Systems;5
-;Journal of Diabetes Investigation;5
-;Epigenomics;5
-;International Journal of Applied Mechanics;5
-;Journal of Intervention and Statebuilding;5
-;Annals of Nuclear Medicine;5
-;Multiscale Modeling & Simulation;5
-;Psychology of Sexual Orientation and Gender Diversity;5
-;Circulation Journal;5
-;ISIJ International;5
-;Mycokeys;5
-;Journal of Optics;5
-;Journal of Reproduction and Development;5
-;Biopsychosocial Medicine;5
-;Biofuels-UK;5
-;Frontiers in Earth Science;5
-;Journal of Biomedical Semantics;5
-;Neurogastroenterology and Motility;5
-;Nursing Inquiry;5
-;Journal of Plant Research;5
-;Magnetic Resonance Imaging;5
-;Journal of Biological Dynamics;5
-;Birth-Issues in Perinatal Care;5
-;Sociological Science;5
-;Drying Technology;5
-;Applied Nursing Research;5
-;Pigment Cell & Melanoma Research;5
-;Cogent Food & Agriculture;5
-;Animal Biotelemetry;5
-;Photonics;5
-;Patient Education and Counseling;5
-;Journal of Aging and Health;5
-;Journal of Computer-Aided Molecular Design;5
-;Surface Innovations;5
-;Acta Polytechnica Hungarica;5
-;BMC Pharmacology & Toxicology;5
-;Express Polymer Letters;5
-;BMC Psychology;5
-;Domestic Animal Endocrinology;5
-;Expert Review of Respiratory Medicine;5
-;Journal of Psychiatric and Mental Health Nursing;5
-;Food Technology and Biotechnology;5
-;Journal of Applied Gerontology;5
-;International Journal of Green Energy;5
-;Environmental Science-Processes & Impacts;5
-;Journal of Earthquake and Tsunami;5
-;IET Image Processing;5
-;ERJ Open Research;5
-;Molecular Imaging and Biology;5
-;European Journal of Finance;5
-;Journal of Engineering Mechanics;5
-;Neural Computation;5
-;Environmental Geotechnics;5
-;Territory Politics Governance;5
-;Food Additives and Contaminants Part A-Chemistry Analysis Control Exposure & Risk Assessment;5
-;Transgenic Research;5
-;Zeitschrift fuer Psychologie-Journal of Psychology;5
-;Brain and Behavior;5
-;Immunogenetics;5
-;Comparative Biochemistry and Physiology B-Biochemistry & Molecular Biology;5
-;Journal of Animal Physiology and Animal Nutrition;5
-;Impact Assessment and Project Appraisal;5
-;European Journal of Psychology of Education;5
-;Growth Hormone & Igf Research;5
-;ECS Journal of Solid State Science and Technology;5
-;Annals of Saudi Medicine;5
-;Qualitative Research;5
-;Digestive Diseases;5
-;European Journal of Protistology;5
-;Journal of Community Health;5
-;Journal of International Trade & Economic Development;5
-;Journal of Critical Care;5
-;Greenhouse Gases-Science and Technology;5
-;Ecotoxicology;5
-;Applied Psychophysiology and Biofeedback;5
-;Active Learning in Higher Education;5
-;SIAM-ASA Journal on Uncertainty Quantification;5
-;Regional Anesthesia and Pain Medicine;5
-;Drug and Alcohol Review;5
-;American Journal of Drug and Alcohol Abuse;5
-;Journal of Intensive Care Medicine;5
-;Pharmacogenomics Journal;5
-;European Journal of Clinical Microbiology & Infectious Diseases;5
-;Journal of African Earth Sciences;5
-;Computational Optimization and Applications;5
-;Journal of Phonetics;5
-;Biological Research for Nursing;5
-;Theoretical and Computational Fluid Dynamics;5
-;ACS Medicinal Chemistry Letters;5
-;European Journal of Cancer;5
-;Blood Pressure;5
-;Journal of Integrated Pest Management;5
-;Acupuncture in Medicine;5
-;Journal of Gastrointestinal Surgery;5
-;International Journal of Sports Marketing & Sponsorship;5
-;Journal of Black Psychology;5
-;Electoral Studies;5
-;IEEE Transactions on Terahertz Science and Technology;5
-;Journal of Basic Microbiology;5
-;World Journal of Diabetes;5
-;Aggressive Behavior;5
-;Hormones-International Journal of Endocrinology and Metabolism;5
-;Machine Learning;5
-;Systems Biology in Reproductive Medicine;5
-;Cancer Genomics & Proteomics;5
-;Journal of Speech Language and Hearing Research;5
-;Journal of Signal Processing Systems for Signal Image and Video Technology;5
-;Journal of Gastroenterology and Hepatology;5
-;Mathematical Finance;5
-;European Journal of Teacher Education;5
-;Journal of Agrarian Change;5
-;Annals of Probability;5
-;Biostatistics;5
-;iForest-Biogeosciences and Forestry;5
-;European Journal on Criminal Policy and Research;5
-;Journal of Environmental Science and Health Part A-Toxic/Hazardous Substances & Environmental Engineering;5
-;Surgical Oncology-Oxford;5
-;Journal of Head Trauma Rehabilitation;5
-;Journal of Metamorphic Geology;5
-;Nutrition Research and Practice;5
-;Journal of Interpersonal Violence;5
-;Professional Development in Education;5
-;Canadian Association of Radiologists Journal-Journal de l'Association Canadienne des Radiologistes;5
-;Research in Science & Technological Education;5
-;Obesity Surgery;5
-;BMC Nephrology;5
-;Bioorganic & Medicinal Chemistry Letters;5
-;Physiological Research;5
-;International Journal of High Performance Computing Applications;5
-;Lithosphere;5
-;Journal of Literacy Research;5
-;Journal of Librarianship and Information Science;5
-;Genes & Genomics;5
-;Seminars in Ultrasound Ct and Mri;5
-;Journal of Biological Physics;5
-;Bioscience of Microbiota Food and Health;5
-;Journal of Sports Sciences;5
-;International Journal of Interactive Multimedia and Artificial Intelligence;5
-;Limnologica;5
-;Child Neuropsychology;5
-;Supportive Care in Cancer;5
-;Beilstein Journal of Nanotechnology;5
-;Russian Journal of Physical Chemistry B;5
-;Psychopathology;5
-;Zeitschrift fuer Physikalische Chemie-International Journal of Research in Physical Chemistry & Chemical Physics;5
-;Cladistics;5
-;Journal of Pediatric Nursing-Nursing Care of Children & Families;5
-;International Journal of Engine Research;5
-;Journal of Quantitative Criminology;5
-;Pediatric Nephrology;5
-;Journal of Propulsion and Power;5
-;Mechanics Research Communications;5
-;Surface Engineering;5
-;Research Papers in Education;5
-;Bulletin of the World Health Organization;5
-;Journal of Theoretical Biology;5
-;Housing Studies;5
-;International Journal of Medical Robotics and Computer Assisted Surgery;5
-;Transport;5
-;Journal of Interprofessional Care;5
-;Biotechnology Letters;5
-;Welding in the World;5
-;International Journal of Social Research Methodology;5
-;Journal of Education Policy;5
-;International Journal of Dairy Technology;5
-;Journal of the Brazilian Society of Mechanical Sciences and Engineering;5
-;Photochemical & Photobiological Sciences;5
-;Sexual Development;5
-;Sport Education and Society;5
-;Semiconductor Science and Technology;5
-;Socio-Economic Review;5
-;Future Oncology;5
-;Swiss Journal of Geosciences;5
-;International Journal of Cosmetic Science;5
-;Applied Linguistics;5
-;Water Policy;5
-;EURASIP Journal on Audio Speech and Music Processing;5
-;Animal Genetics;5
-;Computational Intelligence and Neuroscience;5
-;Gastroenterology Research and Practice;5
-;School Psychology International;5
-;Journal of Heredity;5
-;Journal of Heterocyclic Chemistry;5
-;Psychology and Psychotherapy-Theory Research and Practice;5
-;Canadian Journal of Forest Research;5
-;Journal of Regional Science;5
-;Journal of Clinical Pharmacy and Therapeutics;5
-;Journal of Maternal-Fetal & Neonatal Medicine;5
-;Coloration Technology;5
-;Bulletin of Mathematical Sciences;5
-;Financial Management;5
-;Third World Quarterly;5
-;Journal of Invertebrate Pathology;5
-;AIDS;5
-;Journal of Environmental Radioactivity;5
-;Human Pathology;5
-;Journal of Systematic Palaeontology;5
-;Thinking & Reasoning;5
-;Journal of Soil and Water Conservation;5
-;Race Ethnicity and Education;5
-;Prostate;5
-;Journal of Environmental Quality;5
-;Local Environment;5
-;Planning Theory;5
-;ACM Transactions on Mathematical Software;5
-;Acta Biochimica et Biophysica Sinica;5
-;Citizenship Studies;5
-;Journal of Social Policy;5
-;Comptes Rendus Physique;5
-;JAMA-Journal of the American Medical Association;5
-;Population and Development Review;5
-;Chinese Physics C;5
-;Virology;5
-;Publications of the Astronomical Society of Japan;5
-;Journal of Meteorological Research;5
-;Bulletin of Environmental Contamination and Toxicology;5
-;International Journal of Science Education;5
-;Open Chemistry;5
-;Current Gene Therapy;5
-;Open Physics;5
-;Proceedings of the Institution of Mechanical Engineers Part E-Journal of Process Mechanical Engineering;5
-;Eye;5
-;Games and Culture;5
-;Journal of Oral Rehabilitation;5
-;Current Neurovascular Research;5
-;Clinical and Experimental Pharmacology and Physiology;5
-;Vocations and Learning;5
-;Quarterly Journal of the Royal Meteorological Society;5
-;Materials Today Communications;5
-;Journal of Archaeological Science;5
-;Catalysis Letters;5
-;European Journal of Gastroenterology & Hepatology;5
-;Journal of Korean Medical Science;5
-;Behavioral Sciences;5
-;International Review for the Sociology of Sport;5
-;Canadian Journal of Microbiology;5
-;Journal of Applied Animal Research;5
-;IEEE Vehicular Technology Magazine;5
-;Synthese;5
-;Energy Sources Part A-Recovery Utilization and Environmental Effects;5
-;Synthetic Communications;5
-;Canadian Journal of Physiology and Pharmacology;5
-;Environment and Planning B-Urban Analytics and City Science;5
-;European Journal of Psychological Assessment;5
-;International Health;5
-;Archaeological and Anthropological Sciences;5
-;Canadian Journal of Soil Science;5
-;Journal of Gastrointestinal Oncology;5
-;Journal of Essential Oil Bearing Plants;5
-;Canadian Mineralogist;5
-;ChemPhotoChem;5
-;Neuroscience;5
-;International Journal of Mental Health and Addiction;5
-;Systems;5
-;Arctic Science;5
-;NMR in Biomedicine;5
-;Journal of Patient Safety;5
-;Journal of Human Nutrition and Dietetics;5
-;Symbiosis;5
-;Journal of Contingencies and Crisis Management;5
-;American Journal of Mens Health;5
-;Measurement Science and Technology;5
-;Theory Into Practice;5
-;Thermal Science and Engineering Progress;5
-;International Journal of Machine Learning and Cybernetics;5
-;Boundary-Layer Meteorology;5
-;Sexuality Research and Social Policy;5
-;Journal of Clinical Anesthesia;5
-;Cardiovascular Engineering and Technology;5
-;Learned Publishing;5
-;British Journal for the Philosophy of Science;5
-;Behavioral Ecology and Sociobiology;5
-;Security Dialogue;5
-;Journal of Electrochemical Science and Technology;5
-;Landscape and Ecological Engineering;5
-;Contemporary Clinical Trials;5
-;Livestock Science;5
-;ChemMedChem;5
-;Review of Palaeobotany and Palynology;5
-;Estuaries and Coasts;5
-;Forensic Toxicology;5
-;Applied Research in Quality of Life;5
-;European Journal of Neuroscience;5
-;Frontiers of Materials Science;5
-;Heat and Mass Transfer;5
-;British Journal of Nutrition;5
-;Journal of the Association of Environmental and Resource Economists;5
-;Journal of Plant Diseases and Protection;5
-;Histochemistry and Cell Biology;5
-;Electrical Engineering;5
-;Global Ecology and Conservation;5
-;ACM Transactions on Storage;5
-;Brodogradnja;5
-;Journal of Systems Engineering and Electronics;5
-;SIAM Journal on Optimization;5
-;Journal of Occupational Rehabilitation;5
-;Genes Chromosomes & Cancer;5
-;Cretaceous Research;5
-;Photochemistry and Photobiology;5
-;Current Psychology;5
-;Meteorology and Atmospheric Physics;5
-;Journal of Adolescent Health;5
-;In Vitro Cellular & Developmental Biology-Plant;5
-;Prenatal Diagnosis;5
-;Nonprofit Management & Leadership;5
-;Political Studies;5
-;Politics & Society;5
-;Seminars in Pediatric Surgery;5
-;Animal Biotechnology;5
-;Social Psychology Quarterly;5
-;Journal of Glaucoma;5
-;Political Behavior;5
-;Journal of Assisted Reproduction and Genetics;5
-;Journal of Electromyography and Kinesiology;5
-;Information Systems Management;5
-;Journal of Business and Technical Communication;5
-;Journal of Housing Economics;5
-;Anales de Psicologia;5
-;Journal of Neuroimaging;5
-;Public Opinion Quarterly;5
-;Journal of Business-To-Business Marketing;5
-;Journal of Applied Developmental Psychology;5
-;Journal of Stroke & Cerebrovascular Diseases;5
-;Self and Identity;5
-;Erwerbs-Obstbau;5
-;Journal of Biological Chemistry;5
-;Luminescence;5
-;International Journal of General Medicine;5
-;Cartography and Geographic Information Science;5
-;Society & Natural Resources;5
-;Cryogenics;5
-;Journal of Mammalian Evolution;5
-;Agronomy Journal;5
-;International Journal of Environmental Research;5
-;Journal of Strength and Conditioning Research;5
-;Annals of Physics;5
-;Journal of Macromolecular Science Part A-Pure and Applied Chemistry;5
-;Aerobiologia;5
-;Journal of Chemical and Engineering Data;5
-;International Journal of Social Psychiatry;5
-;Immunology and Allergy Clinics of North America;5
-;International Journal of Systems Science;5
-;Journal of the American Society of Echocardiography;5
-;Hematology-Oncology Clinics of North America;5
-;Cognitive Systems Research;5
-;Healthcare-The Journal of Delivery Science and Innovation;5
-;Journal of Clinical Neurology;5
-;European Journal of General Practice;5
-;Astronomy and Computing;5
-;AI EDAM-Artificial Intelligence for Engineering Design Analysis and Manufacturing;5
-;Graefes Archive for Clinical and Experimental Ophthalmology;5
-;International Review of Administrative Sciences;5
-;Journal of Traumatic Stress;5
-;Computational Particle Mechanics;5
-;Italian Journal of Agronomy;5
-;Current Protein & Peptide Science;5
-;Chemistry and Physics of Lipids;5
-;Seismological Research Letters;5
-;Journal of Eukaryotic Microbiology;5
-;Geografiska Annaler Series B-Human Geography;5
-;Computer Applications in Engineering Education;5
-;Journal of Sport & Exercise Psychology;5
-;Journal of the American Geriatrics Society;5
-;Journal of Orthopaedic Trauma;5
-;Journal of Communication Disorders;5
-;Stress and Health;5
-;Anxiety Stress and Coping;5
-;Child Psychiatry & Human Development;5
-;Aging Neuropsychology and Cognition;5
-;American Journal of Cardiology;5
-;Clinical Trials;5
-;Wound Repair and Regeneration;5
-;Journal of Conflict Resolution;5
-;Epilepsy & Behavior;5
-;Theoretical and Experimental Plant Physiology;5
-;ASTIN Bulletin-The Journal of the International Actuarial Association;5
-;Journal of Adult Development;5
-;Current Opinion in Nephrology and Hypertension;5
-;Inhalation Toxicology;5
-;New Astronomy;5
-;International Journal of Sport Nutrition and Exercise Metabolism;5
-;Clinical Biochemistry;5
-;Geoinformatica;5
-;Journal of Interventional Cardiology;5
-;ETRI Journal;5
-;Spanish Journal of Psychology;5
-;Tropical Ecology;5
-;Mechanics of Time-Dependent Materials;5
-;International Journal of Analytical Chemistry;5
-;Current Organic Chemistry;5
-;Korea-Australia Rheology Journal;5
-;Advances in Meteorology;5
-;Journal of Hydrology-Regional Studies;5
-;ChemNanoMat;5
-;Journal of Advertising Research;5
-;Chronic Illness;5
-;Cross-Cultural Research;5
-;Clinical Hemorheology and Microcirculation;5
-;Computational and Theoretical Chemistry;5
-;Educational and Psychological Measurement;5
-;Journal of Performance of Constructed Facilities;5
-;Extractive Industries and Society-An International Journal;5
-;Aging Male;5
-;Experimental Economics;5
-;AIDS Research and Therapy;5
-;Medicina Oral Patologia Oral y Cirugia Bucal;5
-;Injury-International Journal of the Care of the Injured;5
-;Comparative Politics;5
-;Journal of Herbal Medicine;5
-;Drugs in R&D;5
-;Canadian Journal of Remote Sensing;5
-;Biocontrol;5
-;Atmosphere-Ocean;5
-;Hepatology Research;5
-;Canadian Journal of Fisheries and Aquatic Sciences;5
-;Chemical Senses;5
-;Profesional de la Informacion;5
-;Polish Journal of Food and Nutrition Sciences;5
-;Psychology of Addictive Behaviors;5
-;Medicine Health Care and Philosophy;5
-;Anaesthesia;5
-;Best Practice & Research Clinical Haematology;5
-;General Relativity and Gravitation;5
-;Auris Nasus Larynx;5
-;Experimental and Clinical Psychopharmacology;5
-;Asian Journal of Organic Chemistry;5
-;Journal of Multidisciplinary Healthcare;5
-;Animal Behaviour;5
-;Current Genetics;5
-;Current Opinion in Obstetrics & Gynecology;5
-;Transportation Research Record;5
-;Current Opinion in Oncology;5
-;Journal of Geographical Systems;5
-;Holzforschung;5
-;Early Education and Development;5
-;Hormone and Metabolic Research;5
-;Soil Science Society of America Journal;5
-;Demographic Research;5
-;Epilepsia Open;5
-;European Biophysics Journal With Biophysics Letters;5
-;Housing Theory & Society;5
-;Cancer Control;5
-;Journal of Transportation Engineering Part B-Pavements;5
-;Environmental Conservation;5
-;International Journal of Earth Sciences;5
-;Journal of International Relations and Development;5
-;Phytobiomes Journal;5
-;Advanced Engineering Materials;5
-;Journal of Cardiovascular Translational Research;5
-;Engineering Studies;5
-;IISE Transactions;5
-;Journal of Cardiovascular Pharmacology and Therapeutics;5
-;Journal of Addiction Medicine;5
-;Environmental Modeling & Assessment;5
-;SIAM Journal on Control and Optimization;5
-;Neurobiology of Learning and Memory;5
-;Journal of Family Nursing;5
-;European Journal of Applied Physiology;5
-;Australasian Emergency Care;5
-;Computational Statistics & Data Analysis;5
-;Applied Animal Behaviour Science;5
-;Annals of Gastroenterological Surgery;5
-;Wave Motion;5
-;IEEE Transactions on Games;5
-;Geological Magazine;5
-;Current Microbiology;5
-;Waste and Biomass Valorization;5
-;Experimental and Applied Acarology;5
-;Drug Development and Industrial Pharmacy;5
-;Jfr-Journal of Family Research;5
-;Cognitive Science;5
-;Complexity;5
-;Advanced Theory and Simulations;5
-;Australian Journal of Political Science;5
-;Environment and Planning E-Nature and Space;5
-;Rangeland Journal;5
-;Nutrition & Dietetics;5
-;International Journal of Finance & Economics;5
-;Asia Pacific Journal of Human Resources;5
-;Molecular Omics;5
-;Electroanalysis;5
-;Environmental Chemistry;5
-;Growth and Change;5
-;Chemical Papers;5
-;Tribology Transactions;5
-;Experimental and Molecular Pathology;5
-;Fitoterapia;5
-;Molecular Reproduction and Development;5
-;Perspectives in Plant Ecology Evolution and Systematics;5
-;Earth Planets and Space;5
-;Surfaces and Interfaces;5
-;Experimental Mechanics;5
-;Advances in Rheumatology;5
-;Journal of Vibration Engineering & Technologies;5
-;Neuroimmunomodulation;5
-;Journal of Medicine and Philosophy;5
-;Family Process;5
-;Sexual Abuse-A Journal of Research and Treatment;5
-;Biochimica et Biophysica Acta-Proteins and Proteomics;5
-;Dental Materials Journal;5
-;KONA Powder and Particle Journal;5
-;Kaohsiung Journal of Medical Sciences;5
-;Annales de l'Institut Henri Poincare-Analyse Non Lineaire;5
-;Motivation and Emotion;5
-;Science Technology & Human Values;5
-;Current Problems in Cancer;5
-;Journal of Autism and Developmental Disorders;5
-;Structure and Infrastructure Engineering;5
-;Political Psychology;5
-;Medicinal Chemistry;5
-;Journal of Molecular Modeling;5
-;Current Nanoscience;5
-;Multidiscipline Modeling in Materials and Structures;5
-;American Review of Public Administration;5
-;Comparative Immunology Microbiology and Infectious Diseases;5
-;Cancer Biomarkers;5
-;Infant Behavior & Development;5
-;Microelectronics Reliability;5
-;Korean Journal of Parasitology;5
-;Current Stem Cell Research & Therapy;5
-;Plasma Processes and Polymers;5
-;Upsala Journal of Medical Sciences;5
-;Geomicrobiology Journal;5
-;Journal of Fusion Energy;5
-;Chemical Physics;5
-;Journal of Thermal Stresses;5
-;Foundations of Computational Mathematics;5
-;Allergologia et Immunopathologia;5
-;Journal of Food Safety;5
-;Journal of Wood Chemistry and Technology;5
-;Wetlands;5
-;Auditing-A Journal of Practice & Theory;5
-;Energy Exploration & Exploitation;5
-;Ultrasound in Medicine and Biology;5
-;Mycologia;5
-;Photonics and Nanostructures-Fundamentals and Applications;5
-;Journal of the Operational Research Society;5
-;Journal of Accounting and Public Policy;5
-;Developmental and Comparative Immunology;5
-;Aerosol Science and Technology;5
-;Journal of the Royal Society of New Zealand;5
-;Journal of Psychoactive Drugs;5
-;QME-Quantitative Marketing and Economics;5
-;Mathematical Programming;5
-;Seminars in Perinatology;5
-;Journal of Clinical and Translational Hepatology;5
-;Vascular Pharmacology;5
-;Chiropractic & Manual Therapies;5
-;Environmental Communication-A Journal of Nature and Culture;5
-;Ecology and Evolution;5
-;Computational & Applied Mathematics;5
-;Insect Conservation and Diversity;5
-;Reading and Writing;5
-;Mathematics;5
-;European Journal of Haematology;5
-;Toxicology Mechanisms and Methods;5
-;Journal of Vacuum Science & Technology A;5
-;Children-Basel;5
-;Environmental Health and Preventive Medicine;5
-;International Theory;5
-;Journal of Economic Policy Reform;5
-;Pediatric Allergy and Immunology;5
-;Materials Research Express;5
-;International Journal of Applied Ceramic Technology;5
-;Journal of Business & Economic Statistics;5
-;Journal of Contemporary Accounting & Economics;5
-;Stem Cells and Development;5
-;Avian Research;5
-;Annals of Thoracic Medicine;5
-;Journal of Management Analytics;5
-;Informatics for Health & Social Care;5
-;Journal of Immunotoxicology;5
-;Environmental Microbiology Reports;5
-;Lymphatic Research and Biology;5
-;Journal of Clinical Biochemistry and Nutrition;5
-;Italian Journal of Pediatrics;5
-;Journal of Perinatology;5
-;Journal of Orthopaedic Research;5
-;Emerging Markets Finance and Trade;5
-;Trials;5
-;Pain Physician;5
-;Immunotherapy;5
-;International Journal of Injury Control and Safety Promotion;5
-;Nature Conservation-Bulgaria;5
-;Chinese Journal of International Politics;5
-;Psychiatry Research-Neuroimaging;5
-;International Journal of Applied Glass Science;5
-;Regenerative Medicine;5
-;Future Microbiology;5
-;Thoracic Cancer;5
-;Diagnostic Pathology;5
-;IMF Economic Review;5
-;Analytical Methods;5
-;Frontiers in Surgery;5
-;BMC Veterinary Research;5
-;Journal of Guidance Control and Dynamics;5
-;Foodborne Pathogens and Disease;5
-;International Journal of Educational Development;5
-;Computers & Mathematics With Applications;5
-;Organization;5
-;Journal of Comparative Effectiveness Research;5
-;Expert Review of Hematology;5
-;Molecular Cancer Therapeutics;5
-;Journal of Experimental Psychopathology;5
-;Linguistics and Education;5
-;SIAM Journal on Applied Dynamical Systems;5
-;International Transactions on Electrical Energy Systems;5
-;Accountability in Research-Policies and Quality Assurance;5
-;Somatosensory and Motor Research;5
-;Journal of Family Theory & Review;5
-;Natural Language Engineering;5
-;Clinical Imaging;5
-;Journal of Innovative Optical Health Sciences;5
-;Haemophilia;5
-;Journal of Insect Science;5
-;Surface Topography-Metrology and Properties;5
-;Journal of Energy Engineering;5
-;Journal of Transportation Safety & Security;5
-;Trees-Structure and Function;5
-;Quality and Reliability Engineering International;5
-;International Journal of Bifurcation and Chaos;5
-;International Journal of Educational Research;5
-;Focus on Autism and Other Developmental Disabilities;5
-;Virchows Archiv;5
-;Parasitology Research;5
-;Homicide Studies;5
-;International Public Management Journal;5
-;Seminars in Oncology Nursing;5
-;ChemPlusChem;5
-;International Journal of Health Planning and Management;5
-;Clinics in Orthopedic Surgery;5
-;International Journal of Structural Stability and Dynamics;5
-;Korean Journal of Orthodontics;5
-;Archives of Psychiatric Nursing;5
-;Korean Journal of Anesthesiology;5
-;Journal of Consumer Culture;5
-;Journal of Cryptology;5
-;Health Education & Behavior;5
-;Data Base for Advances in Information Systems;5
-;Prostaglandins & Other Lipid Mediators;5
-;European Journal of Paediatric Neurology;5
-;Clinical Rheumatology;5
-;DARU-Journal of Pharmaceutical Sciences;5
-;American Journal of Public Health;5
-;Journal of General Internal Medicine;5
-;Anti-Cancer Drugs;5
-;Journal of Gene Medicine;5
-;Administration & Society;5
-;Journal of Sandwich Structures & Materials;5
-;Cognitive Development;5
-;Aesthetic Surgery Journal;5
-;European Journal of Industrial Relations;5
-;Continuum Mechanics and Thermodynamics;5
-;Cultural Diversity & Ethnic Minority Psychology;5
-;Environmental Politics;5
-;Polymer International;5
-;Applications in Plant Sciences;5
-;Journal of Applied Geophysics;5
-;Weather Climate and Society;5
-;Clinical Autonomic Research;5
-;Accounting and Finance;5
-;IEEE Transactions on Components Packaging and Manufacturing Technology;5
-;Physiological and Molecular Plant Pathology;5
-;Leisure Studies;5
-;Journal of Evolutionary Economics;5
-;Journalism;5
-;Composite Interfaces;5
-;Journal of Experimental Psychology-General;5
-;Journal of Scientific Computing;5
-;Seed Science Research;5
-;International Journal of Legal Medicine;5
-;JAMA Ophthalmology;5
-;American Journal of Community Psychology;5
-;International Journal of Material Forming;5
-;Laser and Particle Beams;5
-;European Journal of Environmental and Civil Engineering;5
-;Journal of Palliative Care;5
-;Journal of Nonlinear Science;5
-;BMC Cardiovascular Disorders;5
-;Mammalian Genome;5
-;Zeitschrift fuer medizinische Physik;5
-;International Journal of Aging & Human Development;5
-;BMC Medical Imaging;5
-;Evolutionary Biology;5
-;Sports Health-A Multidisciplinary Approach;5
-;CrystEngComm;5
-;European Journal of Plant Pathology;5
-;Cell Biochemistry and Function;5
-;Circulation-Cardiovascular Imaging;5
-;BMC Pediatrics;5
-;Journal of Materials Science-Materials in Electronics;5
-;Politics and Governance;5
-;Health Promotion International;5
-;Lupus;5
-;Adsorption-Journal of the International Adsorption Society;5
-;Drug Testing and Analysis;5
-;European Journal of Cancer Care;5
-;Physiological Genomics;5
-;Journal of Educational Administration;5
-;Bulletin of Mathematical Biology;5
-;European Journal of Development Research;5
-;Journal of Dental Sciences;5
-;Theory and Research in Social Education;5
-;JASSS-The Journal of Artificial Societies and Social Simulation;5
-;Comparative Biochemistry and Physiology A-Molecular & Integrative Physiology;5
-;Modern Physics Letters B;5
-;Journal of the Air & Waste Management Association;5
-;Research Evaluation;5
-;Sex Education-Sexuality Society and Learning;5
-;Expert Opinion on Drug Safety;5
-;Journal of Molecular Evolution;5
-;Social Movement Studies;5
-;Cost Effectiveness and Resource Allocation;5
-;Proceedings of the Royal Society A-Mathematical Physical and Engineering Sciences;5
-;Journal of Neurology Neurosurgery and Psychiatry;5
-;Food Science and Technology;5
-;Expert Review of Proteomics;5
-;Worlds Poultry Science Journal;5
-;Globalizations;5
-;Transportation;5
-;Journal of Experimental Biology;5
-;Journal of Experimental Child Psychology;5
-;Journal of Experimental Marine Biology and Ecology;5
-;Surgeon-Journal of the Royal Colleges of Surgeons of Edinburgh and Ireland;5
-;Journal of Pediatric Surgery;5
-;Neonatology;5
-;Clinical Child Psychology and Psychiatry;5
-;British Journal of Health Psychology;5
-;Brazilian Journal of Chemical Engineering;5
-;Journal of Insect Conservation;5
-;Journal of Phycology;5
-;Applied Psycholinguistics;5
-;Technology Pedagogy and Education;5
-;Contact Lens & Anterior Eye;5
-;BMC Surgery;5
-;EURASIP Journal on Advances in Signal Processing;5
-;Journal of Personality Assessment;5
-;Journal of Psychosomatic Research;5
-;Alimentary Pharmacology & Therapeutics;5
-;Fuel Cells;5
-;Journal of Quantitative Spectroscopy & Radiative Transfer;5
-;Alpine Botany;5
-;Journal of Higher Education Policy and Management;5
-;Journal of Multilingual and Multicultural Development;5
-;Evolutionary Ecology;5
-;Cardiovascular Ultrasound;5
-;Managerial and Decision Economics;5
-;Molecular Genetics and Genomics;5
-;Reproductive Biomedicine Online;5
-;Oral Diseases;5
-;Systematics and Biodiversity;5
-;Journal of Law & Economics;5
-;Chinese Optics Letters;5
-;European Financial Management;5
-;Journal of Criminal Justice;5
-;Acta Physiologiae Plantarum;5
-;China Foundry;5
-;Tuberculosis;5
-;Journal of Neurovirology;5
-;Journal of Cosmetic Dermatology;5
-;Insect Science;5
-;Thrombosis Journal;5
-;Spinal Cord;5
-;Journal of Medical Entomology;5
-;Journal of Medical Microbiology;5
-;Journal of Fish Diseases;5
-;Expert Review of Anticancer Therapy;5
-;Journal of Earthquake Engineering;5
-;Food Webs;5
-;Archives of Virology;5
-;Micron;5
-;Journal of Physics G-Nuclear and Particle Physics;5
-;Cambridge Journal of Economics;5
-;Current Molecular Medicine;5
-;Proceedings of the Institution of Mechanical Engineers Part B-Journal of Engineering Manufacture;5
-;Journal of Advanced Nursing;5
-;Applied Spatial Analysis and Policy;5
-;Proceedings of the Institution of Mechanical Engineers Part F-Journal of Rail and Rapid Transit;5
-;Endangered Species Research;5
-;Steroids;5
-;Assessment in Education-Principles Policy & Practice;5
-;Current Alzheimer Research;5
-;Journal of Space Weather and Space Climate;5
-;Symmetry-Basel;5
-;Australian Geographer;5
-;Journal of Insects As Food and Feed;5
-;Educational Assessment Evaluation and Accountability;5
-;Journal of Pharmacokinetics and Pharmacodynamics;5
-;Respiratory Medicine;5
-;European Journal of Trauma and Emergency Surgery;5
-;Australian Educational Researcher;5
-;Burns;5
-;Child Indicators Research;5
-;Aquaculture Reports;5
-;Oxford Review of Education;5
-;European Urban and Regional Studies;5
-;Current Cancer Drug Targets;5
-;Studies in Family Planning;5
-;Actuators;5
-;Surface Science;5
-;ELT Journal;5
-;Memetic Computing;5
-;Pacific Review;5
-;Gynecological Endocrinology;5
-;International Journal of Radiation Biology;5
-;Scandinavian Journal of Gastroenterology;5
-;Journal of Animal Science and Technology;5
-;Journal of Infrared Millimeter and Terahertz Waves;5
-;Biochemical and Biophysical Research Communications;5
-;Advanced Therapeutics;5
-;Sugar Tech;5
-;Japanese Journal of Radiology;5
-;Geometric and Functional Analysis;5
-;Environment and Urbanization;5
-;Journal of Neurologic Physical Therapy;5
-;Governance-An International Journal of Policy Administration and Institutions;5
-;Psychoneuroendocrinology;5
-;Mathematical Programming Computation;5
-;Textile Research Journal;5
-;Fishes;5
-;Journal of Molecular Recognition;5
-;Molecular Informatics;5
-;Journal of Ophthalmology;5
-;Journal of the International Society of Sports Nutrition;5
-;International Journal of Environmental Analytical Chemistry;5
-;Simulation-Transactions of the Society for Modeling and Simulation International;5
-;Current Opinion in Anesthesiology;5
-;Clinical Genitourinary Cancer;5
-;Journal of Experimental & Theoretical Artificial Intelligence;5
-;Applied Clinical Informatics;5
-;Neurophysiologie Clinique-Clinical Neurophysiology;5
-;Journal of Vestibular Research-Equilibrium & Orientation;5
-;JACC-Basic to Translational Science;5
-;ACM Transactions on Asian and Low-Resource Language Information Processing;5
-;European Journal of Phycology;5
-;Deep-Sea Research Part I-Oceanographic Research Papers;5
-;Biomedical Engineering Letters;5
-;Beilstein Journal of Organic Chemistry;5
-;European Journal of Control;5
-;ASCE-ASME Journal of Risk and Uncertainty in Engineering Systems Part A-Civil Engineering;5
-;Avian Pathology;5
-;Sociological Review;5
-;Empirica;5
-;Cultural Studies of Science Education;5
-;British Journal of Haematology;5
-;Technology Analysis & Strategic Management;5
-;Sociology-The Journal of the British Sociological Association;5
-;Archives of Pathology & Laboratory Medicine;5
-;Intelligent Service Robotics;5
-;Chemistry-An Asian Journal;5
-;Journal of Marine Science and Technology;5
-;High Performance Polymers;5
-;Solar Physics;5
-;Journal of Flow Chemistry;5
-;Aquaculture International;5
-;Recent Patents on Nanotechnology;5
-;Solid State Communications;5
-;Geosphere;5
-;Knee;5
-;Reading Research Quarterly;5
-;Consciousness and Cognition;5
-;Journal of Nondestructive Evaluation;5
-;American Journal of Otolaryngology;5
-;Journal of Early Intervention;5
-;Medicinal Chemistry Research;5
-;Plant Pathology;5
-;Geriatric Nursing;5
-;Plastic and Reconstructive Surgery;5
-;Journal of Advanced Transportation;5
-;Cryptogamie Algologie;5
-;Ophthalmic Research;5
-;Optics Communications;5
-;Journal of Solar Energy Engineering-Transactions of the Asme;5
-;Population Studies-A Journal of Demography;5
-;Womens Health Issues;5
-;Postgraduate Medicine;5
-;Experimental Lung Research;5
-;Children and Youth Services Review;5
-;Journal of Microelectromechanical Systems;5
-;Health Economics;5
-;Annals of Applied Probability;5
-;Journal of Family and Economic Issues;5
-;Parasitology;5
-;Psychometrika;5
-;Hippocampus;5
-;Psychosomatic Medicine;5
-;Psychotherapy;5
-;Public Health Reports;5
-;Pharmacology;5
-;Physiological and Biochemical Zoology;5
-;Journal of the American Mathematical Society;5
-;Health Policy and Technology;5
-;Ergonomics;5
-;Mathematical and Computer Modelling of Dynamical Systems;5
-;Clinical Cosmetic and Investigational Dermatology;5
-;Journal of Biochemistry;5
-;International Journal of Civil Engineering;5
-;Haematologica;5
-;Journal of Pain Research;5
-;SPE Drilling & Completion;5
-;Career Development Quarterly;5
-;Photonic Network Communications;5
-;Global Public Health;5
-;Risk Management and Healthcare Policy;5
-;Annals of Pharmacotherapy;5
-;Annals of Thoracic Surgery;5
-;Archives of Suicide Research;5
-;European Physical Journal E;5
-;Journal of the Economics of Ageing;5
-;Journal of Maps;5
-;Journal of Clinical Hypertension;5
-;Current Drug Metabolism;5
-;Acta Mechanica Solida Sinica;5
-;Development and Change;5
-;Current Genomics;5
-;Journal of Neuropsychiatry and Clinical Neurosciences;5
-;Dendrochronologia;5
-;International Studies Quarterly;5
-;Developmental Biology;5
-;Geografiska Annaler Series A-Physical Geography;5
-;Restoration Ecology;5
-;International Journal for Parasitology-Parasites and Wildlife;5
-;Applied Spectroscopy;5
-;American Heart Journal;5
-;China Ocean Engineering;5
-;Journal of Comparative Neurology;5
-;Mobilities;5
-;Journal of Productivity Analysis;5
-;International Journal of Adaptive Control and Signal Processing;5
-;Maternal and Child Nutrition;5
-;Journal of Risk and Uncertainty;5
-;Mobile Networks & Applications;5
-;Acta Geodaetica et Geophysica;5
-;Journal of Rural Health;5
-;Journal of Child and Family Studies;5
-;Mutation Research-Genetic Toxicology and Environmental Mutagenesis;5
-;Injury Epidemiology;5
-;Israel Journal of Chemistry;5
-;Journal of Hydrometeorology;5
-;Parasitology International;5
-;American Journal of Epidemiology;5
-;Familial Cancer;5
-;Hepatobiliary & Pancreatic Diseases International;5
-;Journal of Applied Biomedicine;5
-;Journal of the American Medical Directors Association;5
-;Pain Medicine;5
-;Clays and Clay Minerals;5
-;Multibody System Dynamics;5
-;Evidence-Based Complementary and Alternative Medicine;5
-;Journal of Documentation;5
-;Journal de Mathematiques Pures et Appliquees;5
-;Journal of Sustainable Metallurgy;5
-;Journal of Economic Entomology;5
-;Annals of Regional Science;5
-;Journal of Adhesion;5
-;Journal of Emotional and Behavioral Disorders;5
-;Brazilian Journal of Microbiology;5
-;Comparative Migration Studies;5
-;Bulletin of the American Meteorological Society;5
-;Korean Journal of Internal Medicine;5
-;International Journal of Language & Communication Disorders;5
-;Journal de Mycologie Medicale;5
-;Operations Research Perspectives;5
-;Korean Journal of Physiology & Pharmacology;5
-;Communications on Pure and Applied Mathematics;5
-;Journal of Applied Research on Medicinal and Aromatic Plants;5
-;Learning Culture and Social Interaction;5
-;Educational Studies in Mathematics;5
-;European Journal of Drug Metabolism and Pharmacokinetics;5
-;Mass Communication and Society;5
-;Biofouling;5
-;Respiratory Care;5
-;Journal of Financial Markets;5
-;Basic & Clinical Pharmacology & Toxicology;5
-;Journal of Antibiotics;5
-;Quantum Electronics;5
-;Food and Nutrition Bulletin;5
-;Flow Turbulence and Combustion;5
-;Alzheimer Disease & Associated Disorders;5
-;Structural Equation Modeling-A Multidisciplinary Journal;5
-;Measurement & Control;5
-;Media Psychology;5
-;Translational Lung Cancer Research;5
-;Fibers and Polymers;5
-;British Journal of Politics & International Relations;5
-;Canadian Journal of Psychiatry-Revue Canadienne de Psychiatrie;5
-;IUBMB Life;5
-;Teacher Education and Special Education;5
-;Journal of Applied Physics;5
-;Advances in Structural Engineering;5
-;Expert Review of Medical Devices;5
-;Eating Disorders;5
-;Cooperation and Conflict;5
-;Administrative Science Quarterly;5
-;Journal of the Chinese Medical Association;5
-;Nondestructive Testing and Evaluation;5
-;Journal of the World Aquaculture Society;5
-;Journal of Medical Economics;5
-;Therapeutics and Clinical Risk Management;5
-;Fire Technology;5
-;European Addiction Research;5
-;Annals of the American Association of Geographers;5
-;Advances in Anatomic Pathology;5
-;Cognition Technology & Work;5
-;European Journal of Wood and Wood Products;5
-;Folia Microbiologica;5
-;Flexible Services and Manufacturing Journal;5
-;Plant Cell Tissue and Organ Culture;5
-;Health Communication;5
-;Traffic;5
-;Cardiovascular and Interventional Radiology;5
-;Systems & Control Letters;5
-;Journal of Electronic Materials;5
-;JOR Spine;5
-;Journal of Coastal Conservation;5
-;Psychology of Women Quarterly;5
-;Hydrobiologia;5
-;Shock;5
-;Competition & Change;5
-;Polymer-Plastics Technology and Materials;5
-;International Journal of Fracture;5
-;International Multilingual Research Journal;5
-;Journal of Laser Applications;5
-;Molecular Biotechnology;5
-;Mine Water and the Environment;5
-;Journal of Raman Spectroscopy;5
-;Spine;5
-;SIAM Journal on Mathematics of Data Science;5
-;Journal of Surgical Education;5
-;SLAS Technology;5
-;Cornell Hospitality Quarterly;5
-;Natural Resources Forum;5
-;International Journal of Sexual Health;5
-;Conservation Science and Practice;5
-;Wiley Interdisciplinary Reviews-Computational Statistics;5
-;Marine Micropaleontology;5
-;Journal of Refractive Surgery;5
-;Computational Geosciences;5
-;ChemBioChem;5
-;Integration-The VLSI Journal;5
-;Journal of Polymer Science;5
-;Organisms Diversity & Evolution;5
-;Human Movement Science;5
-;Modern Rheumatology;5
-;Head and Neck-Journal for the Sciences and Specialties of the Head and Neck;5
-;Geographical Journal;5
-;Science Communication;5
-;Physical Mesomechanics;5
-;OENO One;5
-;Indian Journal of Genetics and Plant Breeding;5
-;Clinical and Applied Thrombosis-Hemostasis;5
-;Journal of Information Science;5
-;Cancer Chemotherapy and Pharmacology;5
-;Economic and Labour Relations Review;5
-;Pharmaceutical Development and Technology;5
-;Australian Accounting Review;5
-;Archnet-IJAR International Journal of Architectural Research;5
-;Advanced Quantum Technologies;5
-;International Gambling Studies;5
-;RSC Medicinal Chemistry;5
-;African Development Review-Revue Africaine de Developpement;5
-;Trends in Organized Crime;5
-;Cell Adhesion & Migration;5
-;CALPHAD-Computer Coupling of Phase Diagrams and Thermochemistry;5
-;Journal of Artificial Intelligence Research;5
-;Government and Opposition;5
-;Archives of Agronomy and Soil Science;5
-;Assistive Technology;5
-;International Journal on Document Analysis and Recognition;5
-;Biotechnology Progress;5
-;Chinese Medical Journal;5
-;Medical Care Research and Review;5
-;Teaching and Learning in Medicine;5
-;Experimental Agriculture;5
-;Physica D-Nonlinear Phenomena;5
-;Flora;5
-;Psychological Assessment;5
-;Physics of Plasmas;5
-;Experimental Brain Research;5
-;Agroforestry Systems;5
-;Cancer Cytopathology;5
-;Journal of Physiological Sciences;5
-;Journal of Psychosomatic Obstetrics & Gynecology;5
-;European Journal of Organic Chemistry;5
-;Foot & Ankle International;5
-;Journal of Energy in Southern Africa;5
-;Communications in Partial Differential Equations;5
-;Journal of Science-Advanced Materials and Devices;5
-;Information Technology and Control;5
-;Advances in Medical Sciences;5
5460;Sexuality and Disability;4
-;Ultrasonic Imaging;4
-;New Zealand Journal of Geology and Geophysics;4
-;Mayo Clinic Proceedings;4
-;Medical Care;4
-;Nonlinear Processes in Geophysics;4
-;Protein Journal;4
-;Journal of Medical and Biological Engineering;4
-;Cognitive Therapy and Research;4
-;Digestive Diseases and Sciences;4
-;Nursing Outlook;4
-;Journal of Teaching in Physical Education;4
-;Paddy and Water Environment;4
-;Therapeutic Drug Monitoring;4
-;Retina-The Journal of Retinal and Vitreous Diseases;4
-;Laser Physics Letters;4
-;European Journal of Wildlife Research;4
-;IEEE Communications Magazine;4
-;Journal of Politeness Research-Language Behaviour Culture;4
-;Boreas;4
-;Mountain Research and Development;4
-;Qualitative Theory of Dynamical Systems;4
-;Infant Mental Health Journal;4
-;Veterinary Pathology;4
-;International Journal of Primatology;4
-;Vasa-European Journal of Vascular Medicine;4
-;Geotechnical Testing Journal;4
-;Economic and Industrial Democracy;4
-;Monatshefte fuer Chemie;4
-;Amfiteatru Economic;4
-;Monthly Weather Review;4
-;Policy Studies;4
-;Studies in Continuing Education;4
-;Biological Journal of the Linnean Society;4
-;Neurological Sciences;4
-;Journal of Economic Inequality;4
-;Artificial Organs;4
-;Journal of Computational Electronics;4
-;Family & Community Health;4
-;Magazine of Concrete Research;4
-;Respiratory Physiology & Neurobiology;4
-;Current Vascular Pharmacology;4
-;Journal of Applied Mathematics and Computing;4
-;Agrekon;4
-;Journal of Korean Neurosurgical Society;4
-;Neuroradiology;4
-;Mathematical Biosciences;4
-;Acta Neuropsychiatrica;4
-;Scandinavian Journal of Forest Research;4
-;Clinical Neurology and Neurosurgery;4
-;Games and Economic Behavior;4
-;Gastroenterology Report;4
-;Population Space and Place;4
-;Journal of Waterway Port Coastal and Ocean Engineering;4
-;Clinical Transplantation;4
-;Clinics;4
-;Microbiologyopen;4
-;Experimental Astronomy;4
-;Journal of Plastic Reconstructive and Aesthetic Surgery;4
-;Journal of Oral Pathology & Medicine;4
-;Brazilian Journal of Otorhinolaryngology;4
-;Decision Analysis;4
-;Molecular Genetics & Genomic Medicine;4
-;Journal of Survey Statistics and Methodology;4
-;Clinical and Experimental Nephrology;4
-;Aircraft Engineering and Aerospace Technology;4
-;Veterinary Medicine and Science;4
-;Biocontrol Science;4
-;Celestial Mechanics & Dynamical Astronomy;4
-;Iranian Journal of Science and Technology-Transactions of Mechanical Engineering;4
-;Journal of Psychosocial Oncology;4
-;Wetlands Ecology and Management;4
-;Computer Animation and Virtual Worlds;4
-;Research & Politics;4
-;Perspectives on Sexual and Reproductive Health;4
-;Ecology of Freshwater Fish;4
-;Agribusiness;4
-;Plant Production Science;4
-;Childhood-A Global Journal of Child Research;4
-;Xenotransplantation;4
-;Legal Medicine;4
-;Language Cognition and Neuroscience;4
-;Journal of Phase Equilibria and Diffusion;4
-;Botanica Serbica;4
-;Journal of Reconstructive Microsurgery;4
-;Ecological Research;4
-;Asia-Pacific Psychiatry;4
-;Updates in Surgery;4
-;Innovation in Language Learning and Teaching;4
-;Journal of American College Health;4
-;Behavioral Sleep Medicine;4
-;Journal of Healthcare Engineering;4
-;Metabolic Syndrome and Related Disorders;4
-;Clinical Colorectal Cancer;4
-;Biotechnology & Biotechnological Equipment;4
-;Chinese Management Studies;4
-;International Journal of Business Communication;4
-;International Journal for Numerical Methods in Biomedical Engineering;4
-;Mind Brain and Education;4
-;Biological & Pharmaceutical Bulletin;4
-;International Journal of Speech-Language Pathology;4
-;Journalism Practice;4
-;Political Science Research and Methods;4
-;Current Opinion in Supportive and Palliative Care;4
-;Limnology and Oceanography-Methods;4
-;River Research and Applications;4
-;Sexual Medicine;4
-;Marine and Freshwater Research;4
-;American Journal of Health Economics;4
-;Meteorological Applications;4
-;Child and Adolescent Social Work Journal;4
-;Journal of Reinforced Plastics and Composites;4
-;Emotion Space and Society;4
-;Clinics in Dermatology;4
-;Progress of Theoretical and Experimental Physics;4
-;Marine Resource Economics;4
-;Journal of Environmental Pathology Toxicology and Oncology;4
-;Clinical Psychologist;4
-;Early Intervention in Psychiatry;4
-;Social Neuroscience;4
-;Journal of Physics A-Mathematical and Theoretical;4
-;Journal on Multimodal User Interfaces;4
-;Bernoulli;4
-;Journal of Atmospheric and Oceanic Technology;4
-;Journal of Financial Services Research;4
-;Veterinary Sciences;4
-;Archives of Insect Biochemistry and Physiology;4
-;Journal of Physical Activity & Health;4
-;Journal of Water SAnitation and Hygiene for Development;4
-;Neurourology and Urodynamics;4
-;Journal of Orthopaedic Surgery;4
-;Chirality;4
-;Oncology Letters;4
-;IET Software;4
-;Environmental Hazards-Human and Policy Dimensions;4
-;Social and Personality Psychology Compass;4
-;Small Ruminant Research;4
-;Dermatologic Clinics;4
-;International Journal of Sports Science & Coaching;4
-;Basic and Clinical Andrology;4
-;International Communication Gazette;4
-;Fullerenes Nanotubes and Carbon Nanostructures;4
-;Journal of Applied Entomology;4
-;Clinics in Geriatric Medicine;4
-;Criminal Justice and Behavior;4
-;Journal of Medicinal Food;4
-;Palaios;4
-;Current Opinion in Urology;4
-;Applied Physics B-Lasers and Optics;4
-;Attachment & Human Development;4
-;IETE Technical Review;4
-;Environmental Values;4
-;Journal of Thoracic Imaging;4
-;Asia Pacific Journal of Social Work and Development;4
-;Rheumatology;4
-;Journal of Applied Econometrics;4
-;Global Spine Journal;4
-;Bird Conservation International;4
-;Journal of Surfactants and Detergents;4
-;International Journal of Hematology;4
-;Environmental Technology;4
-;Machine Vision and Applications;4
-;Disability and Rehabilitation;4
-;World Bank Economic Review;4
-;Journal of Social Archaeology;4
-;Primary Health Care Research and Development;4
-;In Vivo;4
-;Biopreservation and Biobanking;4
-;Nutrition in Clinical Practice;4
-;Prehospital Emergency Care;4
-;Journal of Mathematical Chemistry;4
-;Neuroreport;4
-;Solid State Nuclear Magnetic Resonance;4
-;Review of International Studies;4
-;Journal of Elastomers and Plastics;4
-;Journal of Photonics for Energy;4
-;International Journal of Auditing;4
-;Journal of Applied Toxicology;4
-;Research in Nondestructive Evaluation;4
-;Journal of Education for Teaching;4
-;World Journal of Gastrointestinal Oncology;4
-;Holocene;4
-;Amyotrophic Lateral Sclerosis and Frontotemporal Degeneration;4
-;BJU International;4
-;Journal of Porous Media;4
-;Distributed and Parallel Databases;4
-;European Journal of Cancer Prevention;4
-;Politics Philosophy & Economics;4
-;Memory & Cognition;4
-;Depression and Anxiety;4
-;Biotechnology and Applied Biochemistry;4
-;Human Fertility;4
-;Journal of Adolescent and Young Adult Oncology;4
-;Mediterranean Marine Science;4
-;Ocular Immunology and Inflammation;4
-;Journal of Pipeline Systems Engineering and Practice;4
-;Modelling and Simulation in Materials Science and Engineering;4
-;Planning Theory & Practice;4
-;Personality Disorders-Theory Research and Treatment;4
-;European Archives of Oto-Rhino-Laryngology;4
-;Agroecology and Sustainable Food Systems;4
-;International Agrophysics;4
-;Neuropsychological Rehabilitation;4
-;European Physical Journal-Special Topics;4
-;Journal of Family Violence;4
-;Systems Research and Behavioral Science;4
-;Maternal and Child Health Journal;4
-;Shock Waves;4
-;Journal of Chemical Ecology;4
-;Knowledge and Management of Aquatic Ecosystems;4
-;SAGE Open;4
-;European Journal of Histochemistry;4
-;Learning Disabilities Research & Practice;4
-;Language Awareness;4
-;International Journal of Paediatric Dentistry;4
-;Canadian Journal of Anesthesia-Journal Canadien d'Anesthesie;4
-;Current Issues in Language Planning;4
-;East European Politics;4
-;Journal of Renewable and Sustainable Energy;4
-;Zeitschrift fuer Naturforschung Section C-A Journal of Biosciences;4
-;Geological Journal;4
-;Vegetation History and Archaeobotany;4
-;Nursing Philosophy;4
-;Economics of Energy & Environmental Policy;4
-;BMC Ophthalmology;4
-;Psychology & Health;4
-;Memorias do Instituto Oswaldo Cruz;4
-;Journal of Homosexuality;4
-;Social Development;4
-;European Spine Journal;4
-;Cancer Causes & Control;4
-;Blood Purification;4
-;Journal of Clinical Densitometry;4
-;Journal of the Formosan Medical Association;4
-;Population Health Management;4
-;Immunological Investigations;4
-;Voluntas;4
-;Psychological Trauma-Theory Research Practice and Policy;4
-;Multimedia Systems;4
-;Journal of Psychopathology and Behavioral Assessment;4
-;Psychiatric Rehabilitation Journal;4
-;IEEE Embedded Systems Letters;4
-;Statistical Methods in Medical Research;4
-;Experimental Physiology;4
-;Nonlinear Analysis-Real World Applications;4
-;Journal of the Indian Society of Remote Sensing;4
-;Zoology;4
-;Corrosion Engineering Science and Technology;4
-;Research in Astronomy and Astrophysics;4
-;Information Visualization;4
-;Review of Development Economics;4
-;Current Zoology;4
-;Journal of Money Credit and Banking;4
-;Journal of Early Adolescence;4
-;International Journal of Strategic Property Management;4
-;Cognitive Behaviour Therapy;4
-;Brazilian Journal of Medical and Biological Research;4
-;Liquid Crystals;4
-;Journal of Neuropathology and Experimental Neurology;4
-;IMA Journal of Numerical Analysis;4
-;Clinical Biomechanics;4
-;International Journal of Multilingualism;4
-;Tropical Animal Health and Production;4
-;Skin Pharmacology and Physiology;4
-;Sociology of Health & Illness;4
-;Medical Teacher;4
-;International Journal of Crashworthiness;4
-;Transactions of the Institute of Measurement and Control;4
-;Journal of Fish Biology;4
-;Grass and Forage Science;4
-;Acta Neurobiologiae Experimentalis;4
-;Public Health Genomics;4
-;Journal of Physical Oceanography;4
-;Aphasiology;4
-;International Journal of Bilingual Education and Bilingualism;4
-;Journal of Plankton Research;4
-;BMC Urology;4
-;Journal of Public Health Dentistry;4
-;Biomedical Chromatography;4
-;Journal of Religion & Health;4
-;Swiss Journal of Palaeontology;4
-;Veterinary and Comparative Oncology;4
-;Tropical Medicine & International Health;4
-;Action Research;4
-;Asia Pacific Business Review;4
-;Knowledge Engineering Review;4
-;Brain Injury;4
-;Toxicon;4
-;Asia Pacific Viewpoint;4
-;Tobacco Induced Diseases;4
-;Lighting Research & Technology;4
-;Asian Journal of Communication;4
-;Inquiry-The Journal of Health Care Organization Provision and Financing;4
-;Odontology;4
-;European Journal of Criminology;4
-;Transactions in GIS;4
-;Psychology Health & Medicine;4
-;Journal of Fluids Engineering-Transactions of the Asme;4
-;Progress in Rubber Plastics and Recycling Technology;4
-;Journal of Spacecraft and Rockets;4
-;Journal of Futures Markets;4
-;Science & Justice;4
-;Journal of Surgical Oncology;4
-;Qualitative Social Work;4
-;Current Eye Research;4
-;Inverse Problems;4
-;Journal of the Atmospheric Sciences;4
-;Seminars in Neurology;4
-;Small-Scale Forestry;4
-;Bulletin of Indonesian Economic Studies;4
-;Proceedings of the Institution of Mechanical Engineers Part C-Journal of Mechanical Engineering Science;4
-;Starch-Starke;4
-;Journal of Medical Screening;4
-;Gene Expression Patterns;4
-;Plasma Science & Technology;4
-;Current Medical Science;4
-;Plant Biotechnology Reports;4
-;German Journal of Human Resource Management-Zeitschrift fuer Personalforschung;4
-;Journal of Systems Science & Complexity;4
-;Physical Communication;4
-;Contrast Media & Molecular Imaging;4
-;Terra Nova;4
-;Engineering Optimization;4
-;Journal of Biophotonics;4
-;Environmental Fluid Mechanics;4
-;Applied Radiation and Isotopes;4
-;Studies in History and Philosophy of Science;4
-;SoftwareX;4
-;Clinical and Experimental Allergy;4
-;Children & Society;4
-;Canadian Journal of Chemical Engineering;4
-;Journal of Moral Education;4
-;Chinese Journal of Natural Medicines;4
-;Victims & Offenders;4
-;Surgery;4
-;SIAM Journal on Mathematical Analysis;4
-;Compare-A Journal of Comparative and International Education;4
-;Clinical Simulation in Nursing;4
-;Scandinavian Journal of Psychology;4
-;Pathobiology;4
-;Archives Animal Breeding;4
-;Nanoscale and Microscale Thermophysical Engineering;4
-;Depositional Record;4
-;ChemistrySelect;4
-;Journal of Plant Biochemistry and Biotechnology;4
-;Psychiatric Genetics;4
-;Tetrahedron;4
-;Rejuvenation Research;4
-;Biological Bulletin;4
-;Transactions of the Indian Institute of Metals;4
-;Feminist Criminology;4
-;Conservation & Society;4
-;Journal of Current Southeast Asian Affairs;4
-;Bioacoustics-The International Journal of Animal Sound and Its Recording;4
-;Caries Research;4
-;Clinical Eeg and Neuroscience;4
-;Biotropica;4
-;Education Finance and Policy;4
-;Journal of Radiological Protection;4
-;Leukos;4
-;BIT Numerical Mathematics;4
-;Visual Neuroscience;4
-;Journal of Veterinary Research;4
-;Journal of Earth System Science;4
-;Transplant Immunology;4
-;International Journal of Architectural Heritage;4
-;Parkinsons Disease;4
-;Journal of Dual Diagnosis;4
-;Journal of Veterinary Behavior-Clinical Applications and Research;4
-;Social Problems;4
-;Higher Education Policy;4
-;Journal of Professional Capital and Community;4
-;Science and Technology for the Built Environment;4
-;Ecological Entomology;4
-;Journal of Physics B-Atomic Molecular and Optical Physics;4
-;Journal of Near Infrared Spectroscopy;4
-;British Journal of Criminology;4
-;Journal of Computer Science and Technology;4
-;Applied Optics;4
-;Economic Systems Research;4
-;Simulation in Healthcare-Journal of the Society for Simulation in Healthcare;4
-;Journal of Zoological Systematics and Evolutionary Research;4
-;American Journal of Medical Genetics Part A;4
-;Review of Scientific Instruments;4
-;Laryngoscope Investigative Otolaryngology;4
-;International Journal of General Systems;4
-;Cytometry Part B-Clinical Cytometry;4
-;Women and Birth;4
-;Journal of Physics-Condensed Matter;4
-;Soil Science and Plant Nutrition;4
-;Lubrication Science;4
-;Journal of Clinical Neuroscience;4
-;Asian Journal of Control;4
-;Solid-State Electronics;4
-;Journal of Orthopaedic Science;4
-;International Journal of Nonlinear Sciences and Numerical Simulation;4
-;Advances in Data Analysis and Classification;4
-;Poetics;4
-;Public Money & Management;4
-;Physica Status Solidi-Rapid Research Letters;4
-;International Journal of Developmental Biology;4
-;Human Nature-An Interdisciplinary Biosocial Perspective;4
-;Physica Scripta;4
-;Research in Veterinary Science;4
-;Protein Expression and Purification;4
-;American Journal of Reproductive Immunology;4
-;Planetary and Space Science;4
-;JOM;4
-;Arts in Psychotherapy;4
-;Family Relations;4
-;Ophthalmologica;4
-;Journal of Developmental and Physical Disabilities;4
-;Journal of Management Inquiry;4
-;Journal of Applied Poultry Research;4
-;Journal of Aquatic Food Product Technology;4
-;Professional Geographer;4
-;Mechanics of Composite Materials;4
-;Psychological Reports;4
-;Psychology in the Schools;4
-;Ozone-Science & Engineering;4
-;Journal of Family Issues;4
-;Toxicologic Pathology;4
-;Journal of Disability Policy Studies;4
-;IEEE Transactions on Applied Superconductivity;4
-;International Journal of Mass Spectrometry;4
-;Annalen der Physik;4
-;Journal of the Chilean Chemical Society;4
-;Journal of Toxicological Sciences;4
-;Politics & Gender;4
-;Annals of Telecommunications;4
-;Microscopy Research and Technique;4
-;Journal of Clinical and Experimental Neuropsychology;4
-;Asian Population Studies;4
-;Journal of Turbomachinery-Transactions of the Asme;4
-;Journal of Benefit-Cost Analysis;4
-;Current Sociology;4
-;Neuropsychology;4
-;Clinical Medicine Insights-Oncology;4
-;Chilean Journal of Agricultural Research;4
-;Journal of Inclusion Phenomena and Macrocyclic Chemistry;4
-;Daedalus;4
-;Journal of Agricultural & Environmental Ethics;4
-;International Labour Review;4
-;Antonie Van Leeuwenhoek International Journal of General and Molecular Microbiology;4
-;Canadian Respiratory Journal;4
-;Journal of Intellectual Disabilities;4
-;Journal of Cognition and Development;4
-;Applied Economics;4
-;Journal of Clinical Pathology;4
-;Psychology of Men & Masculinities;4
-;Concurrency and Computation-Practice & Experience;4
-;Developmental Psychology;4
-;Journal of Radiation Research;4
-;Water Environment Research;4
-;Infancy;4
-;Biology Letters;4
-;European Journal of Developmental Psychology;4
-;Arid Land Research and Management;4
-;Chromatographia;4
-;Journal of Real Estate Finance and Economics;4
-;Digestion;4
-;Czech Journal of Genetics and Plant Breeding;4
-;American Journal of Enology and Viticulture;4
-;Geographical Research;4
-;Journal of Creative Behavior;4
-;Field Methods;4
-;Environmental Biology of Fishes;4
-;Journal of Policy and Practice in Intellectual Disabilities;4
-;Paediatric Respiratory Reviews;4
-;Clay Minerals;4
-;Plant Systematics and Evolution;4
-;Social Science Information sur les Sciences Sociales;4
-;Eksploatacja i Niezawodnosc-Maintenance and Reliability;4
-;Journal of South American Earth Sciences;4
-;Revista de Psicodidactica;4
-;Journal of Sociology;4
-;Clinical Genetics;4
-;Revista de Contabilidad-Spanish Accounting Review;4
-;Plant Ecology;4
-;Sao Paulo Medical Journal;4
-;Mammal Research;4
-;Journal of Clinical Psychology in Medical Settings;4
-;Accounting and Business Research;4
-;Journal for the Scientific Study of Religion;4
-;Journal of Veterinary Internal Medicine;4
-;International Journal of Cultural Studies;4
-;Journal of Economic History;4
-;Journal of Developmental and Life-Course Criminology;4
-;Spatial Economic Analysis;4
-;Economica;4
-;Journal of Applied Clinical Medical Physics;4
-;Developmental Neuroscience;4
-;Journal of Economic Theory;4
-;Journal of Geophysics and Engineering;4
-;Imaging Science Journal;4
-;Proteins-Structure Function and Bioinformatics;4
-;Coastal Management;4
-;Communications in Soil Science and Plant Analysis;4
-;Gynecologic and Obstetric Investigation;4
-;Journal of Voice;4
-;International Wound Journal;4
-;Combinatorial Chemistry & High Throughput Screening;4
-;Educational Review;4
-;Evolution & Development;4
-;Journal of Statistical Mechanics-Theory and Experiment;4
-;Molecular Simulation;4
-;Oral Oncology;4
-;Clinics and Research in Hepatology and Gastroenterology;4
-;American Psychologist;4
-;Journal of Plant Biology;4
-;Transfusion Medicine Reviews;4
-;Journal of Anatomy;4
-;Acta Odontologica Scandinavica;4
-;Saudi Medical Journal;4
-;Mycobiology;4
-;Pediatric Neurology;4
-;Journal of Apicultural Research;4
-;International Journal of Behavioral Medicine;4
-;International Journal of Automotive Technology;4
-;Journal of Aerospace Engineering;4
-;Acta Politica;4
-;Journal of Neuroscience Nursing;4
-;Journal of Bioethical Inquiry;4
-;Applied Physiology Nutrition and Metabolism;4
-;Journal of Applied Research in Memory and Cognition;4
-;Applied Cognitive Psychology;4
-;Journal of Aging and Physical Activity;4
-;Fibres & Textiles in Eastern Europe;4
-;International Geology Review;4
-;Marine Georesources & Geotechnology;4
-;Analytical Letters;4
-;International Journal of Occupational Medicine and Environmental Health;4
-;Environmental and Molecular Mutagenesis;4
-;Behavior Genetics;4
-;Scientific Programming;4
-;Anesthesia and Analgesia;4
-;FEBS Open Bio;4
-;Advances in Applied Ceramics;4
-;Advances in Mathematics;4
-;International Journal of Advanced Robotic Systems;4
-;International Journal of Clinical and Experimental Hypnosis;4
-;Counseling Psychologist;4
-;Journal of Navigation;4
-;Advances in Clinical and Experimental Medicine;4
-;Molecular Catalysis;4
-;Central European Journal of Operations Research;4
-;Computer Assisted Surgery;4
-;Blood Cells Molecules and Diseases;4
-;Electrophoresis;4
-;Journal of Interferon and Cytokine Research;4
-;Journal of Otolaryngology-Head & Neck Surgery;4
-;International Journal of Stress Management;4
-;IEEE Photonics Technology Letters;4
-;Journal of Comparative Physiology B-Biochemical Systems and Environmental Physiology;4
-;Computer Graphics Forum;4
-;Physics Letters A;4
-;Mathematical Problems in Engineering;4
-;Forestry;4
-;Behavioural Processes;4
-;Journal of Health Politics Policy and Law;4
-;Development Southern Africa;4
-;Journal of Plant Nutrition and Soil Science;4
-;American Journal of Roentgenology;4
-;Real Estate Economics;4
-;Journal of Macroeconomics;4
-;Dynamics of Atmospheres and Oceans;4
-;Neurosurgery Clinics of North America;4
-;Discrete Dynamics in Nature and Society;4
-;Mathematics and Mechanics of Solids;4
-;International Journal of Tuberculosis and Lung Disease;4
-;Genetics and Molecular Biology;4
-;Journal of Investigative Medicine;4
-;International Journal of Behavioral Development;4
-;Curriculum Inquiry;4
-;Journal of Transportation Engineering Part A-Systems;4
-;Genetica;4
-;Food Science and Technology International;4
-;ChemPhysChem;4
-;Preparative Biochemistry & Biotechnology;4
-;Kidney & Blood Pressure Research;4
-;Substance Use & Misuse;4
-;Topics in Stroke Rehabilitation;4
-;Dementia and Geriatric Cognitive Disorders;4
-;International Journal of Performance Analysis in Sport;4
-;Archaeological Prospection;4
-;Ibis;4
-;Advances in Physiology Education;4
-;Journal of Hand Surgery-American Volume;4
-;Geographical Analysis;4
-;Physics and Chemistry of Minerals;4
-;Musicae Scientiae;4
-;Australian Systematic Botany;4
-;Journal of Cardiopulmonary Rehabilitation and Prevention;4
-;Journal of Electromagnetic Engineering and Science;4
-;Economics of Innovation and New Technology;4
-;International Journal of Pharmaceutics-X;4
-;Physiology International;4
-;Psychology of Popular Media;4
-;International Journal of Pediatric Otorhinolaryngology;4
-;Journal of Clinical Sport Psychology;4
-;Wildlife Research;4
-;Journal of the Australian Ceramic Society;4
-;Veterinary Research Communications;4
-;Australian Journal of International Affairs;4
-;Scandinavian Journal of Economics;4
-;Journal of Hydrologic Engineering;4
-;Journal of Neurosurgery-Pediatrics;4
-;Applied Economic Analysis;4
-;Numerical Algorithms;4
-;ACM Transactions on Design Automation of Electronic Systems;4
-;Skeletal Radiology;4
-;Psychology Public Policy and Law;4
-;Theory in Biosciences;4
-;Prion;4
-;Journal of Berry Research;4
-;Pediatric Pulmonology;4
-;Mathematics of Operations Research;4
-;Sleep and Biological Rhythms;4
-;Journal of Educational and Behavioral Statistics;4
-;Environmental Research Communications;4
-;World Neurosurgery;4
-;Telecommunication Systems;4
-;European Neurology;4
-;International Journal on Software Tools for Technology Transfer;4
-;Potato Research;4
-;Journal of Vibration and Control;4
-;Australian Journal of Primary Health;4
-;Journal of Investigational Allergology and Clinical Immunology;4
-;Journal of Research on Educational Effectiveness;4
-;Child Maltreatment;4
-;Academic Medicine;4
-;Pattern Analysis and Applications;4
-;Violence Against Women;4
-;Advances in Computational Mathematics;4
-;Health Services Research;4
-;Biointerphases;4
-;Optometry and Vision Science;4
-;Urban Affairs Review;4
-;Revista Panamericana de Salud Publica-Pan American Journal of Public Health;4
-;Experimental Parasitology;4
-;Nordic Studies on Alcohol and Drugs;4
-;European Journal of Inorganic Chemistry;4
-;Protist;4
-;Journal of Human Genetics;4
-;Journal of Nuclear Cardiology;4
-;OR Spectrum;4
-;Population Research and Policy Review;4
-;Ecohydrology;4
-;Ardea;4
-;Experimental Aging Research;4
-;Meccanica;4
-;Interaction Studies;4
-;Journal of Electrostatics;4
-;EPL;4
-;Journal of Pediatric Psychology;4
-;Medical Journal of Australia;4
-;Journal of International Medical Research;4
-;Medicine;4
-;Urban Water Journal;4
-;Zoologica Scripta;4
-;Journal of Special Education Technology;4
-;Local Government Studies;4
-;Journal of Experimental Criminology;4
-;Intervirology;4
-;Evaluation & the Health Professions;4
-;Journal of the Meteorological Society of Japan;4
-;Steel Research International;4
-;Human Ecology;4
-;International Journal of Sport and Exercise Psychology;4
-;Journal of Biomechanical Engineering-Transactions of the Asme;4
-;Journal of Macromarketing;4
-;Muscle & Nerve;4
-;Current Bioinformatics;4
-;Research in Social Stratification and Mobility;4
-;Discourse Processes;4
-;Leisure Sciences;4
-;Research on Aging;4
-;Cornea;4
-;Separation Science and Technology;4
-;Lethaia;4
-;Womens Studies International Forum;4
-;Molecular Physics;4
-;Journal of Obstetrics and Gynaecology;4
-;Botanical Journal of the Linnean Society;4
-;Circuits Systems and Signal Processing;4
-;Radiation and Environmental Biophysics;4
-;Brain and Cognition;4
-;Asia Pacific Education Review;4
-;Research in Nursing & Health;4
-;Biosystems;4
-;Neurologia i Neurochirurgia Polska;4
-;Journal of Numerical Mathematics;4
-;Mathematics of Computation;4
-;Soil and Water Research;4
-;ACM Transactions on Architecture and Code Optimization;4
-;Israel Journal of Health Policy Research;4
-;Behavioural and Cognitive Psychotherapy;4
-;Sociology of Sport Journal;4
-;Journal of Surveying Engineering;4
-;Disability and Rehabilitation-Assistive Technology;4
-;International Journal of Older People Nursing;4
-;Journal of Infection and Chemotherapy;4
-;Japan and the World Economy;4
-;Clinical Respiratory Journal;4
-;Computational and Mathematical Methods in Medicine;4
-;Justice Quarterly;4
-;Transportmetrica A-Transport Science;4
-;Irish Veterinary Journal;4
-;Marketing Letters;4
-;Plant Biotechnology;4
-;Journal of the American College of Radiology;4
-;Environmental Science-Water Research & Technology;4
-;Biology Open;4
-;Integrative Zoology;4
-;Journal of Oral Science;4
-;International Journal for Lesson and Learning Studies;4
-;Journal of School Violence;4
-;Journal of Visualization;4
-;Perioperative Medicine;4
-;Alcohol and Alcoholism;4
-;Traffic Injury Prevention;4
-;European Journal of Oral Sciences;4
-;Heart and Vessels;4
-;Advanced Composite Materials;4
-;Oral Radiology;4
-;American Journal of Emergency Medicine;4
-;Micro & Nano Letters;4
-;Materials Transactions;4
-;Journal of Applied Biomaterials & Functional Materials;4
-;Internal and Emergency Medicine;4
-;Discrete Event Dynamic Systems-Theory and Applications;4
-;Journal of Poultry Science;4
-;Journal of Developmental Origins of Health and Disease;4
-;American Politics Research;4
-;Interpreter and Translator Trainer;4
-;Journal of Mathematical Imaging and Vision;4
-;Annals of Surgical Treatment and Research;4
-;Assay and Drug Development Technologies;4
-;Biotechniques;4
-;Critical Studies in Education;4
-;Solvent Extraction and Ion Exchange;4
-;Frontiers in Ecology and the Environment;4
-;Journal of Global Optimization;4
-;Saudi Journal of Gastroenterology;4
-;Acta Veterinaria Scandinavica;4
-;Journal of Womens Health;4
-;Psychological Services;4
-;Endocrine Journal;4
-;Journal of Digestive Diseases;4
-;Personal Relationships;4
-;International Journal of Nursing Practice;4
-;Radiation Measurements;4
-;Clinical Anatomy;4
-;Psychiatry and Clinical Neurosciences;4
-;Sociological Perspectives;4
-;Mobile Media & Communication;4
-;Publications of the Astronomical Society of Australia;4
-;Fusion Engineering and Design;4
-;Respirology;4
-;Growth Factors;4
-;Learning Disability Quarterly;4
-;Quality Engineering;4
-;International Emergency Nursing;4
-;City & Community;4
-;AI Magazine;4
-;Proceedings of the Institution of Mechanical Engineers Part J-Journal of Engineering Tribology;4
-;Media International Australia;4
-;International Forum of Allergy & Rhinology;4
-;Virus Genes;4
-;IET Communications;4
-;Journal of Cardiovascular Development and Disease;4
-;Language Assessment Quarterly;4
-;International Data Privacy Law;4
-;Journal of Paleolimnology;4
-;Asian Pacific Journal of Tropical Biomedicine;4
-;Journal of Simulation;4
-;Seminars in Diagnostic Pathology;4
-;Sociology Compass;4
-;Cardiovascular Diagnosis and Therapy;4
-;Research in Sports Medicine;4
-;Journal of the Optical Society of America B-Optical Physics;4
-;IET Signal Processing;4
-;Journal of Evidence Based Medicine;4
-;Journal of Environmental Engineering;4
-;Wood Material Science & Engineering;4
-;Journal of Viral Hepatitis;4
-;Geotechnique Letters;4
-;Calculus of Variations and Partial Differential Equations;4
-;Viral Immunology;4
-;Gold Bulletin;4
-;Journal of Agronomy and Crop Science;4
-;Seminars in Oncology;4
-;Chemistryopen;4
-;Journal of Animal Breeding and Genetics;4
-;Critical Care Clinics;4
-;Environmental Progress & Sustainable Energy;4
-;International Journal of Modern Physics D;4
-;Urologic Clinics of North America;4
-;Mechanical Sciences;4
-;Agricultural and Forest Entomology;4
-;Journal of Horticultural Science & Biotechnology;4
-;Pharmacogenomics;4
-;Journal of Nonlinear Optical Physics & Materials;4
-;American Economic Journal-Microeconomics;4
-;Group Dynamics-Theory Research and Practice;4
-;Immunologic Research;4
-;Journal of Engineering Materials and Technology-Transactions of the Asme;4
-;Journal of Political Philosophy;4
-;Journal of Fluency Disorders;4
-;Veterinary Journal;4
-;Physiotherapy Theory and Practice;4
-;Mathematical Thinking and Learning;4
-;Quantitative Finance;4
-;Journal of Feline Medicine and Surgery;4
-;BJOG-An International Journal of Obstetrics and Gynaecology;4
-;Childhood Obesity;4
-;CyTA-Journal of Food;4
-;Particle & Particle Systems Characterization;4
-;International Journal of Water Resources Development;4
-;International Journal of Humanoid Robotics;4
-;Climate Change Economics;4
-;Communication & Sport;4
-;Group Decision and Negotiation;4
-;International Journal of Geometric Methods in Modern Physics;4
-;Asian American Journal of Psychology;4
-;Emerging Adulthood;4
-;HIV Medicine;4
-;Journal of Thermal Science and Engineering Applications;4
-;Journal of Vegetation Science;4
-;Pancreas;4
-;Mendeleev Communications;4
-;Transportmetrica B-Transport Dynamics;4
-;Scandinavian Journal of Occupational Therapy;4
-;International Journal of Market Research;4
-;Scandinavian Journal of Urology;4
-;Law Probability & Risk;4
-;Operational Research;4
-;International Journal of Metalcasting;4
-;International Urogynecology Journal;4
-;Applied Mathematics and Computation;4
-;Hellenic Journal of Cardiology;4
-;European Journal of Special Needs Education;4
-;Therapeutic Innovation & Regulatory Science;4
-;Journal of Language and Social Psychology;4
-;Tropical Conservation Science;4
-;Immunology and Cell Biology;4
-;Journal of Applied Communication Research;4
-;Geometry & Topology;4
-;Marine Mammal Science;4
-;Economia Politica;4
-;Disaster Prevention and Management;4
-;Annals of Diagnostic Pathology;4
-;Journal of Clinical Pharmacology;4
-;Memory;4
-;Genome;4
-;Politics;4
-;Techniques in Coloproctology;4
-;Journal of Aerosol Medicine and Pulmonary Drug Delivery;4
-;Physician and Sportsmedicine;4
-;Asian Nursing Research;4
-;Asian Journal of Technology Innovation;4
-;Neuroepidemiology;4
-;Melanoma Research;4
-;Annals of Hematology;4
-;Journal of the Peripheral Nervous System;4
-;Asia-Pacific Journal of Atmospheric Sciences;4
-;Chinese Journal of Organic Chemistry;4
-;Cranio-The Journal of Craniomandibular & Sleep Practice;4
-;Informatica;4
-;Journal of Scheduling;4
-;Acta Oceanologica Sinica;4
-;Transactions on Emerging Telecommunications Technologies;4
-;Journal of Sex & Marital Therapy;4
-;Surgery Today;4
-;Communications in Theoretical Physics;4
-;Toxicology and Industrial Health;4
-;Motor Control;4
-;Chemical Engineering & Technology;4
-;IEEE Consumer Electronics Magazine;4
-;Attention Perception & Psychophysics;4
-;International Polymer Processing;4
-;Psychology and Aging;4
-;Materials Science and Technology;4
-;Postepy Dermatologii i Alergologii;4
-;Journal of Research in Reading;4
-;Medical Science Monitor;4
-;Ethnicity & Health;4
-;British Educational Research Journal;4
-;Journal of Environmental Engineering and Landscape Management;4
-;International Journal of Cast Metals Research;4
-;Weed Science;4
-;Journal of Nervous and Mental Disease;4
-;Journal of Quaternary Science;4
-;Journal of Vertebrate Paleontology;4
-;Journal of Atmospheric and Solar-Terrestrial Physics;4
-;Particulate Science and Technology;4
-;Combustion Theory and Modelling;4
-;Contemporary Politics;4
-;European Educational Research Journal;4
-;Journal of Organometallic Chemistry;4
-;Health Education Research;4
-;ZAMM-Zeitschrift fuer angewandte Mathematik und Mechanik;4
-;Journal of Venomous Animals and Toxins Including Tropical Diseases;4
-;International Journal of Psychiatry in Clinical Practice;4
-;Urban Design International;4
-;Xenobiotica;4
-;Surface and Interface Analysis;4
-;Medical Decision Making;4
-;Journal of Financial Econometrics;4
-;Biopharmaceutics & Drug disPosition;4
-;Journal of Muscle Research and Cell Motility;4
-;British Journal of Sociology of Education;4
-;Journal of Tropical Pediatrics;4
-;Current Opinion in Cardiology;4
-;Bilingualism-Language and Cognition;4
-;Contact Dermatitis;4
-;Journal of Geodynamics;4
-;International Journal of Audiology;4
-;Journal of Risk Research;4
-;International Journal of Antennas and Propagation;4
-;Journal of Reproductive and Infant Psychology;4
-;Apidologie;4
-;Social Epistemology;4
-;Hormone Research in Paediatrics;4
-;Australian Dental Journal;4
-;European Journal of Anaesthesiology;4
-;Australian Occupational Therapy Journal;4
-;Medical and Veterinary Entomology;4
-;Sports Biomechanics;4
-;Journal of Hydraulic Research;4
-;Journal of Immunological Methods;4
-;Paediatric and Perinatal Epidemiology;4
-;Journal of Tourism and Cultural Change;4
-;Journal of Applied Research in Intellectual Disabilities;4
-;Environmental Entomology;4
-;Cardiorenal Medicine;4
-;International Journal of Inclusive Education;4
-;Space Policy;4
-;Indian Journal of Microbiology;4
-;Journal of Public Policy;4
-;Cognition & Emotion;4
-;Research Quarterly for Exercise and Sport;4
-;International Relations;4
-;Journal of Social Psychology;4
-;Cereal Research Communications;4
-;Journal of Health Organization and Management;4
-;Social Work in Health Care;4
-;Journal of Mammalogy;4
-;Journal of Multivariate Analysis;4
-;Nursing in Critical Care;4
-;Urban Education;4
-;Journal of Surgical Research;4
-;American Journal of Industrial Medicine;4
-;Journal of Sexual Aggression;4
-;Chemical Engineering Communications;4
-;Childrens Geographies;4
-;China Communications;4
-;Qualitative Research in Psychology;4
-;Journal of Pediatric Orthopaedics;4
-;Vision Research;4
-;Journal of International Development;4
-;Disability & Society;4
-;Polar Science;4
-;Signal Image and Video Processing;4
-;Language and Education;4
-;Philosophical Magazine Letters;4
-;Open Medicine;4
-;European Business Organization Law Review;4
-;CSEE Journal of Power and Energy Systems;4
-;Journal of Childrens Orthopaedics;4
-;Microbial Risk Analysis;4
-;International Interactions;4
-;Prosthetics and Orthotics International;4
-;Current Radiopharmaceuticals;4
-;Proceedings of the Institution of Mechanical Engineers Part H-Journal of Engineering in Medicine;4
-;Journal of Oceanology and Limnology;4
-;Journal of Geography in Higher Education;4
-;Child Care Health and Development;4
-;Marine Genomics;4
-;Australian Journal of Education;4
-;Biochemical Systematics and Ecology;4
-;Journal of Media Psychology-Theories Methods and Applications;4
-;Science As Culture;4
-;International Journal of the Commons;4
-;Journal of Immigrant & Refugee Studies;4
-;Journal of the Royal Statistical Society Series C-Applied Statistics;4
-;Australian Psychologist;4
-;Australian Journal of Management;4
-;Educational Studies;4
-;Clinical Toxicology;4
-;ACM Transactions on Autonomous and Adaptive Systems;4
-;Russian Journal of Inorganic Chemistry;4
-;Medical Principles and Practice;4
-;South African Journal of Geology;4
-;Psychology of Music;4
-;Language Policy;4
-;Surgical Clinics of North America;4
-;SIAM Journal on Applied Mathematics;4
-;Insect Systematics and Diversity;4
-;Global Mental Health;4
-;Academia-Revista Latinoamericana de Administracion;4
-;Rapid Communications in Mass Spectrometry;4
-;Canadian Journal of Occupational Therapy-Revue Canadienne d'Ergotherapie;4
-;Cambridge Journal of Education;4
-;Synthesis-Stuttgart;4
-;IEEE Latin America Transactions;4
-;Aquatic Sciences;4
-;Energy Sources Part B-Economics Planning and Policy;4
-;Environment and Planning C-Politics and Space;4
-;Canadian Journal of Public Health-Revue Canadienne de Sante Publique;4
-;BMJ Paediatrics Open;4
-;Science Technology and Society;4
-;Canadian Journal of Surgery;4
-;Biochemistry-Moscow;4
-;International Journal of Impotence Research;4
-;Industrial Lubrication and Tribology;4
-;Palaeobiodiversity and Palaeoenvironments;4
-;Tetrahedron Letters;4
-;Irish Educational Studies;4
-;Race and Social Problems;4
-;Health Promotion and Chronic Disease Prevention in Canada-Research Policy and Practice;4
-;Carbohydrate Research;4
-;Papers in Palaeontology;4
-;Journal of Superconductivity and Novel Magnetism;4
-;Soil Research;4
-;Facets;4
-;Journal of Medical Ethics;4
-;Theoretical Population Biology;4
-;Journal of Chemical Sciences;4
-;Journal of Hepato-Biliary-Pancreatic Sciences;4
-;Cardiology Research and Practice;4
-;Psychological Research-Psychologische Forschung;4
-;Infectious Diseases;4
-;Social Service Review;4
-;Rangeland Ecology & Management;4
-;Geochemistry;4
-;Integrated Environmental Assessment and Management;4
-;Microsystem Technologies-Micro-And Nanosystems-Information Storage and Processing Systems;4
-;Research in Social & Administrative Pharmacy;4
-;Acta Geologica Sinica-English Edition;4
-;International Food and Agribusiness Management Review;4
-;Frontiers of Earth Science;4
-;Transportation Planning and Technology;4
-;Zygote;4
-;Software-Practice & Experience;4
-;Nanoethics;4
-;Area;4
-;Polymers & Polymer Composites;4
-;Endocrine Metabolic & Immune Disorders-Drug Targets;4
-;Asia-Pacific Journal of Oncology Nursing;4
-;British Poultry Science;4
-;Gender and Education;4
-;Finance and Stochastics;4
-;Journal of Systems Science and Systems Engineering;4
-;Soldering & Surface Mount Technology;4
-;Nuclear Materials and Energy;4
-;Conservation Genetics;4
-;Antarctic Science;4
-;Development Genes and Evolution;4
-;Journal of Electrochemical Energy Conversion and Storage;4
-;Journal of Child and Adolescent Psychopharmacology;4
-;Quaternary Research;4
-;Otolaryngology-Head and Neck Surgery;4
-;Aquatic Conservation-Marine and Freshwater Ecosystems;4
-;Hypertension;4
-;Radiation Research;4
-;Child & Youth Care Forum;4
-;Critical Reviews in Eukaryotic Gene Expression;4
-;Phycologia;4
-;Physics of the Earth and Planetary Interiors;4
-;Lasers in Surgery and Medicine;4
-;Fisheries Oceanography;4
-;Clinical Nursing Research;4
-;Strahlentherapie und Onkologie;4
-;Physical Medicine and Rehabilitation Clinics of North America;4
-;International Migration Review;4
-;ACM Transactions on Modeling and Computer Simulation;4
-;Journal of Sport Rehabilitation;4
-;Ethnicity & Disease;4
-;Oxford Economic Papers-New Series;4
-;Policy Studies Journal;4
-;Journal of Plant Nutrition;4
-;Plant Disease;4
-;Journal of Nonverbal Behavior;4
-;Ethics & Behavior;4
-;International Political Science Review;4
-;Scandinavian Journal of Educational Research;4
-;Pediatric Research;4
-;Journal of Computational Chemistry;4
-;Pedobiologia;4
-;Perceptual and Motor Skills;4
-;Journal of disPersion Science and Technology;4
-;Journal of Sport & Social Issues;4
-;Psychiatric Clinics of North America;4
-;Crime & Delinquency;4
-;American Journal of Audiology;4
-;Journal of the Royal Statistical Society Series B-Statistical Methodology;4
-;Foreign Policy Analysis;4
-;African Affairs;4
-;AIDS Research and Human Retroviruses;4
-;Journal of Trauma & Dissociation;4
-;Health Risk & Society;4
-;Vector-Borne and Zoonotic Diseases;4
-;Crop Science;4
-;Journal of Genetic Counseling;4
-;Journal of Continuing Education in the Health Professions;4
-;Journal of Biosocial Science;4
-;IEEE Transactions on Device and Materials Reliability;4
-;Arctic Antarctic and Alpine Research;4
-;Journal of Investigative Surgery;4
-;Journal of Institutional Economics;4
-;Annals of Internal Medicine;4
-;International Journal of Womens Health;4
-;Pain Practice;4
-;Journal of Materials Engineering and Performance;4
-;American Journal of Orthodontics and Dentofacial Orthopedics;4
-;Euphytica;4
-;Wireless Communications & Mobile Computing;4
-;Evidence & Policy;4
-;International Journal of Quantum Chemistry;4
-;Evolutionary Anthropology;4
-;Gastroenterology Clinics of North America;4
-;Journal of Mechanical Science and Technology;4
-;Journal of Aoac International;4
-;Journal of Elder Abuse & Neglect;4
-;American Behavioral Scientist;4
-;Rheumatic Disease Clinics of North America;4
-;RAIRO-Operations Research;4
-;Political Research Quarterly;4
-;Journal of Rational-Emotive and Cognitive-Behavior Therapy;4
-;Journal of Breast Cancer;4
-;International Organization;4
-;American Journal of Health Promotion;4
-;Otology & Neurotology;4
-;Polar Biology;4
-;Journal of Agricultural Education & Extension;4
-;Russian Chemical Bulletin;4
-;Developmental Psychobiology;4
-;Journal of Women & Aging;4
-;Cardiology in Review;4
-;Journal of Evidence-Based Dental Practice;4
-;Materiales de Construccion;4
-;Architectural Science Review;4
-;SIAM Journal on Matrix Analysis and Applications;4
-;Critical Discourse Studies;4
-;Journal of the American Academy of Orthopaedic Surgeons;4
-;Neurologia Medico-Chirurgica;4
-;Multinational Business Review;4
-;Contributions to Zoology;4
-;Journal of Foot & Ankle Surgery;4
-;Colloid Journal;4
-;Journal of Counseling Psychology;4
-;Journal of Athletic Training;4
-;Journal of Pragmatics;4
-;Plant Soil and Environment;4
-;Journal of Curriculum Studies;4
-;Communications of the ACM;4
-;Journal of Aging & Social Policy;4
-;Psicologia Educativa;4
-;Early Human Development;4
-;American Journal of Orthopsychiatry;4
-;Japanese Journal of Applied Physics;4
-;International Journal of Corpus Linguistics;4
-;Pediatric Infectious Disease Journal;4
-;Journal of Differential Equations;4
-;RIED-Revista Iberoamericana de Educacion A Distancia;4
-;Informs Journal on Computing;4
-;Journal of Real Estate Research;4
-;Journal of Child Health Care;4
-;Journal of Sulfur Chemistry;4
-;Journal of Endovascular Therapy;4
-;Journal of Dynamic Systems Measurement and Control-Transactions of the Asme;4
-;Current Opinion in Otolaryngology & Head and Neck Surgery;4
-;Economic Development and Cultural Change;4
-;Acta Chimica Sinica;4
-;Seminars in Reproductive Medicine;4
-;Animal Reproduction Science;4
-;American Journal of Surgery;4
-;Case Studies in Construction Materials;4
-;Free Radical Biology and Medicine;4
-;American Journal of Tropical Medicine and Hygiene;4
-;Life Sciences in Space Research;4
-;Journal of Electroceramics;4
-;Journal of Sports Economics;4
-;World Economy;4
-;Clinical Neuropsychologist;4
-;Acta Anaesthesiologica Scandinavica;4
-;Acta Oecologica-International Journal of Ecology;4
-;Journal of Sedimentary Research;4
-;Econometrics Journal;4
-;Journal of Cold Regions Engineering;4
-;Extremes;4
-;European Journal of Social Theory;4
-;Acta Dermato-Venereologica;4
-;Community Mental Health Journal;4
-;Aquatic Ecology;4
-;Journal of the American Oil Chemists Society;4
-;Liver Transplantation;4
-;Journal of Environment & Development;4
-;Journal of Mathematics Teacher Education;4
-;Journal of Communications and Networks;4
-;Culture Health & Sexuality;4
-;Leadership;4
-;Anthrozoos;4
-;Sleep and Breathing;4
-;Journal of Veterinary Science;4
-;Journal of Animal and Feed Sciences;4
-;Sport in Society;4
-;Journal of Obsessive-Compulsive and Related Disorders;4
-;Evolutionary Bioinformatics;4
-;Rendiconti Lincei-Scienze Fisiche e Naturali;4
-;Best Practice & Research Clinical Gastroenterology;4
-;Journal of Family Psychology;4
-;International Economic Review;4
-;Journal of Applied Social Psychology;4
-;Geoscientific Instrumentation Methods and Data Systems;4
-;Hypertension in Pregnancy;4
-;Autonomous Agents and Multi-Agent Systems;4
-;Cell Structure and Function;4
-;Journal of Applied Genetics;4
-;Oncotargets and Therapy;4
-;Journal of the Astronautical Sciences;4
-;Eurasian Soil Science;4
-;Journal of Stomatology Oral and Maxillofacial Surgery;4
-;Science of Computer Programming;4
-;Journal of Elasticity;4
-;European Journal of Dental Education;4
-;Physical Review Accelerators and Beams;4
-;Facies;4
-;Journal of Receptors and Signal Transduction;4
-;Social Politics;4
-;Transplant Infectious Disease;4
-;Folia Parasitologica;4
-;International Journal of Occupational Safety and Ergonomics;4
-;Journal of Archaeological Method and Theory;4
-;International Journal of Polymer Analysis and Characterization;4
-;Journal of the European Mathematical Society;4
-;Human Development;4
-;Journal of Microbiological Methods;4
-;Health Care Management Review;4
-;Biocatalysis and Biotransformation;4
-;Scandinavian Journal of Public Health;4
-;International Journal of Industrial Organization;4
-;Defence and Peace Economics;4
-;Operative Dentistry;4
-;Journal of Ocular Pharmacology and Therapeutics;4
-;Consumption Markets & Culture;4
-;Psychology of Aesthetics Creativity and the Arts;4
-;Computer Methods in Biomechanics and Biomedical Engineering;4
-;HERD-Health Environments Research & Design Journal;4
-;Microcirculation;4
-;IEEE Transactions on Magnetics;4
-;General and Comparative Endocrinology;4
-;Engineering Management Journal;4
-;International Journal of Communication Systems;4
-;Taiwanese Journal of Obstetrics & Gynecology;4
-;IRAL-International Review of Applied Linguistics in Language Teaching;4
-;Breast Journal;4
-;Pure and Applied Geophysics;4
-;European Zoological Journal;4
-;Journal of Economic Dynamics & Control;4
-;Annals of Applied Statistics;4
-;Physical and Engineering Sciences in Medicine;4
-;Clinical and Experimental Ophthalmology;4
-;International Journal of Rehabilitation Research;4
-;Austral Ecology;4
-;Geological Society of America Bulletin;4
-;Journal of the Geological Society;4
-;Biologia Futura;4
-;Policing & Society;4
-;Communication Monographs;4
-;Anatomical Record-Advances in Integrative Anatomy and Evolutionary Biology;4
-;Diabetes Research and Clinical Practice;4
-;Personality and Mental Health;4
-;Sexual & Reproductive Healthcare;4
-;Invertebrate Systematics;4
-;Nuclear Instruments & Methods in Physics Research Section A-Accelerators Spectrometers Detectors and Associated Equipment;4
-;Terrestrial Atmospheric and Oceanic Sciences;4
-;Journal of Information Technology & Politics;4
-;Theoretical Economics;4
-;Journal of Experimental Psychology-Applied;4
-;Australian Critical Care;4
-;Data Technologies and Applications;4
-;Journal of the Optical Society of America A-Optics Image Science and Vision;4
-;Reaction Kinetics Mechanisms and Catalysis;4
-;Advanced Robotics;4
-;International Archives of Allergy and Immunology;4
-;Cancer Biotherapy and Radiopharmaceuticals;4
-;Innovation-Organization & Management;4
-;Theoretical Chemistry Accounts;4
-;Developmental Neuropsychology;4
-;Structural Chemistry;4
-;Geneva Papers on Risk and Insurance-Issues and Practice;4
-;Groundwater;4
-;Biology & Philosophy;4
-;Molecular and Biochemical Parasitology;4
-;Mathematics in Engineering;4
-;European Surgical Research;4
-;Practical Radiation Oncology;4
-;Brain Tumor Pathology;4
-;Perspectives on Behavior Science;4
-;Lung Cancer;4
-;Eastern Mediterranean Health Journal;4
-;Inflammatory Bowel Diseases;4
-;Scandinavian Journal of Surgery;4
-;International Journal of Cardiology;4
-;European Physical Journal D;4
-;Macromolecular Chemistry and Physics;4
-;Cardiology Journal;4
-;Journal of the American Society of Brewing Chemists;4
-;Zemdirbyste-Agriculture;4
-;Musculoskeletal Science and Practice;4
6772;Zoological Science;3
-;Norsk Geografisk Tidsskrift-Norwegian Journal of Geography;3
-;AJAR-African Journal of AIDS Research;3
-;International Journal for Educational and Vocational Guidance;3
-;Early Child Development and Care;3
-;CESifo Economic Studies;3
-;Asia Europe Journal;3
-;Current Computer-Aided Drug Design;3
-;Journal of Perinatal Medicine;3
-;Plasmid;3
-;Law and Human Behavior;3
-;American Journal of Primatology;3
-;Kinetics and Catalysis;3
-;Kolner Zeitschrift fuer Soziologie und Sozialpsychologie;3
-;Mobile Information Systems;3
-;Language Resources and Evaluation;3
-;Sexually Transmitted Diseases;3
-;Kyklos;3
-;Annals of Plastic Surgery;3
-;Marine Geodesy;3
-;Land Economics;3
-;Journal of Asthma;3
-;Laryngoscope;3
-;American Journal of Clinical Oncology-Cancer Clinical Trials;3
-;Netherlands Heart Journal;3
-;New Zealand Journal of Zoology;3
-;Annals of Human Biology;3
-;Linguistic Inquiry;3
-;Indian Journal of Ophthalmology;3
-;Multivariate Behavioral Research;3
-;Journal of Nutritional Science and Vitaminology;3
-;Social Policy & Administration;3
-;International Journal of Law and Psychiatry;3
-;Journal of Ethnobiology;3
-;Journal of Post Keynesian Economics;3
-;Ageing & Society;3
-;Near Surface Geophysics;3
-;Ironmaking & Steelmaking;3
-;Journal of Ultrasound in Medicine;3
-;Biological Agriculture & Horticulture;3
-;Health Psychology;3
-;Issues in Mental Health Nursing;3
-;Tellus Series A-Dynamic Meteorology and Oceanography;3
-;Heat Transfer Engineering;3
-;Scandinavian Journal of Primary Health Care;3
-;Neurological Research;3
-;Medical Anthropology;3
-;Scandinavian Journal of Caring Sciences;3
-;International Journal of Genomics;3
-;Mycoscience;3
-;Electromagnetic Biology and Medicine;3
-;BMJ Supportive & Palliative Care;3
-;Journal of Children and Media;3
-;Pediatric Exercise Science;3
-;Journal of Function Spaces;3
-;Experimental Animals;3
-;Brazilian Journal of Botany;3
-;Pediatric Blood & Cancer;3
-;Journal of Forest Research;3
-;Gland Surgery;3
-;Gerodontology;3
-;Restorative Neurology and Neuroscience;3
-;Journal of Neuropsychology;3
-;Bioinspired Biomimetic and Nanobiomaterials;3
-;Alcohol;3
-;Psych Journal;3
-;Journal of Forensic and Legal Medicine;3
-;Journal of Regulatory Economics;3
-;Photodermatology Photoimmunology & Photomedicine;3
-;Journal of Engineering Thermophysics;3
-;Journal of Occupational and Environmental Hygiene;3
-;Acta Crystallographica Section B-Structural Science Crystal Engineering and Materials;3
-;Iranian Journal of Science and Technology-Transactions of Civil Engineering;3
-;Journal of Hand Surgery-European Volume;3
-;Families Relationships and Societies;3
-;Eurasian Geography and Economics;3
-;Communications in Computational Physics;3
-;Journal of the American Philosophical Association;3
-;Journal of Knee Surgery;3
-;Bioinvasions Records;3
-;Electrochemistry;3
-;Egitim ve Bilim-Education and Science;3
-;Soft Materials;3
-;Journal of General Plant Pathology;3
-;Communication Culture & Critique;3
-;Metallurgical Research & Technology;3
-;Communications in Mathematical Sciences;3
-;Applied Neuropsychology-Adult;3
-;Turkish Journal of Field Crops;3
-;Journal of Neurolinguistics;3
-;Quarterly Journal of Nuclear Medicine and Molecular Imaging;3
-;Plant Ecology and Evolution;3
-;Professional Psychology-Research and Practice;3
-;Geospatial Health;3
-;International Journal of Physical Modelling in Geotechnics;3
-;Journal of Software-Evolution and Process;3
-;Journal of Anesthesia;3
-;Journal of Medical Ultrasonics;3
-;Chinese Journal of Communication;3
-;Journal of Asian Architecture and Building Engineering;3
-;Journal of African Media Studies;3
-;Journal of Clinical Neurophysiology;3
-;Health Information Management Journal;3
-;Discourse & Communication;3
-;Journal of Toxicologic Pathology;3
-;Journal of Symbolic Computation;3
-;Designs Codes and Cryptography;3
-;Animal Production Science;3
-;Adapted Physical Activity Quarterly;3
-;Journal of Veterinary Medical Science;3
-;Research and Practice for Persons With Severe Disabilities;3
-;Crime Law and Social Change;3
-;Journal of Web Engineering;3
-;Movement Disorders Clinical Practice;3
-;International Journal of Osteopathic Medicine;3
-;International Journal of Systems Science-Operations & Logistics;3
-;Journal of Community Health Nursing;3
-;Future Virology;3
-;IEEE Intelligent Systems;3
-;Journal of Energetic Materials;3
-;Youth Violence and Juvenile Justice;3
-;European Early Childhood Education Research Journal;3
-;International Journal of Urology;3
-;Plant Ecology & Diversity;3
-;Journal of Language Identity and Education;3
-;Journal of Family Studies;3
-;Journal of Asian Public Policy;3
-;Canadian Review of Sociology-Revue Canadienne de Sociologie;3
-;Australian Endodontic Journal;3
-;Journal of Behavioral Finance;3
-;Journal of Renal Care;3
-;Developmental Neurorehabilitation;3
-;Dialogues in Human Geography;3
-;IET Computers and Digital Techniques;3
-;Diagnostic Microbiology and Infectious Disease;3
-;World Journal of Clinical Cases;3
-;IET Electric Power Applications;3
-;Advances in Neonatal Care;3
-;Inland Waters;3
-;IET Microwaves Antennas & Propagation;3
-;Learning & Behavior;3
-;International Journal of Rheumatic Diseases;3
-;Innovation-The European Journal of Social Science Research;3
-;International Journal of Ophthalmology;3
-;Physica C-Superconductivity and Its Applications;3
-;Quantitative Imaging in Medicine and Surgery;3
-;Journal of Instrumentation;3
-;AI Communications;3
-;Notulae Botanicae Horti Agrobotanici Cluj-Napoca;3
-;Journal of Eye Movement Research;3
-;Journal of Child Neurology;3
-;AJIDD-American Journal on Intellectual and Developmental Disabilities;3
-;Southeast European and Black Sea Studies;3
-;Numerical Methods for Partial Differential Equations;3
-;Evolution Equations and Control Theory;3
-;Applied Developmental Science;3
-;Tenside Surfactants Detergents;3
-;Childs Nervous System;3
-;Security Studies;3
-;Yeast;3
-;International Journal of Cooperative Information Systems;3
-;Journal of Plastic Surgery and Hand Surgery;3
-;South African Journal of Psychology;3
-;Asia Pacific Journal of Education;3
-;Geofluids;3
-;Systems Engineering;3
-;Journal of African Economies;3
-;Digital Creativity;3
-;Journal of Korean Academy of Nursing;3
-;Journal of Positive Behavior Interventions;3
-;Critical Policy Studies;3
-;Theory & Psychology;3
-;Workplace Health & Safety;3
-;Post-Communist Economies;3
-;Statistics in Biopharmaceutical Research;3
-;Archive for the Psychology of Religion-Archiv fuer Religionspsychologie;3
-;Anthropological Theory;3
-;Genetic Resources and Crop Evolution;3
-;International Journal for Uncertainty Quantification;3
-;International Journal of Information Technology & Decision Making;3
-;Veterinary Dermatology;3
-;Dynamic Games and Applications;3
-;New Genetics and Society;3
-;Formal Aspects of Computing;3
-;Journal of Hyperbolic Differential Equations;3
-;Journal of Wildlife Diseases;3
-;Analysis & Pde;3
-;Journal of Intellectual Disability Research;3
-;Innovations in Education and Teaching International;3
-;Journal of Testing and Evaluation;3
-;Human Factors and Ergonomics in Manufacturing & Service Industries;3
-;International Journal of Applied Linguistics;3
-;Primary Care;3
-;Proceedings of the Institution of Mechanical Engineers Part K-Journal of Multi-Body Dynamics;3
-;Exceptionality;3
-;International Journal of Experimental Pathology;3
-;Rehabilitation Psychology;3
-;Optimization;3
-;Journal of Solution Chemistry;3
-;Language and Intercultural Communication;3
-;Reproduction in Domestic Animals;3
-;Quarterly Journal of Engineering Geology and Hydrogeology;3
-;Journal of Experimental Psychology-Human Perception and Performance;3
-;International Tax and Public Finance;3
-;Journal of Radioanalytical and Nuclear Chemistry;3
-;Journal of Laparoendoscopic & Advanced Surgical Techniques;3
-;Applied Magnetic Resonance;3
-;Journal of Combinatorial Theory Series A;3
-;IEEE Magnetics Letters;3
-;Social Justice Research;3
-;Annales de l'Institut Henri Poincare-Probabilites et Statistiques;3
-;Research in Gerontological Nursing;3
-;International Journal of Environmental Health Research;3
-;Statistics and Computing;3
-;International Journal of Psychiatry in Medicine;3
-;Petroleum Chemistry;3
-;Materials at High Temperatures;3
-;Review of International Economics;3
-;Ophthalmic Epidemiology;3
-;Annals of Nutrition and Metabolism;3
-;Journal of Electrical Engineering & Technology;3
-;Pediatric and Developmental Pathology;3
-;Plastics Rubber and Composites;3
-;Water International;3
-;Journal of Cardiac Surgery;3
-;Cultural Anthropology;3
-;Journal of Chemometrics;3
-;Psychology & Sexuality;3
-;Social Inclusion;3
-;Early Years;3
-;Stratigraphy and Geological Correlation;3
-;Marine and Coastal Fisheries;3
-;Time & Society;3
-;Horticulture Journal;3
-;Proceedings of the Institution of Mechanical Engineers Part A-Journal of Power and Energy;3
-;Atomic Data and Nuclear Data Tables;3
-;Meteorologische Zeitschrift;3
-;Jsls-Journal of the Society of Laparoendoscopic Surgeons;3
-;Journal of the European Optical Society-Rapid Publications;3
-;Protein and Peptide Letters;3
-;Freshwater Science;3
-;Discourse & Society;3
-;Measurement and Evaluation in Counseling and Development;3
-;IEEE Transactions on Plasma Science;3
-;Indian Journal of Medical Microbiology;3
-;Journal of Field Archaeology;3
-;Middle East Critique;3
-;Animal Welfare;3
-;Surgical Infections;3
-;Weather and Forecasting;3
-;Sexualities;3
-;Journal of the Royal Society of Medicine;3
-;Acta Scientiarum Polonorum-Hortorum Cultus;3
-;Journal of Molecular Spectroscopy;3
-;Clinics in Laboratory Medicine;3
-;Public Choice;3
-;Policing-An International Journal of Police Strategies & Management;3
-;Science China-Mathematics;3
-;Radio Science;3
-;Philosophical Magazine;3
-;Journal of Music Therapy;3
-;Second Language Research;3
-;Weed Research;3
-;Population Health Metrics;3
-;Political Studies Review;3
-;International Development Planning Review;3
-;African Journal of Ecology;3
-;Palliative & Supportive Care;3
-;Child & Family Social Work;3
-;Social Policy and Society;3
-;Journal of Nuclear Science and Technology;3
-;European Journal of Education;3
-;Transfusion Medicine and Hemotherapy;3
-;Journal of Veterinary Emergency and Critical Care;3
-;Zeitschrift fuer Angewandte Mathematik und Physik;3
-;Journal of Experimental Education;3
-;Neotropical Ichthyology;3
-;Brazilian Journal of Physics;3
-;European Political Science;3
-;Zeitschrift fuer Entwicklungspsychologie und Padagogische Psychologie;3
-;Journal of Fluorine Chemistry;3
-;Journal of Health Psychology;3
-;Landscape Research;3
-;Boundary Value Problems;3
-;Journal of Intellectual & Developmental Disability;3
-;First Language;3
-;Journal of Genetic Psychology;3
-;Engineering Computations;3
-;Journal of Geography;3
-;International Journal of Aerospace Engineering;3
-;International Finance;3
-;Culture and Organization;3
-;Journal of Sensors;3
-;Diatom Research;3
-;High Ability Studies;3
-;Journal of Histochemistry & Cytochemistry;3
-;Journal of Quality Technology;3
-;Nuclear Medicine Communications;3
-;Journal of Cosmetic and Laser Therapy;3
-;Asia-Pacific Journal of Teacher Education;3
-;Injury Prevention;3
-;Journal of Industrial Economics;3
-;Petroleum Geoscience;3
-;Ocean Dynamics;3
-;Journal of Risk and Insurance;3
-;Journal of School Health;3
-;Law & Policy;3
-;Biocell;3
-;Bioethics;3
-;Transportation Journal;3
-;South European Society and Politics;3
-;Journal of Pediatric Urology;3
-;Turkish Journal of Pediatrics;3
-;Journal of Low Temperature Physics;3
-;Journal of the Asia Pacific Economy;3
-;Journal of Ocean University of China;3
-;Journal of Contemporary Asia;3
-;European Review of Economic History;3
-;Journal of Macromolecular Science Part B-Physics;3
-;Agricultural Economics-Zemedelska Ekonomika;3
-;Journal of Mathematical Physics;3
-;International Journal for Numerical Methods in Fluids;3
-;Teaching of Psychology;3
-;Studies in Applied Mathematics;3
-;Comptes Rendus Chimie;3
-;Theoretical Criminology;3
-;Journal of Contemporary European Studies;3
-;Journal of the Experimental Analysis of Behavior;3
-;Folia Neuropathologica;3
-;Journal of Microscopy;3
-;Photogrammetric Engineering and Remote Sensing;3
-;Arthropod-Plant Interactions;3
-;Macromolecular Reaction Engineering;3
-;Botany Letters;3
-;Economics & Politics;3
-;International Journal of Urban and Regional Research;3
-;Journal of Women Politics & Policy;3
-;Social Science Quarterly;3
-;Drugs-Education Prevention and Policy;3
-;Ornithology;3
-;Cliometrica;3
-;Geophysical and Astrophysical Fluid Dynamics;3
-;Journal of Strain Analysis for Engineering Design;3
-;Proceedings of the Institution of Mechanical Engineers Part G-Journal of Aerospace Engineering;3
-;Strain;3
-;Strojniski Vestnik-Journal of Mechanical Engineering;3
-;R Journal;3
-;Australian Forestry;3
-;Journal of Molecular Histology;3
-;European Journal of Taxonomy;3
-;Calcolo;3
-;Australian Journal of Chemistry;3
-;Australian Mammalogy;3
-;Alcheringa;3
-;Remote Sensing Letters;3
-;Australian Journal of Psychology;3
-;Journal of Empirical Research on Human Research Ethics;3
-;Transactions of the Royal Society of Tropical Medicine and Hygiene;3
-;HSS Journal;3
-;Development Policy Review;3
-;Anaesthesia Critical Care & Pain Medicine;3
-;Social Psychology;3
-;Canadian Journal of Civil Engineering;3
-;Canadian Journal of Earth Sciences;3
-;Annals of Mathematics and Artificial Intelligence;3
-;MAPAN-Journal of Metrology Society of India;3
-;Canadian Public Policy-Analyse de Politiques;3
-;SIAM Review;3
-;Philosophical Psychology;3
-;Scandinavian Journal of Clinical & Laboratory Investigation;3
-;Annals of Dermatology;3
-;Biometrical Journal;3
-;Millennium-Journal of International Studies;3
-;Academic Pediatrics;3
-;International Journal of Data Warehousing and Mining;3
-;Indian Journal of Medical Research;3
-;Biochemical Genetics;3
-;Cutaneous and Ocular Toxicology;3
-;Technometrics;3
-;Nonlinearity;3
-;Clinical and Translational Radiation Oncology;3
-;Cerebrovascular Diseases;3
-;HEC Forum;3
-;Marine Biodiversity;3
-;Scottish Medical Journal;3
-;Journal of the Textile Institute;3
-;Biometrics;3
-;Journal of Immigrant and Minority Health;3
-;Journal of Minimal Access Surgery;3
-;Phytoparasitica;3
-;Journal of the American Board of Family Medicine;3
-;Journal of Gastrointestinal and Liver Diseases;3
-;International Journal of Offender Therapy and Comparative Criminology;3
-;Journal of South Asian Development;3
-;European Journal of Applied Mathematics;3
-;Emergency Medicine International;3
-;Mathematical Modelling of Natural Phenomena;3
-;Annual Review of Law and Social Science;3
-;Croatian Journal of Forest Engineering;3
-;Botanica Marina;3
-;Cytojournal;3
-;British Journal of Guidance & Counselling;3
-;Chemical & Pharmaceutical Bulletin;3
-;Occupational Therapy International;3
-;Journal of Applied Meteorology and Climatology;3
-;Social Work;3
-;Transition Metal Chemistry;3
-;Explore-The Journal of Science and Healing;3
-;Journal of Wuhan University of Technology-Materials Science Edition;3
-;Current Research in Translational Medicine;3
-;Medical Education;3
-;Communist and Post-Communist Studies;3
-;Palaeoworld;3
-;Fire and Materials;3
-;Journal of Experimental Zoology Part B-Molecular and Developmental Evolution;3
-;AIDS Care-Psychological and Socio-Medical Aspects of AIDS/Hiv;3
-;Optimization Letters;3
-;Asian Survey;3
-;Journal of Thoracic Disease;3
-;Revista Espanola de Quimioterapia;3
-;Quest;3
-;Radiocarbon;3
-;Journal of Cardiothoracic and Vascular Anesthesia;3
-;Biologicals;3
-;Radiologic Clinics of North America;3
-;Journal of Behavioral Education;3
-;Reading Teacher;3
-;Journal of Clinical Pediatric Dentistry;3
-;American Journal of Education;3
-;Journal of the Physical Society of Japan;3
-;Constructive Approximation;3
-;IEEE Signal Processing Magazine;3
-;Physics and Chemistry of Liquids;3
-;Neurorehabilitation;3
-;American Journal of Infection Control;3
-;Pharmacoepidemiology and Drug Safety;3
-;Distributed Computing;3
-;Journal of Educational and Psychological Consultation;3
-;Probability Theory and Related Fields;3
-;Laser Physics;3
-;Plant Breeding;3
-;Cryptogamie Mycologie;3
-;Oncology;3
-;Surgical Oncology Clinics of North America;3
-;Cleft Palate-Craniofacial Journal;3
-;International Journal of Network Management;3
-;Behavioral Disorders;3
-;Gravitation & Cosmology;3
-;Postgraduate Medical Journal;3
-;Oil Shale;3
-;Primates;3
-;Journal for the Study of Education and Development;3
-;Psychiatric Quarterly;3
-;Ultrastructural Pathology;3
-;PalZ;3
-;Palynology;3
-;Panminerva Medica;3
-;International Journal of Plant Sciences;3
-;Pediatric Clinics of North America;3
-;European Journal of Psychiatry;3
-;Western Journal of Nursing Research;3
-;Biotechnic & Histochemistry;3
-;Gaceta Sanitaria;3
-;Physical & Occupational Therapy in Pediatrics;3
-;Journal of Ornithology;3
-;International Journal of Computer Mathematics;3
-;Brain & Development;3
-;Naval Research Logistics;3
-;International Journal of Electronics;3
-;Journal of Hand Therapy;3
-;Atmospheric Science Letters;3
-;Journal of Neurosurgical Sciences;3
-;Adaptive Behavior;3
-;Spatial Cognition and Computation;3
-;International Journal of Gynecology & Obstetrics;3
-;Journal of Nursing Administration;3
-;Breast Cancer-Targets and Therapy;3
-;Health Economics Policy and Law;3
-;Journal of Research in Medical Sciences;3
-;Facial Plastic Surgery Clinics of North America;3
-;International Journal of Artificial Organs;3
-;Journal of Cardiovascular Nursing;3
-;International Journal of Neuroscience;3
-;Journal of Physical Organic Chemistry;3
-;International Angiology;3
-;Geodiversitas;3
-;International Journal of Numerical Modelling-Electronic Networks Devices and Fields;3
-;Journal of Building Physics;3
-;Lifetime Data Analysis;3
-;Environmetrics;3
-;Obstetrics and Gynecology Clinics of North America;3
-;Journal of Enhanced Heat Transfer;3
-;Ethology Ecology & Evolution;3
-;ESAIM-Control Optimisation and Calculus of Variations;3
-;IEEE Transactions on Semiconductor Manufacturing;3
-;Journal of Heuristics;3
-;Journal of Chemical Engineering of Japan;3
-;Ocean Science Journal;3
-;Clinics in Colon and Rectal Surgery;3
-;Ecoscience;3
-;Journal of Applied Biomechanics;3
-;Computational and Mathematical Organization Theory;3
-;Journal of Chromatographic Science;3
-;American Journal of Physical Medicine & Rehabilitation;3
-;Pharmacogenetics and Genomics;3
-;Development Growth & Differentiation;3
-;Pain Management Nursing;3
-;Plant Biosystems;3
-;Developmental Medicine and Child Neurology;3
-;Genetic Programming and Evolvable Machines;3
-;Chemistry of Heterocyclic Compounds;3
-;Space and Culture;3
-;Journal of Limnology;3
-;Optimization and Engineering;3
-;Chemotherapy;3
-;Food Biotechnology;3
-;Journal of Vascular Surgery-Venous and Lymphatic Disorders;3
-;Central European Journal of Public Health;3
-;International Journal of Computational Fluid Dynamics;3
-;Journal of the Chinese Chemical Society;3
-;Folia Geobotanica;3
-;Archives of Animal Nutrition;3
-;Clinica y Salud;3
-;Journal of Seismology;3
-;Czech Journal of Food Sciences;3
-;Marine Biology Research;3
-;Management and Organization Review;3
-;Journal of Analytical Chemistry;3
-;American Journal of Hypertension;3
-;E & M Ekonomie A Management;3
-;Journal of Racial and Ethnic Health disParities;3
-;Nucleosides Nucleotides & Nucleic Acids;3
-;Sleep Medicine;3
-;Biomedical Papers-Olomouc;3
-;Natural Resource Modeling;3
-;Personalized Medicine;3
-;Bulletin of Geosciences;3
-;Russian Journal of Bioorganic Chemistry;3
-;Acta Microbiologica et Immunologica Hungarica;3
-;Journal of Rubber Research;3
-;Historical Biology;3
-;Journal of Development Studies;3
-;Japanese Journal of Ophthalmology;3
-;Advances in Astronomy;3
-;Annales Scientifiques de l'Ecole Normale Superieure;3
-;Journal of Differential Geometry;3
-;Literacy;3
-;Russian Geology and Geophysics;3
-;Advances in Civil Engineering;3
-;Clinical Orthopaedics and Related Research;3
-;Journal of Drug Issues;3
-;Journal d'Analyse Mathematique;3
-;Economic Botany;3
-;Molecular Genetics and Metabolism Reports;3
-;Journal of Economic Education;3
-;Concurrent Engineering-Research and Applications;3
-;Journal of Midwifery & Womens Health;3
-;Maturitas;3
-;College & Research Libraries;3
-;Acta Biochimica Polonica;3
-;Journal of Southern Hemisphere Earth Systems Science;3
-;Pediatric Anesthesia;3
-;Education and Urban Society;3
-;Cellulose Chemistry and Technology;3
-;Commentarii Mathematici Helvetici;3
-;American Midland Naturalist;3
-;Acta Cardiologica;3
-;Geosciences Journal;3
-;Academic Emergency Medicine;3
-;International Journal of Urban Sciences;3
-;Sexually Transmitted Infections;3
-;Journal of Agricultural Science;3
-;Environmental Forensics;3
-;Ethical Theory and Moral Practice;3
-;Journal of Behavioral and Experimental Economics;3
-;Astronomy Letters-A Journal of Astronomy and Space Astrophysics;3
-;Journal of Experimental and Theoretical Physics;3
-;Advances in Skin & Wound Care;3
-;Journal of Offshore Mechanics and Arctic Engineering-Transactions of the Asme;3
-;Elementary School Journal;3
-;Canadian Water Resources Journal;3
-;Journal of the American Society for Horticultural Science;3
-;Journal of Sensory Studies;3
-;Social Work Research;3
-;Plasma Physics Reports;3
-;European Journal of Social Work;3
-;Acta Ornithologica;3
-;Japan Journal of Nursing Science;3
-;Avian Conservation and Ecology;3
-;Translational Cancer Research;3
-;Applied Bionics and Biomechanics;3
-;Ornithological Applications;3
-;Journal of Dermatology;3
-;Acta Parasitologica;3
-;Journal of Environmental Informatics;3
-;International Journal of Simulation Modelling;3
-;International Journal of Social Welfare;3
-;Journal of Information Systems;3
-;Angiology;3
-;Pediatric Critical Care Medicine;3
-;Nihon Reoroji Gakkaishi;3
-;Journal of Gynecology Obstetrics and Human Reproduction;3
-;Mathematical Modelling and Analysis;3
-;Florida Entomologist;3
-;Color Research and Application;3
-;Pediatric Transplantation;3
-;Folia Morphologica;3
-;Bipolar Disorders;3
-;Marine Ecology-An Evolutionary Perspective;3
-;Marine and Freshwater Behaviour and Physiology;3
-;Inorganic and Nano-Metal Chemistry;3
-;Western Journal of Emergency Medicine;3
-;Minerva Anestesiologica;3
-;International Journal of Industrial Engineering Computations;3
-;Logopedics Phoniatrics Vocology;3
-;Bioresources;3
-;Journal of Studies on Alcohol and Drugs;3
-;American Journal of Human Biology;3
-;Journal of Applied Remote Sensing;3
-;Agricultural & Environmental Letters;3
-;Isotopes in Environmental and Health Studies;3
-;Communications in Number Theory and Physics;3
-;Ciencia & Saude Coletiva;3
-;IETE Journal of Research;3
-;Phosphorus Sulfur and Silicon and the Related Elements;3
-;Journal of Morphology;3
-;Computer Aided Geometric Design;3
-;Linguistics and Philosophy;3
-;School Psychology;3
-;Multilingua-Journal of Cross-Cultural and Interlanguage Communication;3
-;Leukemia & Lymphoma;3
-;Clinical Neuropharmacology;3
-;Security and Communication Networks;3
-;Journal of Latinx Psychology;3
-;Geobios;3
-;Asia-Pacific Journal of Chemical Engineering;3
-;Women & Health;3
-;Seminars in Thoracic and Cardiovascular Surgery;3
-;Integrative Psychological and Behavioral Science;3
-;International Journal of Cultural Policy;3
-;Australasian Journal on Ageing;3
-;Journal of Mathematical Fluid Mechanics;3
-;Veterinary Immunology and Immunopathology;3
-;Journal of Electronic Packaging;3
-;Proceedings of the Geologists Association;3
-;Developmental Neurobiology;3
-;Geophysical Prospecting;3
-;JCR-Journal of Clinical Rheumatology;3
-;Foot and Ankle Clinics;3
-;PFG-Journal of Photogrammetry Remote Sensing and Geoinformation Science;3
-;Aesthetic Plastic Surgery;3
-;Acta Orthopaedica et Traumatologica Turcica;3
-;Mathematical Methods of Operations Research;3
-;BMJ Sexual & Reproductive Health;3
-;Psychiatria Danubina;3
-;Archives of Environmental & Occupational Health;3
-;Australian Journal of Rural Health;3
-;Anatomical Science International;3
-;Grana;3
-;Anais Brasileiros de Dermatologia;3
-;Croatian Medical Journal;3
-;Performance Evaluation;3
-;Journal of Law Economics & Organization;3
-;Sexual Health;3
-;Journal of Nanophotonics;3
-;European Journal for Philosophy of Science;3
-;Health Education Journal;3
-;Educational Gerontology;3
-;Journal of Mining and Metallurgy Section B-Metallurgy;3
-;Chemical Industry & Chemical Engineering Quarterly;3
-;Helvetica Chimica Acta;3
-;Journal of Veterinary Diagnostic Investigation;3
-;Urologic Oncology-Seminars and Original Investigations;3
-;Explorations in Economic History;3
-;Proceedings of the National Academy of Sciences India Section A-Physical Sciences;3
-;Journal of Dynamics and Differential Equations;3
-;Russian Journal of Plant Physiology;3
-;Journal of Public Health Management and Practice;3
-;In Vitro Cellular & Developmental Biology-Animal;3
-;Immunobiology;3
-;African Journal of Range & Forage Science;3
-;Elektronika ir Elektrotechnika;3
-;Journal of Interior Design;3
-;Zeitschrift fuer Erziehungswissenschaft;3
-;Acta Radiologica;3
-;Mathematische Annalen;3
-;New Zealand Journal of Botany;3
-;New Zealand Journal of Marine and Freshwater Research;3
-;Applied Psychological Measurement;3
-;Codesign-International Journal of Cocreation in Design and the Arts;3
-;Medical Clinics of North America;3
-;African Journal of Aquatic Science;3
-;Southern African Journal of HIV Medicine;3
-;Rhinology;3
-;Computational Methods in Applied Mathematics;3
-;Bulletin of the Menninger Clinic;3
-;Review of World Economics;3
-;Numerical Functional Analysis and Optimization;3
-;Current Analytical Chemistry;3
-;Orthopedics;3
-;Connective Tissue Research;3
-;North American Journal of Fisheries Management;3
-;Washington Quarterly;3
-;Tumori Journal;3
-;Journal of Nursing Education;3
-;Geo-Marine Letters;3
-;Cognitive Processing;3
-;Scandinavian Journal of Immunology;3
-;Deviant Behavior;3
-;International Journal of Gynecological Pathology;3
-;Journal of Individual Differences;3
-;Acta Chimica Slovenica;3
-;ORL-Journal for Oto-Rhino-Laryngology Head and Neck Surgery;3
-;Library Quarterly;3
-;Statistics in Medicine;3
-;Phenomenology and the Cognitive Sciences;3
-;Australian Journal of Social Issues;3
-;Emu-Austral Ornithology;3
-;Lithos;3
-;Interventional Neuroradiology;3
-;Review of Economics of the Household;3
-;National Tax Journal;3
-;Journal of Power Electronics;3
-;Science of Nature;3
-;International Journal of Steel Structures;3
-;Neurochirurgie;3
-;Journal of Experimental Psychology-Learning Memory and Cognition;3
-;Cellular and Molecular Biology;3
-;Historical Methods;3
-;International Journal of Dental Hygiene;3
-;Nordic Pulp & Paper Research Journal;3
-;Historic Environment-Policy & Practice;3
-;Journal of Mathematics;3
-;Genetic Epidemiology;3
-;Journal of Irrigation and Drainage Engineering;3
-;European Journal of Entomology;3
-;Stata Journal;3
-;International Journal of Heritage Studies;3
-;Annals of Thoracic and Cardiovascular Surgery;3
-;AIDS Education and Prevention;3
-;Environmental and Ecological Statistics;3
-;Policing-A Journal of Policy and Practice;3
-;Fashion Practice-The Journal of Design Creative Process & the Fashion Industry;3
-;Genes & Genetic Systems;3
-;Proceedings of the Institution of Civil Engineers-Geotechnical Engineering;3
-;International Journal of Health Policy and Management;3
-;Journal of Obstetrics and Gynaecology Research;3
-;APMIS;3
-;Real-Time Systems;3
-;Journal of Psychoeducational Assessment;3
-;Zebrafish;3
-;International Journal for Quality in Health Care;3
-;Bioimpacts;3
-;Journal of Cultural Economy;3
-;Iranian Journal of Science and Technology-Transactions of Electrical Engineering;3
-;Criminology & Criminal Justice;3
-;Bioanalysis;3
-;Journal of Eastern African Studies;3
-;Clinical Otolaryngology;3
-;Journal of Fire Sciences;3
-;Acta Agriculturae Scandinavica Section B-Soil and Plant Science;3
-;Advances in Archaeological Practice;3
-;Health Security;3
-;Journal of Electronic Testing-Theory and Applications;3
-;Journal of Engineering for Gas Turbines and Power-Transactions of the Asme;3
-;Urban Research & Practice;3
-;American Journal of Perinatology;3
-;Journal for Specialists in Pediatric Nursing;3
-;Animal Science Journal;3
-;Journal of Avian Biology;3
-;Pharmaceutical Statistics;3
-;Japanese Journal of Infectious Diseases;3
-;Journal of Cardiothoracic Surgery;3
-;Breeding Science;3
-;Mechanics & Industry;3
-;Behavioral Sciences & the Law;3
-;International Journal of Developmental Disabilities;3
-;Endocrine Research;3
-;Cultural Sociology;3
-;Baltic Journal of Road and Bridge Engineering;3
-;Journal of Mineralogical and Petrological Sciences;3
-;Journal of Geriatric Physical Therapy;3
-;Mediterranean Journal of Hematology and Infectious Diseases;3
-;Global Policy;3
-;Psychogeriatrics;3
-;Italian Journal of Geosciences;3
-;Cancer Investigation;3
-;MIS Quarterly Executive;3
-;Journal of Loss & Trauma;3
-;Journal of Clinical Research in Pediatric Endocrinology;3
-;Analog Integrated Circuits and Signal Processing;3
-;International Journal of Developmental Neuroscience;3
-;Digestive Endoscopy;3
-;Zookeys;3
-;Journal of Pesticide Science;3
-;Journal of Oceanography;3
-;International Heart Journal;3
-;Biosocieties;3
-;Journal of Social and Clinical Psychology;3
-;Geoscience Data Journal;3
-;Applied Immunohistochemistry & Molecular Morphology;3
-;Neuropathology;3
-;International Journal of Lower Extremity Wounds;3
-;AATCC Journal of Research;3
-;Public Health Nursing;3
-;Music Perception;3
-;Review of European Comparative & International Environmental Law;3
-;Journal of Veterinary Cardiology;3
-;Open Archaeology;3
-;Quarterly Journal of Experimental Psychology;3
-;Microscopy;3
-;Journal of Neurosurgical Anesthesiology;3
-;Conflict Management and Peace Science;3
-;IET Circuits Devices & Systems;3
-;Experimental Techniques;3
-;Journal of Chemical Research;3
-;International Journal for Multiscale Computational Engineering;3
-;Molecular Cytogenetics;3
-;Biochemia Medica;3
-;Journal of Planning Education and Research;3
-;Cytotechnology;3
-;Gender and Language;3
-;Journal of College Student Development;3
-;Zoo Biology;3
-;Water and Environment Journal;3
-;International Journal of Law Crime and Justice;3
-;Democratization;3
-;South African Journal of Economic and Management Sciences;3
-;Emergency Medicine Clinics of North America;3
-;Philosophy Compass;3
-;Military Psychology;3
-;International Journal of Biomathematics;3
-;Measurement Science Review;3
-;Journal of Cognitive Psychology;3
-;Translational Andrology and Urology;3
-;Biomarkers in Medicine;3
-;Journal of Aquatic Animal Health;3
-;Journal of the American Pharmacists Association;3
-;Translational Pediatrics;3
-;Infection Control and Hospital Epidemiology;3
-;Biocontrol Science and Technology;3
-;Environmental Archaeology;3
-;International Journal of RF and Microwave Computer-Aided Engineering;3
-;Journal of Cryptographic Engineering;3
-;Medical Dosimetry;3
-;International Journal on Artificial Intelligence Tools;3
-;Journal of Palliative Medicine;3
-;Veterinary Clinics of North America-Food Animal Practice;3
-;Journal of Biological Systems;3
-;Cambridge Quarterly of Healthcare Ethics;3
-;Journal of Turbulence;3
-;International Journal of Uncertainty Fuzziness and Knowledge-Based Systems;3
-;Geoarchaeology-An International Journal;3
-;Journal of Applied Animal Welfare Science;3
-;Clinics in Plastic Surgery;3
-;Bioremediation Journal;3
-;Ethnicities;3
-;Journal of Early Childhood Literacy;3
-;Journal of Broadcasting & Electronic Media;3
-;Journal of Sustainable Cement-Based Materials;3
-;Cellular Microbiology;3
-;Feminism & Psychology;3
-;Career Development and Transition for Exceptional Individuals;3
-;Journal of Movement Disorders;3
-;JPC-Journal of Planar Chromatography-Modern TLC;3
-;Formal Methods in System Design;3
-;Cellular Reprogramming;3
-;Analysis and Applications;3
-;Journal of Statistical Computation and Simulation;3
-;Journal of Vacuum Science & Technology B;3
-;Journal of Molluscan Studies;3
-;American Journal of Potato Research;3
-;Sensor Review;3
-;Economic Inquiry;3
-;Journal of Complexity;3
-;Scottish Geographical Journal;3
-;Annals of Glaciology;3
-;Therapeutic Hypothermia and Temperature Management;3
-;Nuclear Data Sheets;3
-;Polar Research;3
-;Journal of Cultural Economics;3
-;Cambridge Archaeological Journal;3
-;Acta Paediatrica;3
-;Applied Mathematics and Optimization;3
-;Nordic Journal of Psychiatry;3
-;Proceedings of the Institution of Mechanical Engineers Part L-Journal of Materials-Design and Applications;3
-;Atla-Alternatives to Laboratory Animals;3
-;Journal of Nursing Regulation;3
-;Crystal Research and Technology;3
-;Young;3
-;Measurement in Physical Education and Exercise Science;3
-;International Journal of Coal Preparation and Utilization;3
-;Synlett;3
-;Journal of Combinatorial Theory Series B;3
-;Cognitive Linguistics;3
-;Journal of Coordination Chemistry;3
-;World Journal of Gastrointestinal Surgery;3
-;Museum Management and Curatorship;3
-;Petroleum Science and Technology;3
-;Clinical Oncology;3
-;Australian Journal of Earth Sciences;3
-;Politics Groups and Identities;3
-;Journal of Psycholinguistic Research;3
-;International Journal of Housing Policy;3
-;Human Psychopharmacology-Clinical and Experimental;3
-;Australasian Plant Pathology;3
-;Social & Cultural Geography;3
-;Reference Services Review;3
-;Chemoecology;3
-;Clinical and Experimental Optometry;3
-;Sport Exercise and Performance Psychology;3
-;Proceedings of the Institution of Civil Engineers-Structures and Buildings;3
-;International Journal of Parallel Programming;3
-;Journal of Aggression Maltreatment & Trauma;3
-;Journal of Chemotherapy;3
-;Clinical Social Work Journal;3
-;Current Treatment Options in Neurology;3
-;Economic Theory;3
-;Computational Intelligence;3
-;European Journal of Ophthalmology;3
-;Journal of Infection in Developing Countries;3
-;Polymer Science Series A;3
-;Canadian Journal of School Psychology;3
-;Theory Culture & Society;3
-;AIP Advances;3
-;Journal of Agricultural Engineering;3
-;Journal of the American Water Resources Association;3
-;Technology and Health Care;3
-;Anticancer Research;3
-;Seed Science and Technology;3
-;Horticultural Science;3
-;European Journal of Pediatric Surgery;3
-;Clinical Pharmacology in Drug Development;3
-;Systemic Practice and Action Research;3
-;Journal of Computational Neuroscience;3
-;Critical Asian Studies;3
-;Revista Brasileira de Parasitologia Veterinaria;3
-;Annals of Anatomy-Anatomischer Anzeiger;3
-;Archives de Pediatrie;3
-;Management of Biological Invasions;3
-;Meteoritics & Planetary Science;3
-;Geochemistry-Exploration Environment Analysis;3
-;Astrophysical Bulletin;3
-;Arthropod Structure & Development;3
-;Death Studies;3
-;Chinese Sociological Review;3
-;Advances in Theoretical and Mathematical Physics;3
-;International Journal of Oral & Maxillofacial Implants;3
-;Human Dimensions of Wildlife;3
-;History of Geo- and Space Sciences;3
-;Criminal Behaviour and Mental Health;3
-;Comparative Cytogenetics;3
-;Flavour and Fragrance Journal;3
-;Feminist Media Studies;3
-;International Journal of Music Education;3
-;Health;3
-;Environment and Development Economics;3
-;Proceedings of the Institution of Civil Engineers-Engineering Sustainability;3
-;Vox Sanguinis;3
-;Journal of Thoracic and Cardiovascular Surgery;3
-;Phase Transitions;3
-;Journal of Baltic Science Education;3
-;Natural Product Research;3
-;Physical Geography;3
-;Journal of Wildlife Management;3
-;Welding Journal;3
-;Evaluation;3
-;Evolutionary Psychology;3
-;IMA Journal of Applied Mathematics;3
-;Microelectronics International;3
-;Minimally Invasive Therapy & Allied Technologies;3
-;Horticultura Brasileira;3
-;World Archaeology;3
-;Journal of Pension Economics & Finance;3
-;Cadernos de Saude Publica;3
-;Mind & Language;3
-;Journal of Optimization Theory and Applications;3
-;Journal of Engineering Mathematics;3
-;Acta Cirurgica Brasileira;3
-;Youth & Society;3
-;Anthropology & Medicine;3
-;Ethnic and Racial Studies;3
-;Body & Society;3
-;Journal of Paleontology;3
-;Journal of Consumer Protection and Food Safety;3
-;Clinical Physiology and Functional Imaging;3
-;Laterality;3
-;African Health Sciences;3
-;Vascular Medicine;3
-;Sociological Spectrum;3
-;Polimeros-Ciencia e Tecnologia;3
-;Memoirs of the American Mathematical Society;3
-;Journal of Forensic Sciences;3
-;Journal of Philosophical Logic;3
-;Journal of Functional Analysis;3
-;CERNE;3
-;International Journal of Forest Engineering;3
-;Journal of Human Rights;3
-;Zoologischer Anzeiger;3
-;International Journal of Bilingualism;3
-;Journal of Geology;3
-;Science and Technology of Nuclear Installations;3
-;New Zealand Journal of Crop and Horticultural Science;3
-;Journal of Helminthology;3
-;Optimal Control Applications & Methods;3
-;Revista Latinoamericana de Psicologia;3
-;Australian Journal of Botany;3
-;British Journal of Social Work;3
-;Journal of Human Resources;3
-;IMA Journal of Mathematical Control and Information;3
-;International Journal for Academic Development;3
-;Journal of Research in Music Education;3
-;Journal of Industrial Relations;3
-;Party Politics;3
-;Building Services Engineering Research & Technology;3
-;Malaysian Journal of Computer Science;3
-;Tohoku Journal of Experimental Medicine;3
-;Clinical Linguistics & Phonetics;3
-;Sociological Research Online;3
-;Journal of Ship Research;3
-;Engineering in Life Sciences;3
-;Cognitive Neuropsychiatry;3
-;Statistical Methods and Applications;3
-;Experimental Psychology;3
-;Journal of Freshwater Ecology;3
-;Journal of Special Education;3
-;Journal of Clinical Psychopharmacology;3
-;Journal of Tropical Ecology;3
-;Journal of Structural Chemistry;3
-;Journal of Mathematical Analysis and Applications;3
-;Public Administration and Development;3
-;Journal of Mathematical Psychology;3
-;Urologia Internationalis;3
-;Indiana University Mathematics Journal;3
-;Language & Communication;3
-;International Journal of Astrobiology;3
-;Information Development;3
-;European Journal of Contraception and Reproductive Health Care;3
-;Chinese Physics B;3
-;Topics in Language Disorders;3
-;International Journal of Circuit Theory and Applications;3
-;Expert Review of Pharmacoeconomics & Outcomes Research;3
-;Annals Academy of Medicine Singapore;3
-;Networks & Spatial Economics;3
-;Proteomics Clinical Applications;3
-;Bulletin of Entomological Research;3
-;Open Life Sciences;3
-;Journal of Child Language;3
-;Astrophysics and Space Science;3
-;Open Geosciences;3
-;Theoretical Ecology;3
-;Journal of Wound Care;3
-;Proceedings of the Institution of Mechanical Engineers Part D-Journal of Automobile Engineering;3
-;Australian & New Zealand Journal of Obstetrics & Gynaecology;3
-;Journal of Computational and Nonlinear Dynamics;3
-;Clinical Psychology-Science and Practice;3
-;Asta-Advances in Statistical Analysis;3
-;MEDICC Review;3
-;Journal of Cranio-Maxillofacial Surgery;3
-;Axioms;3
-;Annals of the Royal College of Surgeons of England;3
-;Regional Studies in Marine Science;3
-;Australian Social Work;3
-;Natural Computing;3
-;Studies in Comparative International Development;3
-;Bulletin of the Chemical Society of Ethiopia;3
-;Biosemiotics;3
-;Canadian Journal of Agricultural Economics-Revue Canadienne d'Agroeconomie;3
-;Rural Sociology;3
-;Australian Journal of Public Administration;3
-;Stereotactic and Functional Neurosurgery;3
-;Circuit World;3
-;European Journal of Emergency Medicine;3
-;Fisheries Management and Ecology;3
-;Cultural Trends;3
-;Security Journal;3
-;Journal of Island & Coastal Archaeology;3
-;Canadian Journal of Economics-Revue Canadienne d'Economique;3
-;Transaction of the Canadian Society for Mechanical Engineering;3
-;Archives of Endocrinology Metabolism;3
-;IEEE Computer Architecture Letters;3
-;Journal of Ambient Intelligence and Smart Environments;3
-;Journal of Refugee Studies;3
-;Fetal Diagnosis and Therapy;3
-;Oxford Bulletin of Economics and Statistics;3
-;International Journal of Clothing Science and Technology;3
-;Breastfeeding Medicine;3
-;Advances in Cement Research;3
-;South African Journal of Business Management;3
-;Periodica Polytechnica-Chemical Engineering;3
-;Language and Cognition;3
-;Journal of Medical Toxicology;3
-;Hague Journal on the Rule of Law;3
-;Behavioural Pharmacology;3
-;Canadian Journal of Zoology;3
-;Science Progress;3
-;Journal of Psychologists and Counsellors in Schools;3
-;Pediatric Neurosurgery;3
-;Biologia Plantarum;3
-;International Journal of Std & AIDS;3
-;ACM Transactions on Algorithms;3
-;Ancient Mesoamerica;3
-;Journal of Physiotherapy;3
-;Materials Science-Poland;3
-;Journal of Cancer Research and Therapeutics;3
-;International Journal of Computers Communications & Control;3
-;Bird Study;3
-;Journal of Polymer Engineering;3
-;Johnson Matthey Technology Review;3
-;Journal of Cardiovascular Medicine;3
-;Biological Psychiatry-Cognitive Neuroscience and Neuroimaging;3
-;Indian Journal of Physics;3
-;Gait & Posture;3
-;Journal of Zoology;3
-;Brain Behavior and Evolution;3
-;Tijdschrift voor Economische en Sociale Geografie;3
-;Revista da Sociedade Brasileira de Medicina Tropical;3
-;Journal of Engineered Fibers and Fabrics;3
-;International Journal of Aeronautical and Space Sciences;3
-;Journal of Inorganic Materials;3
-;Journal of Managed Care & Specialty Pharmacy;3
-;Heart Failure Clinics;3
-;Interacting With Computers;3
-;Journal of Economic Interaction and Coordination;3
-;Materials and Corrosion-Werkstoffe und Korrosion;3
-;Review of Income and Wealth;3
-;International Journal of Pest Management;3
-;Experimental and Clinical Endocrinology & Diabetes;3
-;British Journal of Mathematical & Statistical Psychology;3
-;HLA;3
-;Obesity Research & Clinical Practice;3
-;Cytometry Part A;3
-;Motivation Science;3
-;Stochastic Processes and Their Applications;3
-;Southern Forests;3
-;Surgical Innovation;3
-;Physica Status Solidi A-Applications and Materials Science;3
-;Neuroimaging Clinics of North America;3
-;Journal of Community & Applied Social Psychology;3
-;Human Resource Development Quarterly;3
-;Modern Physics Letters A;3
-;Radiochimica Acta;3
-;Veterinary Clinics of North America-Small Animal Practice;3
-;Radioprotection;3
-;Philosophy of Science;3
-;Journal of Cardiovascular Electrophysiology;3
-;Intervention in School and Clinic;3
-;Journal of Classification;3
-;Diseases of Aquatic Organisms;3
-;Journal of Back and Musculoskeletal Rehabilitation;3
-;Small Group Research;3
-;Journal of Child Sexual Abuse;3
-;Annals of Epidemiology;3
-;Nursing Research;3
-;Journal of Biopharmaceutical Statistics;3
-;Cardiovascular Pathology;3
-;Journal of Public Health Policy;3
-;OMEGA-Journal of Death and Dying;3
-;Lithic Technology;3
-;Onderstepoort Journal of Veterinary Research;3
-;Language Acquisition;3
-;International Journal of Periodontics & Restorative Dentistry;3
-;Cancer Epidemiology Biomarkers & Prevention;3
-;Atmosfera;3
-;Organic Preparations and Procedures International;3
-;Orthopedic Clinics of North America;3
-;Child and Adolescent Psychiatric Clinics of North America;3
-;Powder Metallurgy;3
-;Otolaryngologic Clinics of North America;3
-;Prison Journal;3
-;American Journal of Hospice & Palliative Medicine;3
-;Studies in Conflict & Terrorism;3
-;Clinical Journal of Sport Medicine;3
-;Neurologia;3
-;Quarterly Journal of Mechanics and Applied Mathematics;3
-;Business Ethics Quarterly;3
-;Journal of the American Planning Association;3
-;Aeronautical Journal;3
-;International Journal of Control;3
-;Language Sciences;3
-;World Rabbit Science;3
-;Seminars in Dialysis;3
-;Artificial Life;3
-;Biomedical Research-Tokyo;3
-;Infant and Child Development;3
-;Pharmacogenomics & Personalized Medicine;3
-;Journal of Biological Education;3
-;Comparative Biochemistry and Physiology D-Genomics & Proteomics;3
-;Journal of School Nursing;3
-;Journal of Comparative Policy Analysis;3
-;Annals of Applied Biology;3
-;Journal of Agromedicine;3
-;Cancer Radiotherapie;3
-;Annals of Otology Rhinology and Laryngology;3
-;Journal of Behavioral Decision Making;3
-;European Physical Journal-Applied Physics;3
-;Forum-A Journal of Applied Research in Contemporary Politics;3
-;Ships and Offshore Structures;3
-;Korean Circulation Journal;3
-;Irrigation and Drainage;3
-;Propellants Explosives Pyrotechnics;3
-;International Migration;3
-;Endokrynologia Polska;3
-;Archives of Physiology and Biochemistry;3
-;Weed Technology;3
-;Applied Biochemistry and Microbiology;3
-;Korean Journal of Metals and Materials;3
-;American Journal of Criminal Justice;3
-;Ophthalmic Genetics;3
-;Journal of Human Lactation;3
-;Soil & Sediment Contamination;3
-;Transactions of the American Fisheries Society;3
-;Annals of Vascular Surgery;3
-;Journal of Empirical Legal Studies;3
-;Management & Organizational History;3
-;Comparative Medicine;3
-;Archaeometry;3
-;Russian Journal of Nondestructive Testing;3
-;Irish Journal of Medical Science;3
-;Journal of Computational and Graphical Statistics;3
-;Journal of Computer and System Sciences;3
-;Czech Journal of Animal Science;3
-;Architectural Engineering and Design Management;3
-;Plant Protection Science;3
-;Diseases of the Colon & Rectum;3
-;Applied Measurement in Education;3
-;Documenta Ophthalmologica;3
-;JETP Letters;3
-;Doklady Physical Chemistry;3
-;International Journal of Forensic Mental Health;3
-;American Journal of Medicine;3
-;TOP;3
-;Psychology Crime & Law;3
-;International Journal of Chemical Kinetics;3
-;Journal of Statistical Planning and Inference;3
-;Carbonates and Evaporites;3
-;Journal of Public Health;3
-;Advances in High Energy Physics;3
-;Eastern European Economics;3
-;Clinical Obstetrics and Gynecology;3
-;Materials Science;3
-;Advances in Condensed Matter Physics;3
-;Materials Research-Ibero-American Journal of Materials;3
-;Clinical Radiology;3
-;Acta Palaeontologica Polonica;3
-;AIDS Reviews;3
-;Journal for the Theory of Social Behaviour;3
-;Advances in Mathematical Physics;3
-;Genesis;3
-;International Journal of Optics;3
-;International Journal of Health Economics and Management;3
-;Combustion Science and Technology;3
-;Neurotoxicology and Teratology;3
-;Acta Biotheoretica;3
-;Journal of Environmental and Public Health;3
-;Journal of Fourier Analysis and Applications;3
-;Journal of Contemporary Brachytherapy;3
-;Educational Philosophy and Theory;3
-;Progres en Urologie;3
-;Journal of Aircraft;3
-;Russian Journal of Coordination Chemistry;3
-;Revista Iberoamericana de Automatica e Informatica Industrial;3
-;Journal of the Royal Society Interface;3
-;Journal of Asia-Pacific Entomology;3
-;Biomedical Engineering-Biomedizinische Technik;3
-;South African Journal of Chemistry-Suid-Afrikaanse Tydskrif vir Chemie;3
-;Numerical Linear Algebra With Applications;3
-;Insectes Sociaux;3
-;Computer Journal;3
-;American Statistician;3
-;Acta Oto-Laryngologica;3
-;Holistic Nursing Practice;3
-;Canadian Journal of Plant Pathology;3
-;International Studies Perspectives;3
-;Pediatric Hematology and Oncology;3
-;International Journal of Prosthodontics;3
-;Acta Psychologica;3
-;Island Studies Journal;3
-;Journal of Vibration and Acoustics-Transactions of the Asme;3
-;Entomologia Experimentalis et Applicata;3
-;Microbiology and Immunology;3
-;Philosophical Explorations;3
-;African Journal of Emergency Medicine;3
-;Annals of the Entomological Society of America;3
-;Journal of Intelligent & Fuzzy Systems;3
-;ACM Transactions on Computational Logic;3
-;Corrosion;3
-;Developmental Dynamics;3
-;International Journal of Medicinal Mushrooms;3
-;Annals of Agricultural and Environmental Medicine;3
-;Parenting-Science and Practice;3
-;Anesthesiology;3
-;Accounting Horizons;3
-;Analyses of Social Issues and Public Policy;3
-;Nonlinear Analysis-Modelling and Control;3
-;International Journal of Sports Medicine;3
-;Insurance Mathematics & Economics;3
-;Russian Journal of Electrochemistry;3
-;Homo-Journal of Comparative Human Biology;3
-;Botany;3
-;World Journal of Emergency Medicine;3
-;SIAM Journal on Applied Algebra and Geometry;3
-;Foreign Language Annals;3
-;Nuclear Physics A;3
-;SPE Production & Operations;3
-;Main Group Chemistry;3
-;Scandinavian Cardiovascular Journal;3
-;Journal of Neurogenetics;3
-;Social Work in Public Health;3
-;IEEE Journal of Quantum Electronics;3
-;Drug and Alcohol Dependence;3
-;Ichnos-An International Journal for Plant and Animal Traces;3
-;Bundesgesundheitsblatt-Gesundheitsforschung-Gesundheitsschutz;3
-;Foundations of Physics;3
-;Forest Pathology;3
-;Journal of Experimental Zoology Part A-Ecological and Integrative Physiology;3
-;Acta Applicandae Mathematicae;3
-;Birth Defects Research;3
-;Oral and Maxillofacial Surgery Clinics of North America;3
-;Culture Medicine and Psychiatry;3
-;Instrumentation Science & Technology;3
-;European Journal of Lipid Science and Technology;3
-;Revista Brasileira de Engenharia Agricola e Ambiental;3
-;Empirical Economics;3
-;Journal of Deaf Studies and Deaf Education;3
-;Nonlinear Analysis-Theory Methods & Applications;3
-;ACM Transactions on Database Systems;3
-;Photobiomodulation Photomedicine and Laser Surgery;3
-;Journal of Reproductive Immunology;3
-;Audiology and Neuro-Otology;3
-;IEEE Transactions on Nuclear Science;3
-;Early Childhood Education Journal;3
-;AIMS Mathematics;3
-;Geochemical Journal;3
-;Informs Journal on Applied Analytics;3
-;Collabra-Psychology;3
-;Economics Letters;3
-;Journal of Peptide Science;3
-;Journal of Inequalities and Applications;3
-;Journal of Science and Medicine in Sport;3
-;American Journal of Therapeutics;3
-;Nursing & Health Sciences;3
-;Journal of Transcultural Nursing;3
-;Annales Henri Poincare;3
-;Systematic Botany;3
-;Journal of Evolution Equations;3
-;Journal of Social Work Education;3
-;Problems of Post-Communism;3
-;Brain Impairment;3
-;Journal of Computer Languages;3
-;Nuclear Instruments & Methods in Physics Research Section B-Beam Interactions With Materials and Atoms;3
-;Geriatrics & Gerontology International;3
-;All Life;3
-;Journal of Computer Assisted Tomography;3
-;Systematic Parasitology;3
-;Scandinavian Actuarial Journal;3
-;Central European Journal of Immunology;3
-;Clinical Nuclear Medicine;3
-;Journal of Occupational and Environmental Medicine;3
-;Journal of Mass Spectrometry;3
-;European Journal of Health Psychology;3
-;Industrial Health;3
-;World Journal of Surgery;3
-;Health Promotion Journal of Australia;3
-;Industrial Relations;3
-;Dyslexia;3
-;Contemporary Nurse;3
-;Journal of Vascular Research;3
-;Journal of Plastic Film & Sheeting;3
-;Grasas y Aceites;3
-;Journal of Psychology in Africa;3
-;Australasian Journal of Environmental Management;3
-;Wound Management & Prevention;3
-;New Forests;3
-;Journalism & Mass Communication Quarterly;3
-;Qualitative Inquiry;3
-;International Journal of Paleopathology;3
-;Journal of Spatial Science;3
-;Journal of Hymenoptera Research;3
-;Intellectual and Developmental Disabilities;3
-;Journal of Electron Spectroscopy and Related Phenomena;3
-;Journal of Oncology Pharmacy Practice;3
-;IEEE Robotics & Automation Magazine;3
-;African Entomology;3
-;Mathematical Methods in the Applied Sciences;3
-;Pigment & Resin Technology;3
-;Journal of the American Psychiatric Nurses Association;3
-;Physica Status Solidi B-Basic Solid State Physics;3
-;Journal of Russian Laser Research;3
-;Journal of Orofacial Orthopedics-Fortschritte der Kieferorthopadie;3
-;Tropical Plant Biology;3
-;European Physical Journal B;3
-;Journal of Spinal Cord Medicine;3
-;Finite Fields and Their Applications;3
-;Pediatric Cardiology;3
-;Cryptography and Communications-Discrete-Structures Boolean Functions and Sequences;3
8168;New Zealand Journal of Agricultural Research;2
-;Mathematische Nachrichten;2
-;Condensed Matter Physics;2
-;Journal of Arachnology;2
-;Doklady Biochemistry and Biophysics;2
-;Advances in Nursing Science;2
-;Qualitative Sociology;2
-;Fiber and Integrated Optics;2
-;Physiotherapy Canada;2
-;Nous;2
-;South African Journal of Psychiatry;2
-;Theoretical Computer Science;2
-;Archivos de Bronconeumologia;2
-;Medicine Science and the Law;2
-;Current Medical Imaging;2
-;Current Pharmaceutical Analysis;2
-;PACE-Pacing and Clinical Electrophysiology;2
-;Metroeconomica;2
-;European Journal of Horticultural Science;2
-;Microbiology;2
-;Sigmod Record;2
-;Veterinary Clinical Pathology;2
-;Micropaleontology;2
-;Acta Neurologica Belgica;2
-;Empirical Studies of the Arts;2
-;Laboratory Animals;2
-;Resuscitation;2
-;Human Studies;2
-;Scandinavian Journal of Rheumatology;2
-;Journal of Policy Analysis and Management;2
-;Revista de la Real Academia de Ciencias Exactas Fisicas y Naturales Serie A-Matematicas;2
-;Clinical Nephrology;2
-;Image Analysis & Stereology;2
-;Acta Geographica Slovenica-Geografski Zbornik;2
-;Social Behavior and Personality;2
-;Libri-International Journal of Libraries and Information Studies;2
-;Annales de Dermatologie et de Venereologie;2
-;Fixed Point Theory;2
-;Monist;2
-;Linear Algebra and Its Applications;2
-;Carpathian Journal of Mathematics;2
-;Community Ecology;2
-;Journal of Crustacean Biology;2
-;Lithology and Mineral Resources;2
-;Nexus Network Journal;2
-;Journal of Language and Politics;2
-;Journal of Oral and Maxillofacial Surgery;2
-;Nagoya Mathematical Journal;2
-;Proceedings of the London Mathematical Society;2
-;Annals of Geophysics;2
-;Radiation Protection Dosimetry;2
-;Journal of Oral Implantology;2
-;Journal of East Asian Studies;2
-;Scanning;2
-;Nervenarzt;2
-;Journal of Visual Impairment & Blindness;2
-;Marine Technology Society Journal;2
-;Journal of Psychosocial Nursing and Mental Health Services;2
-;Ophthalmic Plastic and Reconstructive Surgery;2
-;Journal of Investigative Psychology and Offender Profiling;2
-;RBGN-Revista Brasileira de Gestao de Negocios;2
-;Brazilian Journal of Geology;2
-;International Journal of Community Music;2
-;History and Technology;2
-;Ichthyological Research;2
-;International Journal of Transitional Justice;2
-;Paleontological Research;2
-;Echocardiography-A Journal of Cardiovascular Ultrasound and Allied Techniques;2
-;Mammal Study;2
-;Arts & Health;2
-;European Thyroid Journal;2
-;Acta Crystallographica Section F-Structural Biology Communications;2
-;Paediatrics and International Child Health;2
-;Open Economies Review;2
-;Perspectives in Public Health;2
-;Thoracic Surgery Clinics;2
-;Global Health Promotion;2
-;Netherlands Quarterly of Human Rights;2
-;Language Learning and Development;2
-;Journal of Demographic Economics;2
-;International Journal of Bio-Inspired Computation;2
-;Journal of Urban Affairs;2
-;Food Science and Technology Research;2
-;Journal of Topology;2
-;Computer Science and Information Systems;2
-;International Journal of Nursing Knowledge;2
-;Wood and Fiber Science;2
-;INRA Productions Animales;2
-;Journal of Crime & Justice;2
-;Turkish Journal of Fisheries and Aquatic Sciences;2
-;EFSA Journal;2
-;Plant Molecular Biology Reporter;2
-;Asian Economic Policy Review;2
-;Yonago Acta Medica;2
-;Archaeology in Oceania;2
-;Journal of Astronomical Telescopes Instruments and Systems;2
-;Journal of Emergency Medicine;2
-;Journal of Ethnicity in Substance Abuse;2
-;Memory Studies;2
-;Phytokeys;2
-;Journal of Elections Public Opinion and Parties;2
-;Philosophical Issues;2
-;Journal of the Ceramic Society of Japan;2
-;Stat;2
-;IEICE Electronics Express;2
-;Javnost-The Public;2
-;Facial Plastic Surgery;2
-;Pediatric Dermatology;2
-;Industrial and Organizational Psychology-Perspectives on Science and Practice;2
-;Nephrology;2
-;Ergo-An Open Access Journal of Philosophy;2
-;Journal of Poverty and Social Justice;2
-;Clinical Case Studies;2
-;Economic Anthropology;2
-;Phycological Research;2
-;Critical Sociology;2
-;Physics of Wave Phenomena;2
-;Journal of Shellfish Research;2
-;i-Perception;2
-;Journal of Integral Equations and Applications;2
-;Educational Measurement-Issues and Practice;2
-;Asia & the Pacific Policy Studies;2
-;Molluscan Research;2
-;Molecular Crystals and Liquid Crystals;2
-;Sociology of Race and Ethnicity;2
-;Child & Family Behavior Therapy;2
-;British Politics;2
-;Journal of Electromagnetic Waves and Applications;2
-;Forum of Mathematics Sigma;2
-;Journal of Carbohydrate Chemistry;2
-;Journal of Operational Oceanography;2
-;Health Care for Women International;2
-;Transactions of Famena;2
-;Proceedings of the Institution of Mechanical Engineers Part O-Journal of Risk and Reliability;2
-;Functional Materials Letters;2
-;IEEE Software;2
-;Earth Sciences Research Journal;2
-;Music Education Research;2
-;Journal of Circuits Systems and Computers;2
-;Malawi Medical Journal;2
-;South African Journal of Education;2
-;International Journal of Software Engineering and Knowledge Engineering;2
-;Journal of Fish and Wildlife Management;2
-;International Journal of Clinical Pharmacology and Therapeutics;2
-;Hand Clinics;2
-;Veterinary Clinics of North America-Equine Practice;2
-;International Journal of Modern Physics E;2
-;Journal of Balkan and Near Eastern Studies;2
-;Zeitschrift fuer Naturforschung Section A-A Journal of Physical Sciences;2
-;Human Rights Law Review;2
-;Men and Masculinities;2
-;Zeitschrift fuer Arbeits-Und Organisationspsychologie;2
-;SAMJ South African Medical Journal;2
-;Research and Theory for Nursing Practice;2
-;Bio-Medical Materials and Engineering;2
-;Punishment & Society-International Journal of Penology;2
-;Journal of Multicultural Counseling and Development;2
-;Communications in Contemporary Mathematics;2
-;IEEE Internet Computing;2
-;Colorectal Disease;2
-;Journal of Logic Language and Information;2
-;Fluctuation and Noise Letters;2
-;Journal of Perianesthesia Nursing;2
-;Traitement du Signal;2
-;Advances in Complex Systems;2
-;Journal of the Philosophy of Sport;2
-;Revista Mexicana de Ciencias Pecuarias;2
-;Materialwissenschaft und Werkstofftechnik;2
-;Politikon;2
-;Journal of Pressure Vessel Technology-Transactions of the Asme;2
-;Veterinary Ophthalmology;2
-;Journal of Algebraic Combinatorics;2
-;International Journal of Wavelets Multiresolution and Information Processing;2
-;Race and Justice;2
-;International Journal of Quantum Information;2
-;Jundishapur Journal of Microbiology;2
-;Social Anthropology;2
-;Sociological Forum;2
-;Potential Analysis;2
-;Religion Brain & Behavior;2
-;International Journal of Computational Methods;2
-;Spin;2
-;Review of Higher Education;2
-;International Journal of Psychological Research;2
-;Canadian Journal of Development Studies-Revue Canadienne d'Etudes du Developpement;2
-;GFF;2
-;Journal of the Society for Social Work and Research;2
-;Social & Legal Studies;2
-;Nordic Journal of Music Therapy;2
-;Feminist Theory;2
-;International Journal of Toxicology;2
-;Biochemistry and Molecular Biology Education;2
-;Urban Policy and Research;2
-;Nationalities Papers-The Journal of Nationalism and Ethnicity;2
-;Families Systems & Health;2
-;Exploration Geophysics;2
-;IEEE Design & Test;2
-;Bulletin of the Atomic Scientists;2
-;Gynecologic Oncology;2
-;Proceedings of the Institution of Civil Engineers-Municipal Engineer;2
-;Russian Journal of Numerical Analysis and Mathematical Modelling;2
-;Proceedings of the Institution of Civil Engineers-Transport;2
-;Computational Economics;2
-;Modern China;2
-;Nigerian Journal of Clinical Practice;2
-;Statistical Modelling;2
-;Pharmaceutical Chemistry Journal;2
-;Journal of Cancer Education;2
-;Journal of Inverse and Ill-Posed Problems;2
-;African Archaeological Review;2
-;Canadian Journal of Administrative Sciences-Revue Canadienne des Sciences de l'Administration;2
-;Hip International;2
-;International Forestry Review;2
-;Journal of Clinical Ultrasound;2
-;Ethnography;2
-;Pragmatics & Cognition;2
-;Revue Scientifique et Technique-Office International des Epizooties;2
-;Breast;2
-;Contributions to Plasma Physics;2
-;Journal of the Chinese Institute of Engineers;2
-;Dermatology Practical & Conceptual;2
-;Journal fuer die reine und angewandte Mathematik;2
-;Digestive Surgery;2
-;Clothing and Textiles Research Journal;2
-;Journal of Quantitative Linguistics;2
-;Zoologia;2
-;Human Geography;2
-;Pakistan Veterinary Journal;2
-;Journal of ECT;2
-;Design Journal;2
-;Computational Statistics;2
-;Topics in Geriatric Rehabilitation;2
-;Journal of Development Effectiveness;2
-;Sexual and Relationship Therapy;2
-;Journal of Phytopathology;2
-;Journal of Emergency Nursing;2
-;Revista Brasileira de Fruticultura;2
-;International Journal of Technology Management;2
-;Engenharia Agricola;2
-;European Journal of Cardiovascular Nursing;2
-;International Journal of Childrens Spirituality;2
-;Res Publica-A Journal of Moral Legal and Political Philosophy;2
-;Colombia Medica;2
-;Wiener Klinische Wochenschrift;2
-;Feminist Review;2
-;Neurodegenerative Diseases;2
-;Journal of Political Ideologies;2
-;Biota Neotropica;2
-;Genes to Cells;2
-;Acta Botanica Brasilica;2
-;Plant Genetic Resources-Characterization and Utilization;2
-;Parasite Immunology;2
-;RIDE-The Journal of Applied Theatre and Performance;2
-;Acta Paulista de Enfermagem;2
-;Proceedings of the Institution of Mechanical Engineers Part M-Journal of Engineering for the Maritime Environment;2
-;Journal of Parasitology;2
-;Journal of Noncommutative Geometry;2
-;Zeitschrift fuer Anorganische und Allgemeine Chemie;2
-;Journal of Fixed Point Theory and Applications;2
-;Bulletin of the American Mathematical Society;2
-;Brazilian Journal of Anesthesiology;2
-;Phlebology;2
-;Pakistan Journal of Medical Sciences;2
-;Revista da Associacao Medica Brasileira;2
-;International Arab Journal of Information Technology;2
-;Journal of Nano Research;2
-;Clinical and Investigative Medicine;2
-;Journal of Forestry;2
-;Hemodialysis International;2
-;International Journal of Aeroacoustics;2
-;Journal of Philosophy;2
-;Journal of Material Culture;2
-;Journal of General and Applied Microbiology;2
-;Soldagem & Inspecao;2
-;International Sociology;2
-;Cognitive Neuropsychology;2
-;Homeopathy;2
-;Journal of General Psychology;2
-;Journal of Applied Philosophy;2
-;Acarologia;2
-;Journal of Energy & Natural Resources Law;2
-;Anthropological Forum;2
-;Logic Journal of the Igpl;2
-;Journal of Postgraduate Medicine;2
-;Journal of Pseudo-Differential Operators and Applications;2
-;IMA Journal of Management Mathematics;2
-;Developing World Bioethics;2
-;CT&F-Ciencia Tecnologia y Futuro;2
-;Asian Pacific Journal of Allergy and Immunology;2
-;Culture & Psychology;2
-;Bulletin of the Malaysian Mathematical Sciences Society;2
-;Journal of Psychophysiology;2
-;Insight;2
-;Journal of Sociolinguistics;2
-;Reviews in Mathematical Physics;2
-;Nations and Nationalism;2
-;Journal of Small Animal Practice;2
-;Journal of Financial Research;2
-;Acta Ichthyologica et Piscatoria;2
-;Justice System Journal;2
-;Journal of Sports Medicine and Physical Fitness;2
-;Econometric Theory;2
-;4OR-A Quarterly Journal of Operations Research;2
-;Topics in Early Childhood Special Education;2
-;Youth Justice-An International Journal;2
-;Journal of Mathematical Sociology;2
-;Journal of Strategic Studies;2
-;Legal and Criminological Psychology;2
-;Comptes Rendus Mecanique;2
-;Neurocase;2
-;Chinese Journal of Chemical Physics;2
-;New Zealand Veterinary Journal;2
-;Journal of Gerontological Nursing;2
-;Journal of Architectural Conservation;2
-;Journal of Hospital Medicine;2
-;Southern Economic Journal;2
-;Applied Mathematics-A Journal of Chinese Universities Series B;2
-;Archaeological Research in Asia;2
-;Southern Medical Journal;2
-;Journal of Modern Optics;2
-;Clean-Soil Air Water;2
-;Language Variation and Change;2
-;Spectroscopy Letters;2
-;Laboratory Medicine;2
-;Biomolecular Nmr Assignments;2
-;Business History;2
-;Bladder Cancer;2
-;Cultural Studies;2
-;Australian Economic Papers;2
-;General Thoracic and Cardiovascular Surgery;2
-;Journal of Philosophy of Education;2
-;Asia-Pacific Journal of Public Health;2
-;Studia Mathematica;2
-;Studia Psychologica;2
-;Canadian Geographer-Geographe Canadien;2
-;Pediatric Allergy Immunology and Pulmonology;2
-;Studies in Conservation;2
-;Rubber Chemistry and Technology;2
-;Australian Veterinary Journal;2
-;Psychology of Violence;2
-;Journal of Forensic Nursing;2
-;Canadian Journal of Animal Science;2
-;Review of African Political Economy;2
-;Russian Journal of Physical Chemistry A;2
-;Avian Diseases;2
-;INFOR;2
-;Deutsches Arzteblatt International;2
-;Behaviour;2
-;Agenda;2
-;Journal of Evidence-Based Psychotherapies;2
-;Canadian Journal of Ophthalmology-Journal Canadien d'Ophtalmologie;2
-;Canadian Journal of Statistics-Revue Canadienne de Statistique;2
-;European Journal of Integrative Medicine;2
-;Scottish Journal of Geology;2
-;COMPEL-The International Journal for Computation and Mathematics in Electrical and Electronic Engineering;2
-;Canadian Public Administration-Administration Publique du Canada;2
-;East Asian Journal on Applied Mathematics;2
-;Journal of the Audio Engineering Society;2
-;Australasian Journal of Early Childhood;2
-;Journal of Pediatric Endocrinology & Metabolism;2
-;Theoretical and Experimental Chemistry;2
-;Altex-Alternatives to Animal Experimentation;2
-;Semiotica;2
-;Blumea;2
-;International Statistical Review;2
-;Singapore Medical Journal;2
-;Gender Place and Culture;2
-;Therapie;2
-;Social Compass;2
-;Zeitschrift fuer Soziologie;2
-;African Journalism Studies;2
-;Anatomia Histologia Embryologia;2
-;Phyton-International Journal of Experimental Botany;2
-;Bulletin of Economic Research;2
-;Journal of Environmental Law;2
-;Advances in Production Engineering & Management;2
-;Annales de la Societe Entomologique de France;2
-;Macedonian Journal of Chemistry and Chemical Engineering;2
-;Medical Molecular Morphology;2
-;Fetal and Pediatric Pathology;2
-;Journal of the Mexican Chemical Society;2
-;Asian Journal of Criminology;2
-;Sociological Quarterly;2
-;Sociologicky Casopis-Czech Sociological Review;2
-;Herz;2
-;Interdisciplinary Science Reviews;2
-;Medical Law Review;2
-;British Journal of Industrial Relations;2
-;Journal of Mechanics of Materials and Structures;2
-;Journal of the American Association for Laboratory Animal Science;2
-;British Journal of Psychiatry;2
-;Revista de Investigacion Clinica-Clinical and Translational Investigation;2
-;Arctic;2
-;Journal of Mathematical Economics;2
-;Revista de Metalurgia;2
-;Tropical Grasslands-Forrajes Tropicales;2
-;New Biotechnology;2
-;Solar System Research;2
-;Clinical Spine Surgery;2
-;Food Culture & Society;2
-;Protection of Metals and Physical Chemistry of Surfaces;2
-;Mitochondrial DNA Part B-Resources;2
-;Bulletin des Sciences Mathematiques;2
-;Annals of Clinical Biochemistry;2
-;Journal of Marital and Family Therapy;2
-;Asia-Pacific Journal of Operational Research;2
-;Atomic Spectroscopy;2
-;International Journal of Modern Physics A;2
-;Latin American Antiquity;2
-;European Journal of Combinatorics;2
-;Reports on Mathematical Physics;2
-;Physics of Metals and Metallography;2
-;at-Automatisierungstechnik;2
-;Advances in Applied Mathematics;2
-;Algorithmica;2
-;Polar Record;2
-;Journal of Sustainable Forestry;2
-;Cardiology in the Young;2
-;Polimery;2
-;Political Science;2
-;Bioelectromagnetics;2
-;Polity;2
-;Acta Botanica Mexicana;2
-;Orvosi Hetilap;2
-;Advances in Applied Clifford Algebras;2
-;Ostrich;2
-;Journal of Ichthyology;2
-;Pacific Affairs;2
-;Reading & Writing Quarterly;2
-;Actas Urologicas Espanolas;2
-;Medicina Intensiva;2
-;Paleontological Journal;2
-;Nefrologia;2
-;Parliamentary Affairs;2
-;International Journal for the Psychology of Religion;2
-;Thalassas;2
-;Atencion Primaria;2
-;Revista Matematica Iberoamericana;2
-;International Journal of Social Psychology;2
-;Pure and Applied Chemistry;2
-;Erdkunde;2
-;Journal of Hospice & Palliative Nursing;2
-;Spine Journal;2
-;Methodology and Computing in Applied Probability;2
-;Sbornik Mathematics;2
-;Izvestiya Mathematics;2
-;Annales Zoologici;2
-;Ethnos;2
-;Maderas-Ciencia y Tecnologia;2
-;Annals of Human Genetics;2
-;Archaeological Dialogues;2
-;Stochastics and Partial Differential Equations-Analysis and Computations;2
-;Current Anthropology;2
-;Journal of Cardiovascular Surgery;2
-;Portal-Libraries and the Academy;2
-;Terapia Psicologica;2
-;Ameghiniana;2
-;Mathematical Population Studies;2
-;Communications in Mathematics and Statistics;2
-;Entomological Research;2
-;International Journal of Psychology;2
-;Integral Transforms and Special Functions;2
-;Journal of Pediatric Orthopaedics-Part B;2
-;Zoomorphology;2
-;International Journal of Odonatology;2
-;Graphical Models;2
-;Waterbirds;2
-;Journal of the American Dental Association;2
-;Chemie Ingenieur Technik;2
-;Journal of Global History;2
-;International Social Work;2
-;Prague Economic Papers;2
-;Therapeutic Apheresis and Dialysis;2
-;Medycyna Pracy;2
-;SIAM Journal on Discrete Mathematics;2
-;Journal of Combinatorial Optimization;2
-;Russian Journal of Mathematical Physics;2
-;Multisensory Research;2
-;Willdenowia;2
-;Russian Journal of Ecology;2
-;Communication Disorders Quarterly;2
-;FEMS Microbiology Letters;2
-;Journal of Continuing Education in Nursing;2
-;Israel Journal of Mathematics;2
-;Russian Journal of Non-Ferrous Metals;2
-;Journal of Economic Issues;2
-;Doklady Chemistry;2
-;Journal of Contemporary Ethnography;2
-;Journal of Dairy Research;2
-;Culture and Education;2
-;Clinica Chimica Acta;2
-;International Politics;2
-;Journal of Dental Education;2
-;Sports Medicine and Arthroscopy Review;2
-;Infants & Young Children;2
-;Algebraic Geometry;2
-;Abacus-A Journal of Accounting Finance and Business Studies;2
-;Anales del Sistema Sanitario de Navarra;2
-;Periodica Polytechnica-Civil Engineering;2
-;American Journal of Bioethics;2
-;American Journal of Physics;2
-;Journal of Pain;2
-;Izvestiya Atmospheric and Oceanic Physics;2
-;Annals of Surgical Oncology;2
-;Positivity;2
-;Oceanology;2
-;Brazilian Journal of Psychiatry;2
-;Du Bois Review-Social Science Research on Race;2
-;Brazilian Archives of Biology and Technology;2
-;Clinics in Podiatric Medicine and Surgery;2
-;Acta Adriatica;2
-;Izvestiya-Physics of the Solid Earth;2
-;Ardeola-International Journal of Ornithology;2
-;Journal of Water Chemistry and Technology;2
-;Transactions of the American Mathematical Society;2
-;Revista Brasileira de Paleontologia;2
-;Journal of Electrocardiology;2
-;American Museum Novitates;2
-;Acta Cytologica;2
-;Anales de Pediatria;2
-;Television & New Media;2
-;Community Development Journal;2
-;Human Heredity;2
-;Cahiers Agricultures;2
-;Synapse;2
-;Identities-Global Studies in Culture and Power;2
-;Acoustical Physics;2
-;Comparative Education Review;2
-;Journal of Algebra;2
-;Russian Journal of General Chemistry;2
-;Russian Journal of Organic Chemistry;2
-;Electronics Letters;2
-;Foundations of Chemistry;2
-;Inorganic Materials;2
-;Compositio Mathematica;2
-;Inquiry-An Interdisciplinary Journal of Philosophy;2
-;Dermatitis;2
-;Engineering Economist;2
-;American Surgeon;2
-;Transactions of the Institute of Metal Finishing;2
-;Physics-Uspekhi;2
-;Polish Journal of Environmental Studies;2
-;Journal of Perinatal & Neonatal Nursing;2
-;Medical Mycology;2
-;Acta Sociologica;2
-;Journal of Applied Mechanics and Technical Physics;2
-;Canadian Journal on Aging-Revue Canadienne du Vieillissement;2
-;Heterocycles;2
-;Journal of Economics & Management Strategy;2
-;Sport Psychologist;2
-;Veterinary Radiology & Ultrasound;2
-;Journal of Applied Spectroscopy;2
-;Foundations of Science;2
-;Advances in Applied Probability;2
-;Journal of Asian and African Studies;2
-;Journal of Neurological Surgery Part A-Central European Neurosurgery;2
-;Heat Transfer Research;2
-;North American Journal of Aquaculture;2
-;Arteriosclerosis Thrombosis and Vascular Biology;2
-;Journal of Constructivist Psychology;2
-;Deutsche Entomologische Zeitschrift;2
-;Open Astronomy;2
-;Nordic Psychology;2
-;English World-Wide;2
-;Folia Biologica-Krakow;2
-;Journal of the Korean Physical Society;2
-;South African Journal of Animal Science;2
-;Folia Primatologica;2
-;Solid Fuel Chemistry;2
-;Hortscience;2
-;Sociobiology;2
-;Journal of Applied Ichthyology;2
-;Statistics & Probability Letters;2
-;International Psychogeriatrics;2
-;Forschung im Ingenieurwesen-Engineering Research;2
-;Programming and Computer Software;2
-;Topoi-An International Review of Philosophy;2
-;Engenharia Sanitaria e Ambiental;2
-;Natural Language & Linguistic Theory;2
-;Training and Education in Professional Psychology;2
-;International Mathematics Research Notices;2
-;Population Ecology;2
-;Journal of Vector Ecology;2
-;Seminars in Orthodontics;2
-;Topics in Companion Animal Medicine;2
-;Journal of Forensic Psychology Research and Practice;2
-;Gems & Gemology;2
-;History of the Family;2
-;Human Ecology Review;2
-;Doklady Earth Sciences;2
-;Random Structures & Algorithms;2
-;Geochemistry International;2
-;Translation and Interpreting Studies;2
-;Lithuanian Mathematical Journal;2
-;Journal of Asian Natural Products Research;2
-;Annals of Pure and Applied Logic;2
-;Annals of Noninvasive Electrocardiology;2
-;Investment Analysts Journal;2
-;Results in Mathematics;2
-;Geographical Review;2
-;Midwest Studies in Philosophy;2
-;Geology of Ore Deposits;2
-;Indian Journal of Dermatology;2
-;Journal of the Geological Society of India;2
-;Internal Medicine Journal;2
-;Indian Journal of Orthopaedics;2
-;Mathematical Social Sciences;2
-;Journal of Paediatrics and Child Health;2
-;Cytogenetic and Genome Research;2
-;Indian Journal of Pharmaceutical Education and Research;2
-;Journal of Human Capital;2
-;Social Semiotics;2
-;Journal of Theoretical and Computational Acoustics;2
-;Indian Journal of Public Health;2
-;Journal of Theoretical and Applied Mechanics;2
-;ILR Review;2
-;Science of Sintering;2
-;Journal of Clinical Lipidology;2
-;BMJ Military Health;2
-;Ginekologia Polska;2
-;Promet-Traffic & Transportation;2
-;PM&R;2
-;Pragmatics and Society;2
-;Archives of Biological Sciences;2
-;Thermal Science;2
-;Journal of the American Mosquito Control Association;2
-;Chemistry Letters;2
-;European Annals of Otorhinolaryngology-Head and Neck Diseases;2
-;Linguistic Approaches to Bilingualism;2
-;International Journal of Agricultural and Biological Engineering;2
-;Hemijska Industrija;2
-;Shock and Vibration;2
-;Panoeconomicus;2
-;IEEE Multimedia;2
-;Plankton & Benthos Research;2
-;Journal of Correctional Health Care;2
-;Journal of the Society for Information disPlay;2
-;Electronic Journal of Statistics;2
-;High Temperature;2
-;Aquatic Mammals;2
-;Nodea-Nonlinear Differential Equations and Applications;2
-;Health & Social Work;2
-;Ferroelectrics;2
-;Macromolecular Theory and Simulations;2
-;Journal of Dynamical and Control Systems;2
-;Selecta Mathematica-New Series;2
-;New Zealand Geographer;2
-;Theory and Society;2
-;Mathematische Zeitschrift;2
-;Physics of Life Reviews;2
-;Journal of Ethology;2
-;Mechanics of Solids;2
-;Asia-Pacific Journal of Accounting & Economics;2
-;Nova Hedwigia;2
-;Discrete Optimization;2
-;Nuclear Technology;2
-;Nuclear Science and Engineering;2
-;Nursing Clinics of North America;2
-;Childrens Health Care;2
-;Metrika;2
-;Journal of Histotechnology;2
-;Metrologia;2
-;Intercultural Pragmatics;2
-;European Constitutional Law Review;2
-;Military Medicine;2
-;Journal of Social Service Research;2
-;Mineralogical Magazine;2
-;Minerva Medica;2
-;Language and Speech;2
-;Corpus Linguistics and Linguistic Theory;2
-;Perception;2
-;Annals of the Missouri Botanical Garden;2
-;Animal Biodiversity and Conservation;2
-;Toxicological and Environmental Chemistry;2
-;Molecular Biology;2
-;European Journal of Obstetrics & Gynecology and Reproductive Biology;2
-;Advances in Electrical and Computer Engineering;2
-;Journal of Neuroradiology;2
-;Monatshefte fuer Mathematik;2
-;Journal of Time Series Analysis;2
-;Lichenologist;2
-;Australian Health Review;2
-;Lingua;2
-;Linguistics;2
-;Social Cognition;2
-;Discourse-Studies in the Cultural Politics of Education;2
-;Journal of the London Mathematical Society-Second Series;2
-;International Review of Law and Economics;2
-;Mammalia;2
-;Leukemia Research;2
-;Clinics in Sports Medicine;2
-;Journal of Nepal Medical Association;2
-;Journal of the Marine Biological Association of the United Kingdom;2
-;Current HIV Research;2
-;Networks;2
-;Letters in Organic Chemistry;2
-;Letters in Drug Design & Discovery;2
-;Veterinary Surgery;2
-;Journal of Manipulative and Physiological Therapeutics;2
-;Scandinavian Journal of Statistics;2
-;Critical Care Nurse;2
-;Journal of Cutaneous Pathology;2
-;Hereditas;2
-;Journal of the Medical Library Association;2
-;Optical Review;2
-;Austral Entomology;2
-;Journal of Seed Science;2
-;Seminars in Speech and Language;2
-;TAPPI Journal;2
-;Acta Scientiarum-Agronomy;2
-;Adult Education Quarterly;2
-;International Journal of Web Services Research;2
-;Interpretation-A Journal of Subsurface Characterization;2
-;Emerging Materials Research;2
-;Polymer Science Series C;2
-;LUTS-Lower Urinary Tract Symptoms;2
-;Vascular and Endovascular Surgery;2
-;Orthopaedic Journal of Sports Medicine;2
-;African Journal of Marine Science;2
-;Acta Crystallographica Section C-Structural Chemistry;2
-;Longitudinal and Life Course Studies;2
-;Resource Geology;2
-;Ankara Universitesi Veteriner Fakultesi Dergisi;2
-;Perspectives-Studies in Translation Theory and Practice;2
-;Journal of the Faculty of Engineering and Architecture of Gazi University;2
-;Target-International Journal of Translation Studies;2
-;Avian Biology Research;2
-;Journal of Agricultural Sciences-Tarim Bilimleri Dergisi;2
-;Processing and Application of Ceramics;2
-;Otjr-Occupation Participation and Health;2
-;Journal of Nippon Medical School;2
-;European Journal of Preventive Cardiology;2
-;Journal of the National Comprehensive Cancer Network;2
-;Proceedings of the Institution of Mechanical Engineers Part P-Journal of Sports Engineering and Technology;2
-;Uluslararasi Iliskiler-International Relations;2
-;Congenital Anomalies;2
-;Twin Research and Human Genetics;2
-;Ulusal Travma ve Acil Cerrahi Dergisi-Turkish Journal of Trauma & Emergency Surgery;2
-;Cognitive Neuroscience;2
-;European Journal of Hospital Pharmacy;2
-;Sequential Analysis-Design Methods and Applications;2
-;International Journal of Microwave and Wireless Technologies;2
-;Journal of Gerontological Social Work;2
-;Cultural Studies-Critical Methodologies;2
-;Stochastic Analysis and Applications;2
-;Balkan Journal of Medical Genetics;2
-;Japan Journal of Industrial and Applied Mathematics;2
-;Green Materials;2
-;Linguistica Antverpiensia New Series-Themes in Translation Studies;2
-;Biodiversity Data Journal;2
-;IEICE Transactions on Communications;2
-;American Indian and Alaska Native Mental Health Research;2
-;SOLA;2
-;IEICE Transactions on Information and Systems;2
-;Review of Keynesian Economics;2
-;Internal Medicine;2
-;Journal of Medical Imaging and Radiation Oncology;2
-;Human Service Organizations Management Leadership & Governance;2
-;Pathology International;2
-;Journal of World Energy Law & Business;2
-;American Journal of Cultural Sociology;2
-;Psychiatry Psychology and Law;2
-;Peritoneal Dialysis International;2
-;Politics and Religion;2
-;Proceedings of the Institution of Civil Engineers-Energy;2
-;Fisheries Science;2
-;Focaal-Journal of Global and Historical Anthropology;2
-;International Journal of Laboratory Hematology;2
-;Women & Criminal Justice;2
-;Subterranean Biology;2
-;Structural Design of Tall and Special Buildings;2
-;Seminars in Plastic Surgery;2
-;Law and Social Inquiry-Journal of the American Bar Foundation;2
-;International Journal of Satellite Communications and Networking;2
-;Operative Neurosurgery;2
-;Applied Economics Letters;2
-;Visceral Medicine;2
-;Asia-Pacific Journal of Financial Studies;2
-;Argumentation;2
-;European Journal of Womens Studies;2
-;Microsurgery;2
-;Hepatobiliary Surgery and Nutrition;2
-;Congenital Heart Disease;2
-;Visual Cognition;2
-;Pediatrics International;2
-;Acta Clinica Belgica;2
-;Earth and Environmental Science Transactions of the Royal Society of Edinburgh;2
-;Geologia Croatica;2
-;Journal of Clinical Apheresis;2
-;Journal of Veterinary Dentistry;2
-;Fusion Science and Technology;2
-;Kinesiology;2
-;Seminars in Interventional Radiology;2
-;BMJ-British Medical Journal;2
-;IET Systems Biology;2
-;Nano;2
-;Cardiology Clinics;2
-;Annals of Family Medicine;2
-;Glass Physics and Chemistry;2
-;Medical Humanities;2
-;Applied Neuropsychology-Child;2
-;Asian Pacific Journal of Tropical Medicine;2
-;Journal of Porphyrins and Phthalocyanines;2
-;World Englishes;2
-;Intelligent Data Analysis;2
-;Transfusion Medicine;2
-;Turkish Studies;2
-;Macroheterocycles;2
-;Journal of Gender Studies;2
-;Zeitschrift fuer Naturforschung Section B-A Journal of Chemical Sciences;2
-;Magnetic Resonance in Chemistry;2
-;International Feminist Journal of Politics;2
-;Psychoanalytic Study of the Child;2
-;Genetic Testing and Molecular Biomarkers;2
-;Journal of Healthcare Management;2
-;Journal of Human Development and Capabilities;2
-;Combinatorics Probability & Computing;2
-;Surface Review and Letters;2
-;Journal of Global Information Technology Management;2
-;Mathematics of Control Signals and Systems;2
-;Pediatric Emergency Care;2
-;Queueing Systems;2
-;Peacebuilding;2
-;Infinite Dimensional Analysis Quantum Probability and Related Topics;2
-;Statistical Papers;2
-;American Journal of Evaluation;2
-;European Journal of Mass Spectrometry;2
-;Science of Advanced Materials;2
-;Science & Sports;2
-;Aquatic Ecosystem Health & Management;2
-;Botanical Sciences;2
-;Kinematics and Physics of Celestial Bodies;2
-;Journal of Bioinformatics and Computational Biology;2
-;Clinical Medicine;2
-;Operative Orthopadie und Traumatologie;2
-;Armed Forces & Society;2
-;Medical Problems of Performing Artists;2
-;Proceedings of the Institution of Mechanical Engineers Part I-Journal of Systems and Control Engineering;2
-;Cytology and Genetics;2
-;Urology;2
-;International Relations of the Asia-Pacific;2
-;Critical Social Policy;2
-;Annals of Global Analysis and Geometry;2
-;Journal of Planning Literature;2
-;Statistics;2
-;International Journal of Marine and Coastal Law;2
-;Software Testing Verification & Reliability;2
-;British Journal of Developmental Psychology;2
-;Invasive Plant Science and Management;2
-;Mathematical Structures in Computer Science;2
-;Progress in Development Studies;2
-;Acta Veterinaria Hungarica;2
-;Ocean Development and International Law;2
-;British Journal of General Practice;2
-;SIAM Journal on Computing;2
-;Theory and Practice of Logic Programming;2
-;Water Resources;2
-;Health Information and Libraries Journal;2
-;Biology of the Cell;2
-;Ethos;2
-;Computational Mathematics and Mathematical Physics;2
-;Journal of Ship Production and Design;2
-;National Academy Science Letters-India;2
-;German Economic Review;2
-;IAWA Journal;2
-;Axiomathes;2
-;Optical Engineering;2
-;Journal of Microwave Power and Electromagnetic Energy;2
-;Journal of Substance Use;2
-;Affilia-Feminist Inquiry in Social Work;2
-;Central Asian Survey;2
-;Biological Rhythm Research;2
-;Journal of Psychology and Theology;2
-;Violence and Victims;2
-;European Journal of Law and Economics;2
-;Journal of Behavioral Health Services & Research;2
-;Iheringia Serie Zoologia;2
-;Berliner Journal fuer Soziologie;2
-;GAIA-Ecological Perspectives for Science and Society;2
-;Alea-Latin American Journal of Probability and Mathematical Statistics;2
-;Petrology;2
-;Kennedy Institute of Ethics Journal;2
-;Blood Coagulation & Fibrinolysis;2
-;Levant;2
-;Revista Portuguesa de Cardiologia;2
-;Mobilization;2
-;Acta Ethologica;2
-;Indian Journal of Pharmacology;2
-;Hastings Center Report;2
-;Neues Jahrbuch fuer Geologie und Palaontologie-Abhandlungen;2
-;Journal of Social Work;2
-;Mineralogy and Petrology;2
-;Journal of Veterinary Medical Education;2
-;Journal of Computational Mathematics;2
-;Mycotaxon;2
-;Critical Public Health;2
-;Japanese Journal of Political Science;2
-;Inland Water Biology;2
-;International Journal of Pattern Recognition and Artificial Intelligence;2
-;Philosophy & Public Affairs;2
-;Revista Caatinga;2
-;Publius-The Journal of Federalism;2
-;Journal of Motor Behavior;2
-;Journal of Evaluation in Clinical Practice;2
-;Revista Arvore;2
-;Perfusion-UK;2
-;Lithuanian Journal of Physics;2
-;International Journal of Human Rights;2
-;British Journal of Religious Education;2
-;Kardiologiya;2
-;Journal of Petroleum Geology;2
-;Journal of Forensic Psychiatry & Psychology;2
-;World Trade Review;2
-;Communication and Critical-Cultural Studies;2
-;Journal of Number Theory;2
-;Journal of Employment Counseling;2
-;Mediterranean Journal of Mathematics;2
-;Breast Care;2
-;Australian Journal of Agricultural and Resource Economics;2
-;Ciencia Rural;2
-;Latin American Journal of Solids and Structures;2
-;Groups Geometry and Dynamics;2
-;Ciencia Florestal;2
-;International Journal of Evidence & Proof;2
-;Logica Universalis;2
-;Molecular Syndromology;2
-;Canadian Journal of Emergency Medicine;2
-;Canadian Journal of Dietetic Practice and Research;2
-;Arab Journal of Gastroenterology;2
-;British Journal of Neurosurgery;2
-;Acta Amazonica;2
-;Nordic Journal of Botany;2
-;Blood Pressure Monitoring;2
-;Asian Journal of Social Psychology;2
-;European Journal of Physics;2
-;Asian and Pacific Migration Journal;2
-;Journal of Herpetology;2
-;British Journal of Music Education;2
-;Journal of Spectral Theory;2
-;Journal of Pure and Applied Algebra;2
-;Biomedica;2
-;Azania-Archaeological Research in Africa;2
-;Parkinsonism & Related Disorders;2
-;Analysis and Mathematical Physics;2
-;Emergency Medicine Journal;2
-;Revista de Estudios Sociales;2
-;Fiscal Studies;2
-;Sains Malaysiana;2
-;International Studies in the Philosophy of Science;2
-;International Journal of Art & Design Education;2
-;British Journal of Learning Disabilities;2
-;Transfusion;2
-;Journal of Laryngology and Otology;2
-;International Journal of Modern Physics C;2
-;Probability in the Engineering and Informational Sciences;2
-;Salud Colectiva;2
-;Portuguese Economic Journal;2
-;Transplantation Proceedings;2
-;Singapore Journal of Tropical Geography;2
-;International Review of Economics Education;2
-;Women & Therapy;2
-;Journal of Comparative Family Studies;2
-;Journal of Beliefs & Values-Studies in Religion & Education;2
-;Acta Alimentaria;2
-;Economic Policy;2
-;Social Theory & Health;2
-;Transfusion and Apheresis Science;2
-;Mathematical Medicine and Biology-A Journal of the Ima;2
-;Journal of Applied Statistics;2
-;Carnets de Geologie;2
-;Translation Studies;2
-;Journal of Corporate Law Studies;2
-;Mediterranean Politics;2
-;Journal of Logical and Algebraic Methods in Programming;2
-;Stem Cell Research;2
-;Water Economics and Policy;2
-;Mathematics and Financial Economics;2
-;Bulletin of Experimental Biology and Medicine;2
-;Bulletin of Marine Science;2
-;Journal of Public Child Welfare;2
-;Australasian Journal of Dermatology;2
-;Strength of Materials;2
-;Australian Economic Review;2
-;Journal of Archaeological Science-Reports;2
-;Balkan Medical Journal;2
-;Studia Geophysica et Geodaetica;2
-;California Agriculture;2
-;Anaesthesia and Intensive Care;2
-;Studia Logica;2
-;Turkiye Entomoloji Dergisi-Turkish Journal of Entomology;2
-;Terrorism and Political Violence;2
-;Canadian Entomologist;2
-;Australian Journal of Zoology;2
-;Economics-The Open Access Open-Assessment E-Journal;2
-;Advances in Calculus of Variations;2
-;Coronary Artery Disease;2
-;Studies in Philosophy and Education;2
-;Canadian Journal of Behavioural Science-Revue Canadienne des Sciences du Comportement;2
-;Automation and Remote Control;2
-;Canadian Journal of Chemistry;2
-;Russian Mathematical Surveys;2
-;Journal of Rheumatology;2
-;Pediatrics and Neonatology;2
-;Survey Review;2
-;Salud Publica de Mexico;2
-;Herpetozoa;2
-;Journal of Personnel Psychology;2
-;Journal of Theoretical Politics;2
-;Canadian Journal of Physics;2
-;Canadian Journal of Plant Science;2
-;Schweizer Archiv fuer Tierheilkunde;2
-;Journal of Logic and Computation;2
-;Revista Argentina de Microbiologia;2
-;Terapevticheskii Arkhiv;2
-;Canadian Metallurgical Quarterly;2
-;Race & Class;2
-;Annals of Indian Academy of Neurology;2
-;Canadian Modern Language Review-Revue Canadienne des Langues Vivantes;2
-;Digital Scholarship in the Humanities;2
-;International Journal of Turbo & Jet-Engines;2
-;Journal of Vector Borne Diseases;2
-;Cytopathology;2
-;Cardiology;2
-;Biopolymers;2
-;Journal of the Southern African Institute of Mining and Metallurgy;2
-;Tel Aviv-Journal of the Institute of Archaeology of Tel Aviv University;2
-;Chronic Obstructive Pulmonary Diseases-Journal of the Copd Foundation;2
-;Theoretical and Mathematical Physics;2
-;Journal of Media Ethics;2
-;Madera y Bosques;2
-;Actes de la Recherche en Sciences Sociales;2
-;Medical Ultrasonography;2
-;Journal of Polymer Materials;2
-;History of Psychiatry;2
-;Feminist Legal Studies;2
-;Bothalia;2
-;Medical Hypotheses;2
-;Bragantia;2
-;Phytocoenologia;2
-;Child Abuse Review;2
-;Clinical and Experimental Dermatology;2
-;Acta Petrologica Sinica;2
-;Zoosystematics and Evolution;2
-;Physiological Entomology;2
-;Revista Mexicana de Biodiversidad;2
-;British Journal of Educational Studies;2
-;Text & Talk;2
-;Review of Religious Research;2
-;Archives of Disease in Childhood;2
-;British Journal of Occupational Therapy;2
-;American Journal of Medical Genetics Part B-Neuropsychiatric Genetics;2
-;Linear & Multilinear Algebra;2
-;Soil Mechanics and Foundation Engineering;2
-;Aquatic Microbial Ecology;2
-;Critique of Anthropology;2
-;Polymer Science Series B;2
-;Regular & Chaotic Dynamics;2
-;Journal of Green Building;2
-;British Journal of Sociology;2
-;Accreditation and Quality Assurance;2
-;Advances in Applied Mathematics and Mechanics;2
-;African Zoology;2
-;International Journal of Materials Research;2
-;Journal of Pharmaceutical Innovation;2
-;South African Journal of Economics;2
-;Numerical Mathematics-Theory Methods and Applications;2
-;South Atlantic Quarterly;2
-;Adicciones;2
-;Scientia Marina;2
-;Journal of Labor Research;2
-;Philosophical Studies;2
-;Dreaming;2
-;Social Choice and Welfare;2
-;Rehabilitation Counseling Bulletin;2
-;American Journal of Forensic Medicine and Pathology;2
-;International Journal of Osteoarchaeology;2
-;Ethology;2
-;Obstetrics and Gynecology;2
-;Discrete & Computational Geometry;2
-;Journal of Nonparametric Statistics;2
-;JANAC-Journal of the Association of Nurses in AIDS Care;2
-;Optimization Methods & Software;2
-;Politische Vierteljahresschrift;2
-;Ciencias Marinas;2
-;PS-Political Science & Politics;2
-;Journal of Algebraic Geometry;2
-;Revista Internacional de Contaminacion Ambiental;2
-;Oryx;2
-;Research on Social Work Practice;2
-;Combinatorica;2
-;Spanish Journal of Finance and Accounting-Revista Espanola de Financiacion y Contabilidad;2
-;Problems of Information Transmission;2
-;Journal of Nursing Care Quality;2
-;Psychiatria Polska;2
-;Psychiatry-Interpersonal and Biological Processes;2
-;Journal of Pediatric Ophthalmology & Strabismus;2
-;Psychological Record;2
-;Journal of Geometric Analysis;2
-;Integrated Ferroelectrics;2
-;Ensenanza de las Ciencias;2
-;American Journal of Family Therapy;2
-;Enfermedades Infecciosas y Microbiologia Clinica;2
-;Publicationes Mathematicae-Debrecen;2
-;Families in Society-The Journal of Contemporary Social Services;2
-;Work-A Journal of Prevention Assessment & Rehabilitation;2
-;Limnetica;2
-;Atomization and Sprays;2
-;Publicacions Matematiques;2
-;Quarterly of Applied Mathematics;2
-;African Studies;2
-;Narrative Inquiry;2
-;Africa Spectrum;2
-;Biotechnologie Agronomie Societe et Environnement;2
-;Age and Ageing;2
-;History and Philosophy of the Life Sciences;2
-;Zoosystema;2
-;Christian Bioethics;2
-;Zeitschrift fuer Kristallographie-Crystalline Materials;2
-;Current Science;2
-;Journal of Geometry and Physics;2
-;Review of Derivatives Research;2
-;Journal of Cognitive Psychotherapy;2
-;Latin American Journal of Aquatic Research;2
-;Magnetic Resonance Imaging Clinics of North America;2
-;Cytologia;2
-;Andean Geology;2
-;Health Care Analysis;2
-;European Journal of Migration and Law;2
-;Anthropologie;2
-;Cryptogamie Bryologie;2
-;American Anthropologist;2
-;Decision Sciences;2
-;International Journal of Dermatology;2
-;Antiquity;2
-;Canadian Journal of Experimental Psychology-Revue Canadienne de Psychologie Experimentale;2
-;Review of Industrial Organization;2
-;Molecular & Cellular Toxicology;2
-;Applied Stochastic Models in Business and Industry;2
-;Journal of Competition Law & Economics;2
-;Latin American Politics and Society;2
-;Equine Veterinary Journal;2
-;Applied Entomology and Zoology;2
-;Grassland Science;2
-;Microwave and Optical Technology Letters;2
-;Critical Criminology;2
-;Chemistry of Natural Compounds;2
-;Information and Computation;2
-;Journal of Vascular Access;2
-;Process Safety Progress;2
-;Journal of X-Ray Science and Technology;2
-;Revista Iberoamericana de Micologia;2
-;International Journal of Surgical Pathology;2
-;Diagnostica;2
-;Chimia;2
-;State Politics & Policy Quarterly;2
-;Geografie;2
-;Differential Equations;2
-;Discrete Mathematics;2
-;Research-Technology Management;2
-;American Journal of Economics and Sociology;2
-;Test;2
-;American Journal of Critical Care;2
-;JARQ-Japan Agricultural Research Quarterly;2
-;High Pressure Research;2
-;International Journal of Web and Grid Services;2
-;Powder Metallurgy and Metal Ceramics;2
-;Cleveland Clinic Journal of Medicine;2
-;Research in the Mathematical Sciences;2
-;Jahrbucher fuer Nationalokonomie und Statistik;2
-;Drvna Industrija;2
-;Journal of Mining Science;2
-;Acta Zoologica Academiae Scientiarum Hungaricae;2
-;Economic Development Quarterly;2
-;Journal of Contemporary Physics-Armenian Academy of Sciences;2
-;Acta Chiropterologica;2
-;Studies in Informatics and Control;2
-;Journal of Friction and Wear;2
-;Industria Textila;2
-;Anais da Academia Brasileira de Ciencias;2
-;Studies in Language;2
-;Mathematical Physics Analysis and Geometry;2
-;Horttechnology;2
-;Journal of Pediatric Health Care;2
-;European Journal of Cultural Studies;2
-;Linguistics Vanguard;2
-;Revista Brasileira de Zootecnia-Brazilian Journal of Animal Science;2
-;Proceedings of the Institution of Civil Engineers-Water Management;2
-;Electronic Transactions on Numerical Analysis;2
-;Journal of Radiation Research and Applied Sciences;2
-;Progress in Transplantation;2
-;Brazilian Journal of Poultry Science;2
-;Economist-Netherlands;2
-;Syntax-A Journal of Theoretical Experimental and Interdisciplinary Research;2
-;Journal of Educational Measurement;2
-;Episteme-A Journal of Individual and Social Epistemology;2
-;Astrophysics;2
-;Journal of Superhard Materials;2
-;Integral Equations and Operator Theory;2
-;Journal of Educational Research;2
-;Australian Journal of General Practice;2
-;Journal of Raptor Research;2
-;Acta Chirurgica Belgica;2
-;European Review of Applied Psychology-Revue Europeenne de Psychologie Appliquee;2
-;Journal of Agricultural Meteorology;2
-;Acta Haematologica;2
-;European Journal of Dermatology;2
-;Journal of the American Animal Hospital Association;2
-;Astronomy Reports;2
-;American Philosophical Quarterly;2
-;Russian Journal of Applied Chemistry;2
-;Journal of Iberian Geology;2
-;Emergency Medicine Australasia;2
-;Canadian Journal of Criminology and Criminal Justice;2
-;Comparative Studies in Society and History;2
-;Journal of Insect Behavior;2
-;Pregnancy Hypertension-An International Journal of Womens Cardiovascular Health;2
-;Vascular;2
-;Encephale-Revue de Psychiatrie Clinique Biologique et Therapeutique;2
-;Acta Oeconomica;2
-;Journal of Thermophysics and Heat Transfer;2
-;Episodes;2
-;Javma-Journal of the American Veterinary Medical Association;2
-;English Teaching-Practice and Critique;2
-;Annals of the Institute of Statistical Mathematics;2
-;Combustion Explosion and Shock Waves;2
-;Theoretical Medicine and Bioethics;2
-;Journal of International Economic Law;2
-;East European Politics and Societies;2
-;Canadian Psychology-Psychologie Canadienne;2
-;Open Systems & Information Dynamics;2
-;International Review of Finance;2
-;Quality Management in Health Care;2
-;Contraception;2
-;Acta Zoologica;2
-;Journal of Applied Probability;2
-;Journal of African Cultural Studies;2
-;Argumenta Oeconomica;2
-;Medizinische Klinik-Intensivmedizin und Notfallmedizin;2
-;Bulletin of the Council for Research in Music Education;2
-;Catheterization and Cardiovascular Interventions;2
-;Asia-Pacific Journal of Clinical Oncology;2
-;International Journal of Comparative Sociology;2
-;Operations Research Letters;2
-;Journal of Plant Registrations;2
-;South African Geographical Journal;2
-;IEEE Transactions on Professional Communication;2
-;Behavioral Interventions;2
-;Mikrobiyoloji Bulteni;2
-;Economics of Governance;2
-;Journal of Laboratory Medicine;2
-;Amphibia-Reptilia;2
-;Journal of Difference Equations and Applications;2
-;JACC-Cardiovascular Interventions;2
-;Veterinarni Medicina;2
-;Wilderness & Environmental Medicine;2
-;Human Organization;2
-;Forest Science;2
-;Algebra & Number Theory;2
-;Journal of Modern Dynamics;2
-;Journal of Law Medicine & Ethics;2
-;Forestry Chronicle;2
-;Radiation Effects and Defects in Solids;2
-;Mathematical Research Letters;2
-;Monthly Labor Review;2
-;MCN-The American Journal of Maternal-Child Nursing;2
-;Ciencia e Agrotecnologia;2
-;Frequenz;2
-;International Journal of Acarology;2
-;IEEJ Transactions on Electrical and Electronic Engineering;2
-;Journal of Adolescent & Adult Literacy;2
-;Economics of Transition and Institutional Change;2
-;Journal of Chemical Crystallography;2
-;Oceanography;2
-;Contemporary Economic Policy;2
-;Dermatologica Sinica;2
-;Legislative Studies Quarterly;2
-;Statistical Analysis and Data Mining;2
-;Academic Psychiatry;2
-;Doklady Physics;2
-;Journal of Liquid Chromatography & Related Technologies;2
-;Hemoglobin;2
-;Mind Culture and Activity;2
-;Limnology;2
-;Geofisica Internacional;2
-;Nurse Educator;2
-;Communications-European Journal of Communication Research;2
-;Zeitschrift fuer Kinder-Und Jugendpsychiatrie und Psychotherapie;2
-;Journal of Environmental and Engineering Geophysics;2
-;Banach Journal of Mathematical Analysis;2
-;Rationality and Society;2
-;Cells Tissues Organs;2
-;Geography;2
-;Peptide Science;2
-;Set-Valued and Variational Analysis;2
-;Swiss Political Science Review;2
-;Complementary Medicine Research;2
-;Indian Journal of Pediatrics;2
-;Geomagnetism and Aeronomy;2
-;Journal of Automated Reasoning;2
-;Journal of Contemporary Criminal Justice;2
-;Dermatologic Surgery;2
-;International Journal of Disability Development and Education;2
-;Milan Journal of Mathematics;2
-;Electronic Journal of Probability;2
-;Anz Journal of Surgery;2
-;Silvae Genetica;2
-;Geotectonics;2
-;Journal of Computational Biophysics and Chemistry;2
-;Rural and Remote Health;2
-;Acta Mathematicae Applicatae Sinica-English Series;2
-;Discrete Applied Mathematics;2
-;Diagnostic Cytopathology;2
-;Journal of the Serbian Chemical Society;2
-;Journal of Electronic Imaging;2
-;Information Processing Letters;2
-;Journal of Graph Theory;2
-;Island Arc;2
-;Journal of Visceral Surgery;2
-;Australasian Psychiatry;2
-;Fundamenta Informaticae;2
-;Journal of Agricultural Biological and Environmental Statistics;2
-;Annals of Functional Analysis;2
-;Journal of Pediatric Hematology Oncology;2
-;Filomat;2
-;Asia Pacific Law Review;2
-;Harvard Educational Review;2
-;Ecology of Food and Nutrition;2
-;Lake and Reservoir Management;2
-;Invertebrate Biology;2
-;Journal of Thermal Science and Technology;2
-;Nuclear Technology & Radiation Protection;2
-;Fluid Dynamics Research;2
-;Applicable Analysis and Discrete Mathematics;2
-;Palaeontologia Electronica;2
-;Journal of Advanced Mechanical Design Systems and Manufacturing;2
-;Mining Metallurgy & Exploration;2
-;Journal of Semantics;2
-;Disaster Medicine and Public Health Preparedness;2
-;European Journal of Vascular and Endovascular Surgery;2
-;Ecological Psychology;2
-;Folia Phoniatrica et Logopaedica;2
-;Journal of Wound Ostomy and Continence Nursing;2
-;Farmacia;2
-;Transactions of the Indian Ceramic Society;2
-;tm-Technisches Messen;2
-;American Journal of Health-System Pharmacy;2
-;Critical Reviews in Immunology;2
-;Baltic Forestry;2
-;Chelonian Conservation and Biology;2
-;Journal of Artificial Organs;2
-;Linguistic Review;2
-;Annali di Matematica Pura ed Applicata;2
9520;Mathematika;1
-;Southern African Linguistics and Applied Language Studies;1
-;Spanish in Context;1
-;Annales de Chirurgie Plastique Esthetique;1
-;Norwegian Archaeological Review;1
-;Politix;1
-;Notre Dame Journal of Formal Logic;1
-;Medicina Clinica;1
-;Journal of Baltic Studies;1
-;Metal Science and Heat Treatment;1
-;Metaphilosophy;1
-;Popular Music and Society;1
-;Journal of Family Therapy;1
-;Korea Observer;1
-;Radical History Review;1
-;Neurosurgery;1
-;Kovove Materialy-Metallic Materials;1
-;Zeitschrift fuer Sportpsychologie;1
-;Circulo de Linguistica Aplicada a la Comunicacion;1
-;Revista Internacional de Medicina y Ciencias de la Actividad Fisica y del Deporte;1
-;Rhetoric Society Quarterly;1
-;IEEE Technology and Society Magazine;1
-;Hematological Oncology;1
-;Bulletin of the London Mathematical Society;1
-;Journal of the National Medical Association;1
-;Journal of Semiconductor Technology and Science;1
-;Journal of the International Phonetic Association;1
-;Manuscripta Mathematica;1
-;Current Proteomics;1
-;Cryptologia;1
-;ENT-Ear Nose & Throat Journal;1
-;Neurology;1
-;Materiale Plastice;1
-;Animal Biology;1
-;Journal of the Mathematical Society of Japan;1
-;New Testament Studies;1
-;International Journal of Sensor Networks;1
-;Kyushu Journal of Mathematics;1
-;Japanese Economic Review;1
-;Leiden Journal of International Law;1
-;Cambridge Journal of Postcolonial Literary Inquiry;1
-;Journal of Arthropod-Borne Diseases;1
-;Journal of Hard Tissue Biology;1
-;Acta Scientiarum-Technology;1
-;Israel Affairs;1
-;Current Problems in Pediatric and Adolescent Health Care;1
-;Signs and Society;1
-;Entomological Science;1
-;International Journal of Oil Gas and Coal Technology;1
-;Rhetoric Review;1
-;International Review of the Red Cross;1
-;International Journal of Surface Science and Engineering;1
-;Neurochemical Journal;1
-;Kafkas Universitesi Veteriner Fakultesi Dergisi;1
-;International Journal of Global Warming;1
-;Turkish Journal of Hematology;1
-;Graphs and Combinatorics;1
-;Current Herpetology;1
-;Turkish Journal of Geriatrics-Turk Geriatri Dergisi;1
-;Sensors and Materials;1
-;Stochastic Models;1
-;Econometric Reviews;1
-;Records of Natural Products;1
-;Noise Control Engineering Journal;1
-;Plastic Surgery;1
-;British Journal of Hospital Medicine;1
-;Journal of Experimental Psychology-Animal Learning and Cognition;1
-;IEICE Transactions on Fundamentals of Electronics Communications and Computer Sciences;1
-;Quantum Information & Computation;1
-;IEICE Transactions on Electronics;1
-;Historical Records of Australian Science;1
-;Senses & Society;1
-;IEEE Security & Privacy;1
-;Journal of Medieval Iberian Studies;1
-;Museum International;1
-;Journal of Screenwriting;1
-;Design and Culture;1
-;Psychoanalytic Psychology;1
-;Biotechnology Law Report;1
-;Journal of Economic Methodology;1
-;Texas Heart Institute Journal;1
-;Review of Symbolic Logic;1
-;Journal of Equine Veterinary Science;1
-;European Journal of Industrial Engineering;1
-;Information Technology and Libraries;1
-;Animation-An Interdisciplinary Journal;1
-;Asian Economic Papers;1
-;Conservation and Management of Archaeological Sites;1
-;Time & Mind-The Journal of Archaeology Consciousness and Culture;1
-;Journal of Clinical Oncology;1
-;Epilepsy Currents;1
-;Drustvena Istrazivanja;1
-;Studies in American Political Development;1
-;Prostor;1
-;Journal of Pidgin and Creole Languages;1
-;Revija za Socijalnu Politiku;1
-;Ecological Restoration;1
-;Complex Variables and Elliptic Equations;1
-;Tree-Ring Research;1
-;Hispanic Journal of Behavioral Sciences;1
-;International Journal of Number Theory;1
-;Public Culture;1
-;Asian Economic Journal;1
-;Critical Care Nursing Clinics of North America;1
-;European Law Journal;1
-;Bratislava Medical Journal-Bratislavske Lekarske Listy;1
-;China Quarterly;1
-;Representation Theory;1
-;Contemporary South Asia;1
-;Journal of Addictions Nursing;1
-;Journal of Economics;1
-;Journal of Knot Theory and Its Ramifications;1
-;Progress in Reaction Kinetics and Mechanism;1
-;European Journal of Archaeology;1
-;Scandinavian Political Studies;1
-;Schmerz;1
-;Journal of Mathematical Logic;1
-;Journal of Entomological Science;1
-;Computational Geometry-Theory and Applications;1
-;ICSID Review-Foreign Investment Law Journal;1
-;Humor-International Journal of Humor Research;1
-;Journal of Algebra and Its Applications;1
-;Revista Chapingo Serie Ciencias Forestales y del Ambiente;1
-;Iranian Journal of Pediatrics;1
-;Seminars in Musculoskeletal Radiology;1
-;Irish Political Studies;1
-;Neurophysiology;1
-;Invertebrate Reproduction & Development;1
-;Analytic Philosophy;1
-;Europace;1
-;Journal of Visual Culture;1
-;Bariatric Surgical Practice and Patient Care;1
-;Journal of Portfolio Management;1
-;Pediatric Annals;1
-;Zeitschrift fuer Analysis und Ihre Anwendungen;1
-;Journal of Pain and Symptom Management;1
-;Journal of Forest Economics;1
-;Journal of the History of the Neurosciences;1
-;Applied Categorical Structures;1
-;Gematologiya i Transfuziologiya;1
-;Psychotherapie Psychosomatik Medizinische Psychologie;1
-;Australian and New Zealand Journal of Family Therapy;1
-;Chemija;1
-;Inter-Asia Cultural Studies;1
-;Australian Feminist Studies;1
-;Rechtsmedizin;1
-;Asian-Pacific Economic Literature;1
-;Journal of Biomaterials and Tissue Engineering;1
-;Fruits;1
-;Informal Logic;1
-;Rendiconti Lincei-Matematica e Applicazioni;1
-;CNS Spectrums;1
-;Canadian Journal of Cardiology;1
-;Res Philosophica;1
-;Journal of Law and Society;1
-;Materials Express;1
-;Annual of the British School at Athens;1
-;disP;1
-;Chinese Annals of Mathematics Series B;1
-;Journal of Allergy and Clinical Immunology;1
-;KSII Transactions on Internet and Information Systems;1
-;Iheringia Serie Botanica;1
-;Zoology in the Middle East;1
-;Bulletin of the History of Medicine;1
-;Proceedings of the Indian Academy of Sciences-Mathematical Sciences;1
-;Enterprise & Society;1
-;Bioscience Journal;1
-;Kew Bulletin;1
-;Bangladesh Journal of Botany;1
-;Acta Medica Portuguesa;1
-;Equine Veterinary Education;1
-;Communications in Algebra;1
-;Reference & User Services Quarterly;1
-;Design Issues;1
-;Pacific Philosophical Quarterly;1
-;Functions of Language;1
-;Journal of the Torrey Botanical Society;1
-;Annals of Combinatorics;1
-;Cardiovascular Journal of Africa;1
-;Transactions of the Philological Society;1
-;EJSO;1
-;Philosophia;1
-;Vojnosanitetski Pregled;1
-;Translator;1
-;Philosophy of the Social Sciences;1
-;Organised Sound;1
-;Psychiatric Annals;1
-;ICON-International Journal of Constitutional Law;1
-;Religion;1
-;Journal of the Kansas Entomological Society;1
-;Rethinking History;1
-;Kardiologia Polska;1
-;Revista Brasileira de Historia;1
-;Electromagnetics;1
-;Arquivo Brasileiro de Medicina Veterinaria e Zootecnia;1
-;Sociologia;1
-;Journal of the Institute of Mathematics of Jussieu;1
-;American Journal of Kidney Diseases;1
-;Proceedings of the Yorkshire Geological Society;1
-;Journal of Evolutionary Biochemistry and Physiology;1
-;Brazilian Journal of Probability and Statistics;1
-;Human Reproduction;1
-;Macroeconomic Dynamics;1
-;Journal of the Brazilian Chemical Society;1
-;X-Ray Spectrometry;1
-;American Journal of Occupational Therapy;1
-;Complex Analysis and Operator Theory;1
-;Journal of New Materials for Electrochemical Systems;1
-;Saude e Sociedade;1
-;Acta Arithmetica;1
-;Annales Polonici Mathematici;1
-;Movimento-Porto Alegre;1
-;Intelligence and National Security;1
-;International Journal of Nanotechnology;1
-;Journal of Environmental Science and Management;1
-;Australian Journal of Forensic Sciences;1
-;Social Philosophy & Policy;1
-;Journal of Humanistic Psychology;1
-;Acta Biologica Colombiana;1
-;Baltica;1
-;Advances in Geometry;1
-;Placenta;1
-;Bradleya;1
-;IDS Bulletin-Institute of Development Studies;1
-;Oxford Journal of Legal Studies;1
-;Tohoku Mathematical Journal;1
-;Visual Studies;1
-;Annals of Hepatology;1
-;Geometriae Dedicata;1
-;Journal of Scientific & Industrial Research;1
-;International Journal of Mathematics;1
-;Transplantation;1
-;Contemporary Southeast Asia;1
-;Boletim do Instituto de Pesca;1
-;Trimestre Economico;1
-;Journal of Linguistics;1
-;Sotsiologicheskie Issledovaniya;1
-;Economics and Philosophy;1
-;Analysis Mathematica;1
-;British Journal of Oral & Maxillofacial Surgery;1
-;Ukrainian Mathematical Journal;1
-;Rendiconti del Seminario Matematico della Universita di Padova;1
-;Applied Geophysics;1
-;Journal of Medical Primatology;1
-;Journal of Symbolic Logic;1
-;International Journal of Ventilation;1
-;Behavioral and Brain Sciences;1
-;Journal of International Criminal Justice;1
-;American Journal of Law & Medicine;1
-;India Review;1
-;Journal of Veterinary Pharmacology and Therapeutics;1
-;Journal of the History of Medicine and Allied Sciences;1
-;Astronomische Nachrichten;1
-;Norwegian Journal of Geology;1
-;Mathematical Proceedings of the Cambridge Philosophical Society;1
-;Journal of Crohns & Colitis;1
-;Open Mathematics;1
-;Australasian Journal of Philosophy;1
-;Journal of Nanoelectronics and Optoelectronics;1
-;Statistica Neerlandica;1
-;Ricerche di Matematica;1
-;Archaeologies-Journal of the World Archaeological Congress;1
-;Anatolian Journal of Cardiology;1
-;Studia Linguistica;1
-;International Journal of Lexicography;1
-;Australian Archaeology;1
-;Bulletin of the Australian Mathematical Society;1
-;Journal of World Trade;1
-;Annals of Work Exposures and Health;1
-;Journal of Hematopathology;1
-;Canadian Journal of Linguistics-Revue Canadienne de Linguistique;1
-;Indian Journal of Fisheries;1
-;Twentieth Century British History;1
-;Survival;1
-;Indian Journal of Engineering and Materials Sciences;1
-;Canadian Journal of Political Science-Revue Canadienne de Science Politique;1
-;NTM;1
-;Industrial Law Journal;1
-;Cambridge Review of International Affairs;1
-;Idojaras;1
-;Review of Faith & International Affairs;1
-;Canadian Mathematical Bulletin-Bulletin Canadien de Mathematiques;1
-;Latin American Applied Research;1
-;Zeitschrift fuer Neuropsychologie;1
-;Progress in Community Health Partnerships-Research Education and Action;1
-;Verhaltenstherapie;1
-;Journal of Historical Sociology;1
-;Nordic Journal of Linguistics;1
-;Poetics Today;1
-;Bulletin of the Iranian Mathematical Society;1
-;AKCE International Journal of Graphs and Combinatorics;1
-;African Journal of Wildlife Research;1
-;Semigroup Forum;1
-;Pharmacognosy Magazine;1
-;Theoretical Foundations of Chemical Engineering;1
-;Transylvanian Review of Administrative Sciences;1
-;BJPsych Open;1
-;Journal of Functional Programming;1
-;Theoria-A Swedish Journal of Philosophy;1
-;Siberian Mathematical Journal;1
-;History of the Human Sciences;1
-;Journal of Mathematical Inequalities;1
-;Croatian Journal of Education-Hrvatski Casopis za Odgoj i Obrazovanje;1
-;Journal of Biomedical Nanotechnology;1
-;Tidsskrift for Samfunnsforskning;1
-;European Journal of Philosophy;1
-;Series-Journal of the Spanish Economic Association;1
-;Journal of Burn Care & Research;1
-;Aerospace Medicine and Human Performance;1
-;Acta Physica Sinica;1
-;Library Trends;1
-;Arkivoc;1
-;Revista Brasileira de Politica Internacional;1
-;Archives of Physical Medicine and Rehabilitation;1
-;Utilitas;1
-;ESMO Open;1
-;Revista de Biologia Tropical;1
-;Proceedings of the Royal Society of Edinburgh Section A-Mathematics;1
-;Arkiv for Matematik;1
-;Revista Espanola de Pedagogia;1
-;Arquivos de Neuro-Psiquiatria;1
-;Journal of the British Society for Phenomenology;1
-;Revista Internacional de Sociologia;1
-;Journal of East European Management Studies;1
-;China Perspectives;1
-;Revista Mexicana de Fisica;1
-;South African Journal of Surgery;1
-;Phi Delta Kappan;1
-;Radiophysics and Quantum Electronics;1
-;Ratio;1
-;Relations Industrielles-Industrial Relations;1
-;Diachronica;1
-;International Journal of Offshore and Polar Engineering;1
-;IEEE Antennas and Propagation Magazine;1
-;Physics Teacher;1
-;Psychological Inquiry;1
-;Journal of Linguistic Anthropology;1
-;Psychoanalytic Dialogues;1
-;Salud Mental;1
-;Optics and Spectroscopy;1
-;Prehospital and Disaster Medicine;1
-;Human Immunology;1
-;Investigacion Bibliotecologica;1
-;Journal of Craniofacial Surgery;1
-;Oriental Insects;1
-;Annales Societatis Geologorum Poloniae;1
-;Journal of Pharmacological and Toxicological Methods;1
-;Revista de Neurologia;1
-;Arbor-Ciencia Pensamiento y Cultura;1
-;Pacific Journal of Mathematics;1
-;Journal of the American Academy of Audiology;1
-;Journal of the Pakistan Medical Association;1
-;Philosophy & Social Criticism;1
-;ASAIO Journal;1
-;Psychologie Francaise;1
-;Nutricion Hospitalaria;1
-;Pathology;1
-;American Journal of Dermatopathology;1
-;Periodica Mathematica Hungarica;1
-;Quarterly Journal of Mathematics;1
-;Yakugaku Zasshi-Journal of the Pharmaceutical Society of Japan;1
-;Quarterly Journal of Speech;1
-;Aequationes Mathematicae;1
-;International Journal of Ad Hoc and Ubiquitous Computing;1
-;Bosque;1
-;Journal of Computer and Systems Sciences International;1
-;Crystallography Reviews;1
-;Iranian Journal of Radiology;1
-;Revista de Ciencia Politica;1
-;International Journal of Game Theory;1
-;Geomorphologie-Relief Processus Environnement;1
-;Bulletin of the Belgian Mathematical Society-Simon Stevin;1
-;ACI Materials Journal;1
-;Estudios Atacamenos;1
-;Crustaceana;1
-;Clinical and Experimental Obstetrics & Gynecology;1
-;NBER Macroeconomics Annual;1
-;Journal of Black Studies;1
-;Nursing Science Quarterly;1
-;Journal of Applied Fluid Mechanics;1
-;Revista de Geografia Norte Grande;1
-;Current Problems in Surgery;1
-;Algebra Universalis;1
-;International Journal of Heavy Vehicle Systems;1
-;Proceedings of the Estonian Academy of Sciences;1
-;Russian Physics Journal;1
-;Clinical Neurophysiology;1
-;Endocrine Practice;1
-;International Journal of Immunogenetics;1
-;Operative Techniques in Sports Medicine;1
-;Nematology;1
-;Anthropologischer Anzeiger;1
-;Compost Science & Utilization;1
-;Defence Science Journal;1
-;International Journal of Law in Context;1
-;Economic Computation and Economic Cybernetics Studies and Research;1
-;Supramolecular Chemistry;1
-;Journal of Scholarly Publishing;1
-;English in Education;1
-;Journal of Cutaneous Medicine and Surgery;1
-;Undersea and Hyperbaric Medicine;1
-;Homology Homotopy and Applications;1
-;American Fern Journal;1
-;Paediatrics & Child Health;1
-;Clinical Neuropathology;1
-;Ramanujan Journal;1
-;Journal of Commonwealth Literature;1
-;Revista Espanola de Enfermedades Digestivas;1
-;Langages;1
-;Comparative Parasitology;1
-;Archiv der Mathematik;1
-;Praxis der Kinderpsychologie und Kinderpsychiatrie;1
-;Review of Radical Political Economics;1
-;Archive for History of Exact Sciences;1
-;Complutum;1
-;Tetsu to Hagane-Journal of the Iron and Steel Institute of Japan;1
-;Music Theory Online;1
-;International Journal of Applied Electromagnetics and Mechanics;1
-;American Journal of Comparative Law;1
-;Zephyrus-Revista de Prehistoria y Arqueologia;1
-;Journal for Healthcare Quality;1
-;Circulation Research;1
-;Biology Bulletin;1
-;Cirugia y Cirujanos;1
-;Journal of the National Science Foundation of Sri Lanka;1
-;Journal of Nutrition Education and Behavior;1
-;Genetika-Belgrade;1
-;Acta Geodynamica et Geomaterialia;1
-;Mokuzai Gakkaishi;1
-;Bulletin of the Lebedev Physics Institute;1
-;European Review;1
-;Gender & Society;1
-;Journal of Contemporary Mathematical Analysis-Armenian Academy of Sciences;1
-;Russian Meteorology and Hydrology;1
-;Studia Universitatis Babes-Bolyai Chemia;1
-;Critical Review;1
-;Philosophical Papers;1
-;American Journal of Psychology;1
-;Crime Media Culture;1
-;Asian Women;1
-;Society & Animals;1
-;Historia Agraria;1
-;Coleopterists Bulletin;1
-;American Journal of Veterinary Research;1
-;Atomic Energy;1
-;Materia-Rio de Janeiro;1
-;Western North American Naturalist;1
-;Revista Brasileira de Medicina do Esporte;1
-;Journal of the Korean Statistical Society;1
-;Journal of Aesthetic Education;1
-;Osteoarthritis and Cartilage;1
-;Indian Journal of Dermatology Venereology & Leprology;1
-;European Journal for Philosophy of Religion;1
-;Acta Carsologica;1
-;FASEB Journal;1
-;Deviance et Societe;1
-;Acta Informatica;1
-;Revista Internacional de Andrologia;1
-;Acta Physica Polonica A;1
-;Informes de la Construccion;1
-;Clinical Nurse Specialist;1
-;Cancer Genetics;1
-;Physics of Atomic Nuclei;1
-;Journal of Operator Theory;1
-;International Journal of Economic Theory;1
-;Journal of Animal Science;1
-;American Speech;1
-;Semiconductors;1
-;Dissolution Technologies;1
-;Australian & New Zealand Journal of Statistics;1
-;Mathematical Logic Quarterly;1
-;Southeastern Naturalist;1
-;Studies in Canadian Literature-Etudes en Litterature Canadienne;1
-;Archives of Disease in Childhood-Education and Practice Edition;1
-;International Affairs;1
-;Journal of Combinatorial Designs;1
-;Contemporary Psychoanalysis;1
-;Algebras and Representation Theory;1
-;Acta Veterinaria Brno;1
-;English Studies in Africa;1
-;Revista de Biologia Marina y Oceanografia;1
-;International Journal for Philosophy of Religion;1
-;Critical Studies in Media Communication;1
-;Proceedings of the Japan Academy Series A-Mathematical Sciences;1
-;Cosmic Research;1
-;Continental Philosophy Review;1
-;Polish Journal of Pathology;1
-;Discussiones Mathematicae Graph Theory;1
-;Finanzarchiv;1
-;Communications in Statistics-Theory and Methods;1
-;History and Theory;1
-;Journal of Bryology;1
-;Russian Journal of Genetics;1
-;Journal of Nonlinear and Variational Analysis;1
-;Jahrbuch Musikpsychologie/Yearbook of Music Psychology;1
-;Food Hygiene and Safety Science;1
-;Georgian Mathematical Journal;1
-;Forest Products Journal;1
-;Computer;1
-;Trames-Journal of the Humanities and Social Sciences;1
-;Hong Kong Journal of Emergency Medicine;1
-;Fundamenta Mathematicae;1
-;Erkenntnis;1
-;Russian Journal of Herpetology;1
-;Scientia Forestalis;1
-;Indian Journal of Pathology and Microbiology;1
-;Electronic Journal of Linear Algebra;1
-;Journal of Labelled Compounds & Radiopharmaceuticals;1
-;Taiwanese Journal of Mathematics;1
-;Electronic Journal of Qualitative Theory of Differential Equations;1
-;International Journal of Psychophysiology;1
-;Gastroenterology Nursing;1
-;Aquatic Insects;1
-;Studies on Neotropical Fauna and Environment;1
-;Acta Mathematica Sinica-English Series;1
-;Journal of Commutative Algebra;1
-;Journal of the Australian Library and Information Association;1
-;Ideggyogyaszati Szemle-Clinical Neuroscience;1
-;Global Governance;1
-;Indagationes Mathematicae-New Series;1
-;Journal of Medical Devices-Transactions of the Asme;1
-;Respiratory Medicine and Research;1
-;Indian Journal of Agricultural Sciences;1
-;Refractories and Industrial Ceramics;1
-;Electronic Communications in Probability;1
-;Asia Pacific Journal of Anthropology;1
-;Indian Pediatrics;1
-;Grundwasser;1
-;Australian Journal of Anthropology;1
-;Review of Cognitive Linguistics;1
-;Environmental History;1
-;Informacije Midem-Journal of Microelectronics Electronic Components and Materials;1
-;Neurological Sciences and Neurophysiology;1
-;Glasgow Mathematical Journal;1
-;Journal of Group Theory;1
-;HNO;1
-;Herald of the Russian Academy of Sciences;1
-;Zeitschrift fuer Kristallographie-New Crystal Structures;1
-;Estudios Geologicos-Madrid;1
-;Journal of Laser Micro Nanoengineering;1
-;Journal of Neuro-Ophthalmology;1
-;Electronic Journal of Combinatorics;1
-;Journal of the South African Veterinary Association;1
-;Indian Journal of Animal Sciences;1
-;Herzogia;1
-;Journal of Latin American and Caribbean Anthropology;1
-;Berichte zur Wissenschaftsgeschichte;1
-;Law and Philosophy;1
-;Presidential Studies Quarterly;1
-;Brain Stimulation;1
-;Environmental & Engineering Geoscience;1
-;Endocrinologia Diabetes y Nutricion;1
-;Veterinarski Arhiv;1
-;Notfall & Rettungsmedizin;1
-;Light & Engineering;1
-;Materials Science-Medziagotyra;1
-;Candollea;1
-;Poznan Studies in Contemporary Linguistics;1
-;Quaestiones Mathematicae;1
-;Journal der Deutschen Dermatologischen Gesellschaft;1
-;International Labor and Working-Class History;1
-;Metallurgist;1
-;Journal of Modern European History;1
-;Michigan Mathematical Journal;1
-;Klinische Monatsblatter fuer Augenheilkunde;1
-;History and Anthropology;1
-;Kybernetika;1
-;High Energy Density Physics;1
-;Middle Eastern Studies;1
-;Journal of the Faculty of Agriculture Kyushu University;1
-;Labor History;1
-;Mind;1
-;Langue Francaise;1
-;Modern Asian Studies;1
-;Materiali in Tehnologije;1
-;Law & Society Review;1
-;Modern Law Review;1
-;Zeitschrift fuer Germanistische Linguistik;1
-;Environmental Engineering and Management Journal;1
-;Social Analysis;1
-;Monatsschrift fuer Kriminologie und Strafrechtsreform;1
-;Across Languages and Cultures;1
-;Moscow University Physics Bulletin;1
-;Applied Ecology and Environmental Research;1
-;History and Philosophy of Logic;1
-;Lipids;1
-;Muslim World;1
-;Digestive and Liver Disease;1
-;Names-A Journal of Onomastics;1
-;Tropical Journal of Pharmaceutical Research;1
-;Magnetohydrodynamics;1
-;Rehabilitation Nursing;1
-;Endeavour;1
-;Social Science History;1
-;Psychiatrische Praxis;1
-;Neurology India;1
-;American Journal of Transplantation;1
-;Mathematica Scandinavica;1
-;South African Journal of Industrial Engineering;1
-;International Journal of Islamic Architecture;1
-;Psychosis-Psychological Social and Integrative Approaches;1
-;Acta Entomologica Musei Nationalis Pragae;1
-;Revista Ciencia Agronomica;1
-;Journal of Vascular Surgery;1
-;British Journal of Middle Eastern Studies;1
-;Arquitetura Revista;1
-;Clinical Journal of Oncology Nursing;1
-;International Peacekeeping;1
-;South American Journal of Herpetology;1
-;Journal of Volcanology and Seismology;1
-;Representations;1
-;International Journal of Pharmacology;1
-;Arabian Archaeology and Epigraphy;1
-;Family Medicine;1
-;Symmetry Integrability and Geometry-Methods and Applications;1
-;Jaapa-Journal of the American Academy of Physician Assistants;1
-;Physics and Chemistry of Glasses-European Journal of Glass Science and Technology Part B;1
-;Critical Studies in Television;1
-;Science and Technology Studies;1
-;European Heart Journal-Cardiovascular Imaging;1
-;Iranian Journal of Public Health;1
-;Tekstil ve Konfeksiyon;1
-;Russian Journal of Pacific Geology;1
-;Bilig;1
-;Turk Gogus Kalp Damar Cerrahisi Dergisi-Turkish Journal of Thoracic and Cardiovascular Surgery;1
-;Experimental and Clinical Transplantation;1
-;Journal of Comparative Psychology;1
-;Plant Species Biology;1
-;Open Forum Infectious Diseases;1
-;Medical Anthropology Quarterly;1
-;Journal of the Japan Petroleum Institute;1
-;Journal of Photopolymer Science and Technology;1
-;Journal of International Dispute Settlement;1
-;European Heart Journal-Acute Cardiovascular Care;1
-;Journal for General Philosophy of Science;1
-;Australian Journal of Linguistics;1
-;IEEE Power & Energy Magazine;1
-;Journal of Mathematics and Music;1
-;Oncology Research and Treatment;1
-;China Information;1
-;Anthropology Southern Africa;1
-;European Journal of International Management;1
-;Journal of Oral & Facial Pain and Headache;1
-;Pediatric Physical Therapy;1
-;American Annals of the Deaf;1
-;Miskolc Mathematical Notes;1
-;Global Nest Journal;1
-;Tehnicki Vjesnik-Technical Gazette;1
-;Journal of the Hellenic Veterinary Medical Society;1
-;IEEE Pervasive Computing;1
-;International Journal of Shipping and Transport Logistics;1
-;Asymptotic Analysis;1
-;Critical Arts-South-North Cultural and Media Studies;1
-;Clinical Dysmorphology;1
-;Journal of Coastal Research;1
-;Discourse Studies;1
-;International Journal of Algebra and Computation;1
-;American Ethnologist;1
-;Topics in Clinical Nutrition;1
-;Revista da Escola de Enfermagem da USP;1
-;Kerntechnik;1
-;Contemporary Music Review;1
-;Journal of French Language Studies;1
-;Journal of Public Economic Theory;1
-;Proceedings of the Steklov Institute of Mathematics;1
-;Supreme Court Review;1
-;Isokinetics and Exercise Science;1
-;Dynamical Systems-An International Journal;1
-;Trabajos de Prehistoria;1
-;Zeitschrift fuer Sexualforschung;1
-;Latin American Perspectives;1
-;Annales de Paleontologie;1
-;Stochastics and Dynamics;1
-;Heart Surgery Forum;1
-;South African Journal on Human Rights;1
-;Journal of Mechanics in Medicine and Biology;1
-;Archive for Mathematical Logic;1
-;M S-Medecine Sciences;1
-;Review of Central and East European Law;1
-;HTS Teologiese Studies-Theological Studies;1
-;Language and Literature;1
-;Forum Mathematicum;1
-;Manchester School;1
-;Differential Geometry and Its Applications;1
-;Journal of Cave and Karst Studies;1
-;Random Matrices-Theory and Applications;1
-;Journal of the Royal Statistical Society Series A-Statistics in Society;1
-;Israel Journal of Plant Sciences;1
-;Visual Communication;1
-;Ethik in der Medizin;1
-;Nordic Journal of Religion and Society;1
-;Acsms Health & Fitness Journal;1
-;Legal Studies;1
-;Political Theory;1
-;Research in Dance Education;1
-;Journal of Foraminiferal Research;1
-;Journal of AAPOS;1
-;Filosofija-Sociologija;1
-;International Journal of Mobile Communications;1
-;Journal of Applied Analysis and Computation;1
-;Acta Mathematica Hungarica;1
-;Proceedings of the Institution of Civil Engineers-Civil Engineering;1
-;Northeastern Naturalist;1
-;Cytoskeleton;1
-;Canadian Medical Association Journal;1
-;Oxford Journal of Archaeology;1
-;International Journal of Historical Archaeology;1
-;Applicable Algebra in Engineering Communication and Computing;1
-;Signs;1
-;Natural Areas Journal;1
-;Historical Materialism-Research in Critical Marxist Theory;1
-;History of Psychology;1
-;Asian Journal of Mathematics;1
-;Contemporary European History;1
-;British Journal for the History of Philosophy;1
-;Ceramics-Silikaty;1
-;Acta Mathematica Scientia;1
-;History of Science;1
-;Social Dynamics-A Journal of African Studies;1
-;Teaching Sociology;1
-;Journal of English Linguistics;1
-;Revista Iberoamericana de Diagnostico y Evaluacion-E Avaliacao Psicologica;1
-;Thought-A Journal of Philosophy;1
-;Veterinary Anaesthesia and Analgesia;1
-;Journal of the Chemical Society of Pakistan;1
-;Crop Breeding and Applied Biotechnology;1
-;IEEE Instrumentation & Measurement Magazine;1
-;Journal of Fiber Science and Technology;1
-;Journal of New Music Research;1
-;Agricultural and Food Science;1
-;Electronics and Communications in Japan;1
-;Kindheit und Entwicklung;1
-;Negotiation Journal;1
-;Contemporary Problems of Ecology;1
-;Journal of the Neurological Sciences;1
-;IEEE Micro;1
-;Psihologija;1
-;Language Problems & Language Planning;1
-;Pesquisa Agropecuaria Brasileira;1
-;Journal of Value Inquiry;1
-;Indonesia and the Malay World;1
-;Journal of Natural History;1
-;Cultural Geographies;1
-;Pesquisa Veterinaria Brasileira;1
-;Ethics & Global Politics;1
-;Theology and Science;1
-;Universitas Psychologica;1
-;Musica Hodie;1
-;Tempo Social;1
-;Bulletin of the Brazilian Mathematical Society;1
-;Tropical Doctor;1
-;Transinformacao;1
-;European Surgery-Acta Chirurgica Austriaca;1
-;Journal of Pharmacology and Experimental Therapeutics;1
-;New Zealand Journal of Ecology;1
-;Textile-Cloth and Culture;1
-;Arquivos Brasileiros de Cardiologia;1
-;International Journal of Vehicle Design;1
-;Journal of Social Work Practice;1
-;Canadian Journal of Philosophy;1
-;Ergodic Theory and Dynamical Systems;1
-;Ingenieria e Investigacion;1
-;Childrens Literature in Education;1
-;Revista Mvz Cordoba;1
-;Algebraic and Geometric Topology;1
-;Journal of Architecture;1
-;International Journal of Foundations of Computer Science;1
-;Revista Mexicana de Ingenieria Quimica;1
-;Computational Methods and Function Theory;1
-;English Today;1
-;International Journal of Law Policy and the Family;1
-;Belleten;1
-;Pacific Economic Review;1
-;Arthropoda Selecta;1
-;Mathematica Slovaca;1
-;Journal of Social Philosophy;1
-;Comptes Rendus Biologies;1
-;Planning Perspectives;1
-;Frontiers of Mathematics in China;1
-;Systematic and Applied Acarology;1
-;Serials Review;1
-;Language in Society;1
-;Comptes Rendus Mathematique;1
-;Journal of the Economic and Social History of the Orient;1
-;Journal of the History of Biology;1
-;Geological Quarterly;1
-;Journal of the History of the Behavioral Sciences;1
-;Journal of Modern African Studies;1
-;Southern Journal of Philosophy;1
-;Southwestern Naturalist;1
-;Phytochemistry Letters;1
-;Revue Roumaine de Chimie;1
-;EFORT Open Reviews;1
-;Australian Economic History Review;1
-;JNP- the Journal for Nurse Practitioners;1
-;Glossa-A Journal of General Linguistics;1
-;Stroke;1
-;Rocky Mountain Journal of Mathematics;1
-;Fundamental and Applied Limnology;1
-;Notes and Records-The Royal Society Journal of the History of Science;1
-;East Asian Science Technology and Society-An International Journal;1
-;Gesture;1
-;Journal of Southern African Studies;1
-;Journal of Mens Health;1
-;Pflege;1
-;Canadian Journal of Mathematics-Journal Canadien de Mathematiques;1
-;Canadian Journal of Neurological Sciences;1
-;Journal of Historical Geography;1
-;Journal of Cytology;1
-;Indian Journal of Hematology and Blood Transfusion;1
-;Journal of Biobased Materials and Bioenergy;1
-;Beton- und Stahlbetonbau;1
-;Archeologicke Rozhledy;1
-;Allelopathy Journal;1
-;Religions;1
-;Taxon;1
-;Emirates Journal of Food and Agriculture;1
-;Asian Journal of Surgery;1
-;Arqueologia;1
-;Scottish Journal of Political Economy;1
-;Structural Engineering International;1
-;Statistica Sinica;1
-;Journal of Maritime Archaeology;1
-;Caribbean Journal of Science;1
-;Acta Endocrinologica-Bucharest;1
-;Cartographic Journal;1
-;Seminars in Roentgenology;1
-;Convergencia-Revista de Ciencias Sociales;1
-;International Journal of Diabetes in Developing Countries;1
-;Rural History-Economy Society Culture;1
-;Journal of Exotic Pet Medicine;1
-;Carpathian Journal of Earth and Environmental Sciences;1
-;Blood;1
-;Theory and Decision;1
-;Phonology;1
-;Centaurus;1
-;Bois et Forets des Tropiques;1
-;Theory of Probability and Its Applications;1
-;Operators and Matrices;1
-;Social Forces;1
-;Zeitschrift fuer Rheumatologie;1
-;Boletin de la Sociedad Argentina de Botanica;1
-;Pure and Applied Mathematics Quarterly;1
-;Revista de la Sociedad Entomologica Argentina;1
-;Ars Mathematica Contemporanea;1
-;British Journal of Aesthetics;1
-;Safety and Health at Work;1
-;Zeitschrift der Deutschen Gesellschaft fuer Geowissenschaften;1
-;Sociological Inquiry;1
-;British Journal of Dermatology;1
-;Wilson Journal of Ornithology;1
-;RAE-Revista de Administracao de Empresas;1
-;European Journal of the History of Economic Thought;1
-;Alzheimers & Dementia;1
-;Zeitschrift fuer Gerontologie und Geriatrie;1
-;Arquivos Brasileiros de Oftalmologia;1
-;South East Asia Research;1
-;Sophia;1
-;Brittonia;1
-;Revista Medica de Chile;1
-;Journal of Landscape Architecture;1
-;Bryologist;1
-;Bulletin du Cancer;1
-;Philosophical Quarterly;1
-;Singapore Economic Review;1
-;Symbolic Interaction;1
-;Philosophy and Phenomenological Research;1
-;Music Theory Spectrum;1
-;Phonetica;1
-;European Heart Journal;1
-;Photogrammetric Record;1
-;Pharmacopsychiatry;1
-;Publications of the Research Institute for Mathematical Sciences;1
-;Physics Today;1
-;Journal of the History of Economic Thought;1
-;Forum der Psychoanalyse;1
-;Journal of the American Institute for Conservation;1
-;Basic and Applied Social Psychology;1
-;American Journal on Addictions;1
-;Political Quarterly;1
-;Novon;1
-;Journal Francais d'Ophtalmologie;1
-;Politicka Ekonomie;1
-;Investigacion Economica;1
-;Psikhologicheskii Zhurnal;1
-;Hidrobiologica;1
-;Revista Espanola de Documentacion Cientifica;1
-;Pacific Science;1
-;Revista Espanola de Investigaciones Sociologicas;1
-;Journal of the American Academy of Dermatology;1
-;Pakistan Journal of Zoology;1
-;Studies in Psychology;1
-;Palestine Exploration Quarterly;1
-;Pan-Pacific Entomologist;1
-;Psychologische Rundschau;1
-;Past & Present;1
-;Boletin de la Asociacion de Geografos Espanoles;1
-;Revista Espanola de Linguistica Aplicada;1
-;Perspectives in Biology and Medicine;1
-;Tokyo Journal of Mathematics;1
-;Archives of Medical Science;1
-;International Journal of Morphology;1
-;Annales Botanici Fennici;1
-;Interventions-International Journal of Postcolonial Studies;1
-;ACI Structural Journal;1
-;Hepatitis Monthly;1
-;Revista Signos;1
-;International Journal of Group Psychotherapy;1
-;Doklady Mathematics;1
-;Journal of Homotopy and Related Structures;1
-;Iranian Journal of Allergy Asthma and Immunology;1
-;Cryobiology;1
-;Annali Della Scuola Normale Superiore di Pisa-Classe di Scienze;1
-;Pratiques Psychologiques;1
-;American Journal of Geriatric Psychiatry;1
-;Curator-The Museum Journal;1
-;Agrochimica;1
-;Journal of Canadian Studies-Revue d'Etudes Canadiennes;1
-;Current History;1
-;International Journal of Speleology;1
-;Algebra and Logic;1
-;Iranian Journal of Parasitology;1
-;Ambix;1
-;Phytotaxa;1
-;Stochastics-An International Journal of Probability and Stochastic Processes;1
-;International Journal of Psychoanalysis;1
-;Dados-Revista de Ciencias Sociais;1
-;American Business Law Journal;1
-;St Petersburg Mathematical Journal;1
-;Applicable Analysis;1
-;Electrical Engineering in Japan;1
-;Handchirurgie Mikrochirurgie Plastische Chirurgie;1
-;Middle East Policy;1
-;Chemistry and Technology of Fuels and Oils;1
-;Expositiones Mathematicae;1
-;Internist;1
-;Historical Archaeology;1
-;Radioengineering;1
-;American Journal of Clinical Hypnosis;1
-;Arte Individuo y Sociedad;1
-;Theoria-Revista de Teoria Historia y Fundamentos de la Ciencia;1
-;Archaeofauna;1
-;Isis;1
-;Journal of Palestine Studies;1
-;EGA-Revista de Expresion Grafica Arquitectonica;1
-;Positions-Asia Critique;1
-;Babel-Revue Internationale de la Traduction-International Journal of Translation;1
-;Russian Journal of Developmental Biology;1
-;Polish Journal of Ecology;1
-;American Journal of Obstetrics and Gynecology;1
-;Journal of the Japan Institute of Metals and Materials;1
-;Transactions of the Japan Society for Aeronautical and Space Sciences;1
-;Historia y Comunicacion Social;1
-;Pakistan Journal of Agricultural Sciences;1
-;American Journal of Medical Quality;1
-;Journal of Oil Palm Research;1
-;American Journal of Pharmaceutical Education;1
-;Japanese Psychological Research;1
-;Pakistan Journal of Botany;1
-;ScienceAsia;1
-;Pacific Focus;1
-;Molecular Genetics Microbiology and Virology;1
-;Clinical Pediatrics;1
-;New Perspectives on Turkey;1
-;Mathematical Notes;1
-;Russian Journal of Marine Biology;1
-;Asian Journal of Womens Studies;1
-;Revista Matematica Complutense;1
-;Journal for the History of Astronomy;1
-;Economic History Review;1
-;Journal of Arts Management Law and Society;1
-;Collectanea Mathematica;1
-;Journal of Magnetics;1
-;Journal of the Acoustical Society of America;1
-;Quaternaire;1
-;Colloquium Mathematicum;1
-;Proceedings of the American Mathematical Society;1
-;Ground Water Monitoring and Remediation;1
-;Proceedings of the Edinburgh Mathematical Society;1
-;Phyllomedusa;1
-;Journal of Aesthetics and Art Criticism;1
-;Sociology of Religion;1
-;Journal of the American Musicological Society;1
-;Global Economic Review;1
-;Journal of Symplectic Geometry;1
-;Ethics & International Affairs;1
-;Hypatia-A Journal of Feminist Philosophy;1
-;Acta Physica Polonica B;1
-;Crystallography Reports;1
-;Postcolonial Studies;1
-;Low Temperature Physics;1
-;Polymer-Korea;1
-;Physics of Particles and Nuclei;1
-;IT Professional;1
-;Social Science Japan Journal;1
-;Zootaxa;1
-;International Journal of Exergy;1
-;Physics of the Solid State;1
-;Instruments and Experimental Techniques;1
-;Journal of Religious Ethics;1
-;Analysis;1
-;International & Comparative Law Quarterly;1
-;Hokkaido Mathematical Journal;1
-;Experimental Mathematics;1
-;International Journal;1
-;Kagaku Kogaku Ronbunshu;1
-;Journal of Approximation Theory;1
-;Environment;1
-;Gayana Botanica;1
-;Computing in Science & Engineering;1
-;Journal of Communications Technology and Electronics;1
-;Central European Journal of Energetic Materials;1
-;Polish Archives of Internal Medicine-Polskie Archiwum Medycyny Wewnetrznej;1
-;Communications in Statistics-Simulation and Computation;1
-;Journal of Cardiac Failure;1
-;Acta Biológica Colombiana;1
-;Acta Linguistica Academica;1
-;Malaysian Journal of Library & Information Science;1
-;History of Political Economy;1
-;Fluid Dynamics;1
-;Cuaj-Canadian Urological Association Journal;1
-;Language Matters;1
-;Mitochondrial DNA Part A;1
-;Journal of the American College of Surgeons;1
-;Neuropediatrics;1
-;Hemasphere;1
-;Glass and Ceramics;1
-;Boletin de la Sociedad Geologica Mexicana;1
-;Order-A Journal on the Theory of Ordered Sets and Its Applications;1
-;Annals of Allergy Asthma & Immunology;1
-;Journal of Wine Economics;1
-;Acta Ortopedica Brasileira;1
-;Functional Analysis and Its Applications;1
-;Statistics and Its Interface;1
-;Social Science Journal;1
-;Revista Mexicana de Ciencias Geologicas;1
-;Journal of Zoo and Wildlife Medicine;1
-;Urban Morphology;1
-;Revista de Nutricao-Brazilian Journal of Nutrition;1
-;PoLAR-Political and Legal Anthropology Review;1
-;Husserl Studies;1
-;Historical Studies in the Natural Sciences;1
-;Journal of Avian Medicine and Surgery;1
-;Disparidades-Revista de Antropologia;1
-;Celebrity Studies;1
-;Geografisk Tidsskrift-Danish Journal of Geography;1
-;Research and Practice in Thrombosis and Haemostasis;1
-;Journal of Pediatric and Adolescent Gynecology;1
-;Psychologie in Erziehung und Unterricht;1
-;Transformation Groups;1
-;Indian Journal of Cancer;1
-;Continuum-Journal of Media & Cultural Studies;1
-;Indian Journal of Psychiatry;1
-;Indian Journal of Pure & Applied Mathematics;1
-;Scandinavian Journal of History;1
-;Linguistic Typology;1
-;Journal of the American Podiatric Medical Association;1
-;Journal of the Belgian Society of Radiology;1
-;Anziam Journal;1
-;Microscopy and Microanalysis;1
-;Chemical and Biochemical Engineering Quarterly;1
-;Journal of the Australian Mathematical Society;1
-;Theory of Computing Systems;1
-;Glasnik Matematicki;1
-;Acta Analytica-International Periodical for Philosophy in the Analytical Tradition;1
-;Caldasia;1
-;Journal of Geriatric Oncology;1
-;Topology and Its Applications;1
-;Clinical Laboratory;1
-;Natural Product Communications;1
-;Health Physics;1
-;Communications in Analysis and Geometry;1
-;Journal of Optical Technology;1
-;Kidney International Reports;1
-;International Journal of Radiation Oncology Biology Physics;1
-;Journal of the South African Institution of Civil Engineering;1
-;Herpetologica;1
-;Osiris;1
-;Hesperia;1
-;High Energy Chemistry;1
-;Redia-Journal of Zoology;1
-;Journal of Trauma Nursing;1
-;Revista Espanola de Cardiologia;1
-;Mechanika;1
-;Fertility and Sterility;1
-;Sumarski List;1
-;Revue d'Economie Politique;1
-;JCPSP-Journal of the College of Physicians and Surgeons Pakistan;1
10608;Japanese Journal of Religious Studies;0
-;Sleep;0
-;Mechanical Engineering;0
-;Medical History;0
-;October;0
-;Novel-A Forum on Fiction;0
-;California History;0
-;Southwestern Entomologist;0
-;Nuklearmedizin-Nuclear Medicine;0
-;Society;0
-;Medycyna Weterynaryjna-Veterinary Medicine-Science and Practice;0
-;Iran and the Caucasus;0
-;Numen-International Review for the History of Religions;0
-;Meta;0
-;Michigan Law Review;0
-;Nineteenth Century Music;0
-;Klinische Padiatrie;0
-;Modern Judaism;0
-;Middle East Journal;0
-;Milton Quarterly;0
-;Computer Music Journal;0
-;Labour History;0
-;Minnesota Review;0
-;Mnemosyne;0
-;Modern Drama;0
-;Laval Theologique et Philosophique;0
-;Modern Language Quarterly;0
-;Slovenian Veterinary Research;0
-;Modern Philology;0
-;Journal of the Lepidopterists Society;0
-;Library;0
-;Studia Phaenomenologica;0
-;Dance Research Journal;0
-;Monatsschrift Kinderheilkunde;0
-;Slavery & Abolition;0
-;Mouvement Social;0
-;Acta Orientalia Academiae Scientiarum Hungaricae;0
-;Musical Quarterly;0
-;Journal of Cystic Fibrosis;0
-;Luso-Brazilian Review;0
-;European Urology;0
-;Diplomatic History;0
-;Historiographia Linguistica;0
-;Neophilologus;0
-;Journal of American Ethnic History;0
-;Neue Zeitschrift fuer Systematische Theologie und Religionsphilosophie;0
-;Teaching Philosophy;0
-;New England Quarterly-A Historical Review of New England Life and Letters;0
-;American Indian Culture and Research Journal;0
-;Journal of the Society for American Music;0
-;Journal of the Japanese Society for Food Science and Technology-Nippon Shokuhin Kagaku Kogaku Kaishi;0
-;Performance Research;0
-;International Journal of Data Mining and Bioinformatics;0
-;International Journal of Oral and Maxillofacial Surgery;0
-;Journal of Israeli History;0
-;Journal of the Gilded Age and Progressive Era;0
-;Modern Italy;0
-;Oncology Nursing Forum;0
-;Parallax;0
-;Journal of Plant Ecology;0
-;American Music;0
-;Elements;0
-;Brachytherapy;0
-;Rhetorica-A Journal of the History of Rhetoric;0
-;Travail Genre et Societes;0
-;Journal of the American College of Cardiology;0
-;Journal of Modern Craft;0
-;Narrative;0
-;Philosophia-International Journal of Philosophy;0
-;Psychoanalytic Inquiry;0
-;Mexican Studies-Estudios Mexicanos;0
-;Turk Psikiyatri Dergisi;0
-;Journal of Holy Land and Palestine Studies;0
-;Culture & History Digital Journal;0
-;Scottish Historical Review;0
-;Confluencia-Revista Hispanica de Cultura y Literatura;0
-;Revista Romana de Medicina de Laborator;0
-;Chinese Journal of International Law;0
-;Journal of Pediatric Infectious Diseases;0
-;CR-The New Centennial Review;0
-;Sculpture Review;0
-;European Neuropsychopharmacology;0
-;Drug Metabolism and Pharmacokinetics;0
-;Trends in Glycoscience and Glycotechnology;0
-;HAU-Journal of Ethnographic Theory;0
-;Postmedieval-A Journal of Medieval Cultural Studies;0
-;Current Topics in Nutraceutical Research;0
-;Earth Sciences History;0
-;Catholic Historical Review;0
-;Southern Cultures;0
-;East European Jewish Affairs;0
-;Modernist Cultures;0
-;Language & History;0
-;Source-Notes in the History of Art;0
-;Culture et Musees;0
-;Spiritus-A Journal of Christian Spirituality;0
-;Nephrologie & Therapeutique;0
-;Journal of Policy History;0
-;Archives des Maladies Professionnelles et de l'Environnement;0
-;College Literature;0
-;Perspective-Actualite en Histoire de l'Art;0
-;Law & Literature;0
-;Studies in Philology;0
-;Mathematical Inequalities & Applications;0
-;Yearbook for Traditional Music;0
-;Organon F;0
-;Journal of Topology and Analysis;0
-;Praehistorische Zeitschrift;0
-;Hispanic Research Journal-Iberian and Latin American Studies;0
-;Journal of Ecumenical Studies;0
-;Studies in Theatre and Performance;0
-;Sportverletzung-Sportschaden;0
-;New German Critique;0
-;Molecular Genetics and Metabolism;0
-;Psychiatrie de l'Enfant;0
-;European Journal of Scandinavian Studies;0
-;Oral History Review;0
-;Saeculum;0
-;Opuscula-Annual of the Swedish Institutes at Athens and Rome;0
-;Diplomacy & Statecraft;0
-;Contemporary Sociology-A Journal of Reviews;0
-;Studia Scientiarum Mathematicarum Hungarica;0
-;Ab Imperio-Studies of New Imperial History and Nationalism in the Post-Soviet Space;0
-;Toung Pao;0
-;South African Journal of Philosophy;0
-;Tyndale Bulletin;0
-;Bautechnik;0
-;Winterthur Portfolio-A Journal of American Material Culture;0
-;Studies in East European Thought;0
-;Romance Notes;0
-;JOGNN-Journal of Obstetric Gynecologic and Neonatal Nursing;0
-;Societes;0
-;Early Medieval Europe;0
-;South Asia-Journal of South Asian Studies;0
-;Modern & Contemporary France;0
-;Fishery Bulletin;0
-;Islam and Christian-Muslim Relations;0
-;Small Axe;0
-;IEEE Pulse;0
-;Revue des Langues Romanes;0
-;Archives of Natural History;0
-;Souls;0
-;Journal of Germanic Linguistics;0
-;Laryngo-Rhino-Otologie;0
-;Popular Music;0
-;European Journal of Public Health;0
-;Medizinische Genetik;0
-;Powder Diffraction;0
-;Nova Religio-Journal of Alternative and Emergent Religions;0
-;JoVE-Journal of Visualized Experiments;0
-;Journal of Risk;0
-;New Scientist;0
-;Cytotherapy;0
-;Physica Medica-European Journal of Medical Physics;0
-;Archeosciences-Revue d'Archeometrie;0
-;Afterall;0
-;Journal of the Southwest;0
-;Revue de Medecine Interne;0
-;European Journal of International Law;0
-;Family Practice;0
-;Legume Research;0
-;IEEE Aerospace and Electronic Systems Magazine;0
-;Cadmo;0
-;Dickens Quarterly;0
-;Islamic Law and Society;0
-;Near Eastern Archaeology;0
-;Estudios Filologicos;0
-;American Nineteenth Century History;0
-;Journal of Hypertension;0
-;Journal of Anthropological Research;0
-;Teksty Drugie;0
-;Womens History Review;0
-;Logos-Vilnius;0
-;In Practice;0
-;Journal of Hellenic Studies;0
-;Journal of Modern Greek Studies;0
-;Euphrosyne-Revista de Filologia Classica;0
-;Neuromodulation;0
-;Bulletin of the Institute of Classical Studies;0
-;Dance Research;0
-;Milton Studies;0
-;Ploughshares;0
-;QJM-An International Journal of Medicine;0
-;Critical Inquiry;0
-;Northern History;0
-;Sport History Review;0
-;Psychoanalysis and History;0
-;Oriens;0
-;History Workshop Journal;0
-;Journal of Modern History;0
-;IEEE Computer Graphics and Applications;0
-;Voprosy Istorii;0
-;Eighteenth-Century Music;0
-;Revista de Historia da Sociedade e da Cultura;0
-;Journal of Urology;0
-;Journal of Musicological Research;0
-;Quimica Nova;0
-;Manuscrito;0
-;Dix-Neuf;0
-;Journal of Near Eastern Studies;0
-;Resources for American Literary Study;0
-;Revista de Estudios Politicos;0
-;Welt des Islams;0
-;Trans-Form-Acao;0
-;Romantisme;0
-;Wordsworth Circle;0
-;Semina-Ciencias Agrarias;0
-;Bronte Studies;0
-;Zeitschrift fuer Agyptische Sprache und Altertumskunde;0
-;Journal of Pacific History;0
-;Journal for the Study of the New Testament;0
-;International Journal of Asian Studies;0
-;International Journal of Materials & Product Technology;0
-;Zeitschrift fuer die alttestamentliche Wissenschaft;0
-;Middle Eastern Literatures;0
-;British Journal of Surgery;0
-;Polis;0
-;Zeitschrift fuer Romanische Philologie;0
-;Zeitschrift fuer Evangelische Ethik;0
-;Clcweb-Comparative Literature and Culture;0
-;Zeitschrift fuer Kunstgeschichte;0
-;Journal of the Royal Anthropological Institute;0
-;Zeitschrift fuer Religions-Und Geistesgeschichte;0
-;Scottish Journal of Theology;0
-;Sculpture Journal;0
-;Historia Ciencias Saude-Manguinhos;0
-;Zeitschrift fuer Theologie und Kirche;0
-;Bulletin of Spanish Studies;0
-;ARQ-Architectural Research Quarterly;0
-;Zhurnal Obshchei Biologii;0
-;Zoologichesky Zhurnal;0
-;Orbis Litterarum;0
-;Wasafiri;0
-;American Studies in Scandinavia;0
-;French History;0
-;Renaissance Studies;0
-;Anuario Filosofico;0
-;Architectura-Zeitschrift fuer Geschichte der Baukunst;0
-;Archiv fuer Papyrusforschung und Verwandte Gebiete;0
-;Ideas y Valores;0
-;Revista Colombiana de Ciencias Pecuarias;0
-;Austrian History Yearbook;0
-;Journal of Contemporary Religion;0
-;Historia Critica;0
-;Journal of Immunology;0
-;Buddhist Studies Review;0
-;Journal of Interdisciplinary History;0
-;Journal of Tropical Forest Science;0
-;Journal of Jewish Studies;0
-;Journal of Latin American Studies;0
-;Journal for the Study of Judaism;0
-;Tydskrif vir Geesteswetenskappe;0
-;Camera Obscura;0
-;New Theatre Quarterly;0
-;Contemporary British History;0
-;Romanticism;0
-;University of Pittsburgh Law Review;0
-;University of Toronto Quarterly;0
-;Cultural & Social History;0
-;Word & Image;0
-;Litterature;0
-;Veterinary Record;0
-;Modern Theology;0
-;Diasporas-Histoire et Societes;0
-;Vierteljahrshefte fuer Zeitgeschichte;0
-;Fashion Theory-The Journal of Dress Body & Culture;0
-;Zeitschrift fuer Antikes Christentum-Journal of Ancient Christianity;0
-;Bulletin Hispanique;0
-;Revue de Metaphysique et de Morale;0
-;Industrial Archaeology Review;0
-;War in History;0
-;Revue d'Histoire Ecclesiastique;0
-;eco.mont-Journal on Protected Mountain Areas Research;0
-;Revue Francaise de Sociologie;0
-;Revue Neurologique;0
-;Revue Romane;0
-;Canadian Review of American Studies;0
-;Journal of Beckett Studies;0
-;Al-Masaq-Journal of the Medieval Mediterranean;0
-;Rivista di Filologia e di Istruzione Classica;0
-;Studi Francesi;0
-;Historical Research;0
-;Romance Philology;0
-;Australian Journal of French Studies;0
-;Revolutionary Russia;0
-;Cambridge Quarterly;0
-;Vernacular Architecture;0
-;Zeitschrift fuer Orthopadie und Unfallchirurgie;0
-;Canadian Historical Review;0
-;Pakistan Journal of Pharmaceutical Sciences;0
-;Archives of Cardiovascular Diseases;0
-;Canadian Theatre Review;0
-;Style;0
-;Russian Review;0
-;Deleuze and Guattari Studies;0
-;IEEE Computational Intelligence Magazine;0
-;Voix & Images;0
-;Archiv fuer das Studium der neueren Sprachen und Literaturen;0
-;Beitrage zur Geschichte der Deutschen Sprache und Literatur;0
-;Social History of Medicine;0
-;Papers of the Bibliographical Society of America;0
-;Innovation in Aging;0
-;Indian Journal of Gender Studies;0
-;Trends in Classics;0
-;Bijdragen Tot de Taal- Land- en Volkenkunde;0
-;Neohelicon;0
-;Acta Theologica;0
-;Early Music;0
-;Studies in Religion-Sciences Religieuses;0
-;Archivos Argentinos de Pediatria;0
-;Tempo;0
-;Jnt-Journal of Narrative Theory;0
-;Scientific American;0
-;Journal of Virus Eradication;0
-;Indian Journal of Surgery;0
-;Index on Censorship;0
-;Texas Studies in Literature and Language;0
-;Biological Psychiatry;0
-;Cancer Research;0
-;British Catholic History;0
-;Theatre Survey;0
-;Sefarad;0
-;Biophysical Journal;0
-;Theology Today;0
-;Ecclesiastical Law Journal;0
-;Castanea;0
-;Veterinaria Mexico;0
-;Jewish History;0
-;Analele Stiintifice Ale Universitatii Ovidius Constanta-Seria Matematica;0
-;Revue d'Etudes Comparatives Est-Ouest;0
-;Central Asiatic Journal;0
-;French Cultural Studies;0
-;Nutrition Clinique et Metabolisme;0
-;Sante Publique;0
-;Tijdschrift voor Geschiedenis;0
-;Anglia-Zeitschrift fuer Englische Philologie;0
-;Journal of Egyptian Archaeology;0
-;Southwestern Historical Quarterly;0
-;Journal of the Society of Architectural Historians;0
-;Chemie in unserer Zeit;0
-;Journal of Synthetic Organic Chemistry Japan;0
-;Denkmalpflege;0
-;Kritika Kultura;0
-;Allgemeine Zeitschrift fuer Philosophie;0
-;Review of English Studies;0
-;Sociologisk Forskning;0
-;Irish Studies Review;0
-;International Journal of Philosophical Studies;0
-;Zeitschrift fuer Geburtshilfe und Neonatologie;0
-;Archivo Espanol de Arte;0
-;Diabetologie und Stoffwechsel;0
-;Journal of Middle East Womens Studies;0
-;Journal of Medical Biography;0
-;Journal of the Philosophy of History;0
-;Art Journal;0
-;Journal of Imperial and Commonwealth History;0
-;International Journal of the Platonic Tradition;0
-;Soundings;0
-;International Journal of Public Theology;0
-;Gefahrstoffe Reinhaltung der Luft;0
-;Revue de l'Histoire des Religions;0
-;Quarterly Review of Biology;0
-;Journal of Legal Medicine;0
-;Philosophical Forum;0
-;Philosophical Review;0
-;Philosophische Rundschau;0
-;Journal of Popular Film and Television;0
-;Philosophy;0
-;Philosophy and Rhetoric;0
-;Philosophy Today;0
-;Postmodern Culture;0
-;Rehabilitation;0
-;Phronesis-A Journal for Ancient Philosophy;0
-;Religious Studies;0
-;Medicine & Science in Sports & Exercise;0
-;Renaissance and Reformation;0
-;Notarzt;0
-;Text and Performance Quarterly;0
-;Annals of Emergency Medicine;0
-;Pferdeheilkunde;0
-;Journal of Architectural Education;0
-;Journal of Philosophical Research;0
-;Restaurator-International Journal for the Preservation of Library and Archival Material;0
-;TDR-The Drama Review-The Journal of Performance Studies;0
-;Obstetrical & Gynecological Survey;0
-;Planta Medica;0
-;North American Archaeologist;0
-;Cahiers Elisabethains;0
-;International Journal of Gynecological Cancer;0
-;Revista Mexicana de Astronomia y Astrofisica;0
-;Population;0
-;Philosophical Investigations;0
-;Boundary 2-An International Journal of Literature and Culture;0
-;Paedagogica Historica;0
-;Psyche-Zeitschrift fuer Psychoanalyse und Ihre Anwendungen;0
-;Anuario de Estudios Americanos;0
-;Revista de Filologia Espanola;0
-;Psychoanalytic Quarterly;0
-;Anales del Seminario de Historia de la Filosofia;0
-;Pamietnik Literacki;0
-;Al-Qantara;0
-;Patterns of Prejudice;0
-;Journal of Vascular and Interventional Radiology;0
-;Revista Internacional de Metodos Numericos Para Calculo y Diseno en Ingenieria;0
-;Pensamiento;0
-;Atherosclerosis;0
-;Cahiers du Monde Russe;0
-;Africa;0
-;Journal of Biblical Literature;0
-;Postepy w Kardiologii Interwencyjnej;0
-;Critical Survey;0
-;Annales de Biologie Clinique;0
-;African Arts;0
-;Essays in Criticism;0
-;Critique-Studies in Contemporary Fiction;0
-;African Studies Review;0
-;Ethnohistory;0
-;Nan Nu-Men Women and Gender in China;0
-;Agricultural History;0
-;Journal of British Studies;0
-;Etudes Francaises;0
-;Revista Chilena de Literatura;0
-;European Journal of Gynaecological Oncology;0
-;Journal of the Academy of Nutrition and Dietetics;0
-;Etudes Litteraires;0
-;Etudes Theologiques et Religieuses;0
-;Rivista di Storia Della Filosofia;0
-;Annals of the Rheumatic Diseases;0
-;Revista Clinica Espanola;0
-;Dm Disease-A-Month;0
-;Annee Psychologique;0
-;Journal of the American Academy of Religion;0
-;American Antiquity;0
-;Revue d'Epidemiologie et de Sante Publique;0
-;Antiquaries Journal;0
-;American Biology Teacher;0
-;Hamostaseologie;0
-;Annales de Bretagne et des Pays de l'Ouest;0
-;Colonial Latin American Review;0
-;Deutsche Vierteljahrsschrift fuer Literaturwissenschaft und Geistesgeschichte;0
-;Journal of Church and State;0
-;IEEE Circuits and Systems Magazine;0
-;Developing Economies;0
-;Folk Life-Journal of Ethnological Studies;0
-;Russian Studies in Philosophy;0
-;NWIG-New West Indian Guide-Nieuwe West-Indische Gids;0
-;International Surgery;0
-;Interpretation-A Journal of Bible and Theology;0
-;Arcadia;0
-;American Historical Review;0
-;Militargeschichtliche Zeitschrift;0
-;Journal of Moral Philosophy;0
-;Architectural Design;0
-;American Journal of Archaeology;0
-;Nineteenth-Century Contexts-An Interdisciplinary Journal;0
-;Journal of Comparative Pathology;0
-;Neurocirugia;0
-;Irish Historical Studies;0
-;Dialectica;0
-;Irish Theological Quarterly;0
-;Dialogue-Canadian Philosophical Review;0
-;Geschichte und Gesellschaft;0
-;ICGA Journal;0
-;Church History;0
-;Archives Europeennes de Sociologie;0
-;Anuario de Historia de la Iglesia;0
-;Contemporary French and Francophone Studies;0
-;Islam-Zeitschrift fuer Geschichte und Kultur des Islamischen Orients;0
-;Chest;0
-;Signa-Revista de la Asociacion Espanola de Semiotica;0
-;Dix-Septieme Siecle;0
-;Canadian Journal of Diabetes;0
-;Anq-A Quarterly Journal of Short Articles Notes and Reviews;0
-;American Journal of Gastroenterology;0
-;Ayer;0
-;Bunseki Kagaku;0
-;Classical Quarterly;0
-;American Journal of International Law;0
-;Jahrbucher fuer Geschichte Osteuropas;0
-;American Journal of Nursing;0
-;Ethnomusicology Forum;0
-;AORN Journal;0
-;Japanese Journal of Applied Entomology and Zoology;0
-;Romanian Journal of Legal Medicine;0
-;Literature Compass;0
-;Tijdschrift voor Communicatiewetenschap;0
-;Bulletin de l'Academie Nationale de Medecine;0
-;Nippon Suisan Gakkaishi;0
-;American Literary History;0
-;American Journal of Sociology;0
-;Journal of Ecclesiastical History;0
-;Scripta Nova-Revista Electronica de Geografia y Ciencias Sociales;0
-;American Journal of the Medical Sciences;0
-;Journal of Early Modern History;0
-;American Mathematical Monthly;0
-;Ecumenical Review;0
-;Journal of Womens History;0
-;Journal of African History;0
-;Iran-Journal of the British Institute of Persian Studies;0
-;Journal of the American Oriental Society;0
-;Comparative Literature Studies;0
-;Journal of American History;0
-;Costume-The Journal of the Costume Society;0
-;Contemporary Pacific;0
-;PCI Journal;0
-;Technical Physics;0
-;Journal Awwa;0
-;English Historical Review;0
-;International History Review;0
-;English Literary Renaissance;0
-;Kantian Review;0
-;Revista Musical Chilena;0
-;International Dental Journal;0
-;Journal of British Cinema and Television;0
-;Entomological News;0
-;Proceedings of the Entomological Society of Washington;0
-;Gayana;0
-;Acta Bioethica;0
-;Acta Literaria;0
-;Kodai Mathematical Journal;0
-;Journal of Asian Studies;0
-;Historia-Santiago;0
-;Historisk Tidsskrift;0
-;Ultraschall in der Medizin;0
-;Bulletin of Symbolic Logic;0
-;History of Religions;0
-;ariel-A Review of International English Literature;0
-;Henry James Review;0
-;Literature and Medicine;0
-;Pluralist;0
-;Fontes Artis Musicae;0
-;Modernism-Modernity;0
-;Esprit Createur;0
-;Hong Kong Medical Journal;0
-;Forum for Modern Language Studies;0
-;American Journal of Respiratory and Critical Care Medicine;0
-;IEEE Spectrum;0
-;International Journal of Feminist Approaches to Bioethics;0
-;Indian Historical Review;0
-;French Studies;0
-;Tempo-Niteroi;0
-;American Art;0
-;Gaceta Medica de Mexico;0
-;Journal of Derivatives;0
-;Gastrointestinal Endoscopy;0
-;Drugs of the Future;0
-;RoFo-Fortschritte auf dem Gebiet der Rontgenstrahlen und der bildgebenden Verfahren;0
-;JCMS-Journal of Cinema and Media Studies;0
-;Bangladesh Journal of Plant Taxonomy;0
-;International Philosophical Quarterly;0
-;Itinerario-International Journal on the History of European Expansion and Global Interaction;0
-;20 et 21-Revue d'Histoire;0
-;Fisheries;0
-;Suchttherapie;0
-;Revue Francaise d'Allergologie;0
-;Heart Lung and Circulation;0
-;Pancreatology;0
-;Folia Linguistica;0
-;Reproduction Fertility and Development;0
-;Mississippi Quarterly;0
-;Allergologie;0
-;ISLE-Interdisciplinary Studies in Literature and Environment;0
-;Turkish Historical Review;0
-;Sugar Industry-Zuckerindustrie;0
-;Weed Biology and Management;0
-;Journal of Hepatology;0
-;German Life and Letters;0
-;Germanic Review;0
-;Gesta-International Center of Medieval Art;0
-;Filozofska Istrazivanja;0
-;Gnomon-Kritische Zeitschrift fuer die gesamte klassische Altertumswissenschaft;0
-;IEEE Industry Applications Magazine;0
-;Greece & Rome;0
-;American Imago;0
-;Arthuriana;0
-;Harvard Theological Review;0
-;Tieraerztliche Praxis Ausgabe Grosstiere Nutztiere;0
-;Eighteenth Century-Theory and Interpretation;0
-;Hermes-Zeitschrift fuer Klassische Philologie;0
-;Heythrop Journal;0
-;Extrapolation;0
-;Differences-A Journal of Feminist Cultural Studies;0
-;Forum Italicum;0
-;Hispania-Revista Espanola de Historia;0
-;Bauphysik;0
-;Srpski Arhiv za Celokupno Lekarstvo;0
-;HAHR-Hispanic American Historical Review;0
-;Horizons;0
-;Historian;0
-;Fibre Chemistry;0
-;Gynecologie Obstetrique Fertilite & Senologie;0
-;Historicky Casopis;0
-;Filtration & Separation;0
-;Comparative Drama;0
-;International Journal of Hindu Studies;0
-;Vlaams Diergeneeskundig Tijdschrift;0
-;Juvenile and Family Court Journal;0
-;Anthropology & Education Quarterly;0
-;Russian Literature;0
-;Northwest Science;0
-;Notes and Queries;0
-;Nottingham French Studies;0
-;Contemporary Pragmatism;0
-;Medicina Dello Sport;0
-;Medium Aevum;0
-;Dance Chronicle;0
-;Environmental Ethics;0
-;Daphnis-Zeitschrift fuer Mittlere Deutsche Literatur;0
-;Konsthistorisk Tidskrift;0
-;Melus;0
-;Laboratory Investigation;0
-;Historia y Politica;0
-;Laeknabladid;0
-;Revista de Economia Mundial;0
-;Leonardo;0
-;Lex Localis-Journal of Local Self-Government;0
-;Historical Journal of Film Radio and Television;0
-;American Journal of Semiotics;0
-;Journal of Legal History;0
-;Cultura-International Journal of Philosophy of Culture and Axiology;0
-;Theoretical Linguistics;0
-;Monthly Review-An Independent Socialist Magazine;0
-;Informacios Tarsadalom;0
-;Experimental Hematology;0
-;Moyen Age;0
-;Music & Letters;0
-;African and Asian Studies;0
-;Journal of Chinese Philosophy;0
-;Asterisque;0
-;Theater;0
-;Mariners Mirror;0
-;Scandinavian Journal of the Old Testament;0
-;Perspectives on Politics;0
-;Shaw-The Journal of Bernard Shaw Studies;0
-;Queen Mary Journal of Intellectual Property;0
-;Nordic Theatre Studies;0
-;Journal of the History of Philosophy;0
-;Kritika-Explorations in Russian and Eurasian History;0
-;Archives and Records-The Journal of the Archives and Records Association;0
-;Journal of Mathematical Physics Analysis Geometry;0
-;Annals of Oncology;0
-;Acta Crystallographica A-Foundation and Advances;0
-;Journal of Film and Video;0
-;Heart Rhythm;0
-;Revista Espanola de Medicina Nuclear e Imagen Molecular;0
-;CEA Critic;0
-;Journal for Eighteenth-Century Studies;0
-;Caravelle;0
-;Contemporary Womens Writing;0
-;Religion & Literature;0
-;Orthopaedic Nursing;0
-;Opera Quarterly;0
-;Parergon;0
-;Dao-A Journal of Comparative Philosophy;0
-;Journal of Chinese Literature and Culture;0
-;European Psychiatry;0
-;French Review;0
-;Structural Dynamics-US;0
-;Journal of the Society of Christian Ethics;0
-;Civil War History;0
-;War & Society;0
-;Early American Literature;0
-;Massachusetts Review;0
-;Early Popular Visual Culture;0
-;French Forum;0
-;Walt Whitman Quarterly Review;0
-;Journal of Vision;0
-;Photography and Culture;0
-;Translation Review;0
-;Acta Ophthalmologica;0
-;China Journal;0
-;Architectural Theory Review;0
-;Law and History Review;0
-;Psycho-Oncologie;0
-;International Research in Childrens Literature;0
-;Asian Perspectives-The Journal of Archaeology for Asia and the Pacific;0
-;Great Plains Quarterly;0
-;European Review of History-Revue Europeenne d'Histoire;0
-;Britain and the World;0
-;Nineteenth-Century French Studies;0
-;Signa Vitae;0
-;Quaestio Rossica;0
-;Gedrag & Organisatie;0
-;Co-herencia;0
-;Lab Animal;0
-;Bulletin of the Comediantes;0
-;Theatre Dance and Performance Training;0
-;Romance Quarterly;0
-;Cold War History;0
-;Trace Elements and Electrolytes;0
-;Progress in Computational Fluid Dynamics;0
-;Journal of Literary Studies;0
-;Veterinary and Comparative Orthopaedics and Traumatology;0
-;Catholic Biblical Quarterly;0
-;Zeitgeschichte;0
-;Russian History-Histoire Russe;0
-;IEEE Electrical Insulation Magazine;0
-;International Journal of Obstetric Anesthesia;0
-;Journal of Institutional and Theoretical Economics-Zeitschrift fuer die gesamte Staatswissenschaft;0
-;Anthropos;0
-;Augustinian Studies;0
-;Scriblerian and the Kit-Cats;0
-;South African Historical Journal;0
-;Value in Health;0
-;Viator-Medieval and Renaissance Studies;0
-;Dissent;0
-;Metu Journal of the Faculty of Architecture;0
-;Zeitschrift fuer Assyriologie und Vorderasiatische Archaologie;0
-;Revue des Maladies Respiratoires;0
-;Hispanofila;0
-;International Journal of Systematic Theology;0
-;Urban History;0
-;Tecnologia y Ciencias del Agua;0
-;Journal of Arabic Literature;0
-;Research in Phenomenology;0
-;Journal of Spanish Cultural Studies;0
-;Theatre History Studies;0
-;American Book Review;0
-;Hume Studies;0
-;Critical Care Medicine;0
-;Review of Metaphysics;0
-;Cahiers Victoriens & Edouardiens;0
-;Journal of African Law;0
-;Journal of Song-Yuan Studies;0
-;Quaderni d'Italianistica;0
-;Western American Literature;0
-;Bulletin of Latin American Research;0
-;Biblical Interpretation-A Journal of Contemporary Approaches;0
-;Biologicheskie Membrany;0
-;Telos;0
-;Contemporary Political Theory;0
-;Politics Religion & Ideology;0
-;Journal of Urban History;0
-;Annales de Pathologie;0
-;Criticon;0
-;Journal of Quranic Studies;0
-;Magic Ritual and Witchcraft;0
-;Journal of Korean Studies;0
-;Goethe Jahrbuch;0
-;Public Archaeology;0
-;Medecine Nucleaire-Imagerie Fonctionnelle et Metabolique;0
-;Diseases of the Esophagus;0
-;Journal of the British Archaeological Association;0
-;Ultrasound in Obstetrics & Gynecology;0
-;Anasthesiologie Intensivmedizin Notfallmedizin Schmerztherapie;0
-;Papers of the British School at Rome;0
-;Eighteenth-Century Fiction;0
-;Dead Sea Discoveries;0
-;Canadian Journal of Film Studies-Revue Canadienne d'Etudes Cinematographiques;0
-;Film-Philosophy;0
-;Journal of the Civil War Era;0
-;Neuromuscular Disorders;0
-;International Journal of Environment and Pollution;0
-;American Jewish History;0
-;Proyecto Progreso Arquitectura;0
-;Science-Fiction Studies;0
-;Italian Studies;0
-;Plainsong & Medieval Music;0
-;Journal of Early Christian Studies;0
-;Latin American Theatre Review;0
-;Physikalische Medizin Rehabilitationsmedizin Kurortmedizin;0
-;Journal of Roman Studies;0
-;Rossiiskaya Arkheologiya;0
-;Philosophy and Literature;0
-;Linguistique;0
-;Common Knowledge;0
-;Gesundheitswesen;0
-;Parliamentary History;0
-;New England Review-Middlebury Series;0
-;Melanges de la Casa de Velazquez;0
-;Studies in the History of Gardens & Designed Landscapes;0
-;Method & Theory in the Study of Religion;0
-;Knowledge Organization;0
-;Oxford German Studies;0
-;Occupational Medicine-Oxford;0
-;Nephrology Dialysis Transplantation;0
-;Artmargins;0
-;International Journal of Neuropsychopharmacology;0
-;Post-Medieval Archaeology;0
-;Voprosy Filosofii;0
-;Journal of Theological Studies;0
-;Journal of Elementology;0
-;Twentieth-Century Music;0
-;Wasserwirtschaft;0
-;Public Historian;0
-;European Journal of Communication;0
-;Kriterion-Revista de Filosofia;0
-;Ramus-Critical Studies in Greek and Roman Literature;0
-;Weather;0
-;Journal of the Royal Asiatic Society;0
-;Kant-Studien;0
-;Revue d'Histoire Moderne et Contemporaine;0
-;Western Historical Quarterly;0
-;Art History;0
-;Estudos Ibero-Americanos;0
-;Journal of Latin American Cultural Studies;0
-;Modern Intellectual History;0
-;Health Policy and Planning;0
-;Nineteenth-Century Music Review;0
-;Seventeenth Century;0
-;Womens Studies-An Interdisciplinary Journal;0
-;Zeitschrift fuer Anglistik und Amerikanistik;0
-;Zeitschrift fuer Bibliothekswesen und Bibliographie;0
-;HPB;0
-;LiLi-Zeitschrift fuer Literaturwissenschaft und Linguistik;0
-;Zeitschrift fuer die neutestamentliche Wissenschaft und die Kunde der alteren Kirche;0
-;Informacao & Sociedade-Estudos;0
-;Acta Archaeologica;0
-;Zeitschrift fuer Gastroenterologie;0
-;Zeitschrift fuer Philosophische Forschung;0
-;Revista de Filosofia Aurora;0
-;CEPAL Review;0
-;Zeitschrift fuer Slawistik;0
-;Continuity and Change;0
-;Zentralblatt fuer Chirurgie;0
-;Bulletin of Hispanic Studies;0
-;Zhurnal Vysshei Nervnoi Deyatelnosti Imeni i P Pavlova;0
-;Oxford Art Journal;0
-;Astronomy & Geophysics;0
-;Amerasia Journal;0
-;Journal of the Royal Musical Association;0
-;Journal of Popular Culture;0
-;Literature and Theology;0
-;Paragraph;0
-;Anuario de Estudios Medievales;0
-;Archipel-Etudes Interdisciplinaires sur Le Monde Insulindien;0
-;Architectural History;0
-;Britannia;0
-;Journal of Religion;0
-;Journal of Religious History;0
-;Journal of Indian Philosophy;0
-;Zeitschrift fuer Klinische Psychologie und Psychotherapie;0
-;Tijdschrift voor Rechtsgeschiedenis-Revue d'Histoire du Droit-The Legal History Review;0
-;Filozofia;0
-;Science in Context;0
-;European History Quarterly;0
-;English Language & Linguistics;0
-;Journal of Investigative Dermatology;0
-;History of Education;0
-;Journal of Semitic Studies;0
-;Journal of Modern Italian Studies;0
-;Journal of Social History;0
-;Russkaia Literatura;0
-;Twentieth Century Literature;0
-;German History;0
-;Tydskrif vir Letterkunde;0
-;Journal of Southeast Asian Studies;0
-;Eighteenth-Century Life;0
-;International Journal of Technology Assessment in Health Care;0
-;Journal of European Studies;0
-;Studies in World Christianity;0
-;Bulletin of the School of Oriental and African Studies-University of London;0
-;Zeitschrift fuer Evaluation;0
-;University of Toronto Law Journal;0
-;Journal of Victorian Culture;0
-;Vetus Testamentum;0
-;Novum Testamentum;0
-;Vigiliae Christianae;0
-;Journal of the International Neuropsychological Society;0
-;Studies in American Jewish Literature;0
-;Translation and Literature;0
-;Revue des Sciences Philosophiques et Theologiques;0
-;Journal for the Study of the Old Testament;0
-;Algebra Colloquium;0
-;Revue du Nord;0
-;Revue Historique;0
-;Journal of Nietzsche Studies;0
-;Speculum-A Journal of Medieval Studies;0
-;Revue Philosophique de la France et de l'Etranger;0
-;Stahlbau;0
-;Business History Review;0
-;Textual Practice;0
-;Byzantinische Zeitschrift;0
-;Rhodora;0
-;Oxford Literary Review;0
-;Rivista di Estetica;0
-;Dutch Crossing-Journal of Low Countries Studies;0
-;Cahiers de Civilisation Medievale;0
-;Romanische Forschungen;0
-;Journal of Thoracic Oncology;0
-;Cambridge Law Journal;0
-;Australian Journal of Politics and History;0
-;Angelaki-Journal of the Theoretical Humanities;0
-;Studia Neophilologica;0
-;Journal of the History of Collections;0
-;Nuclear Medicine and Biology;0
-;Slovo;0
-;Clinical Lymphoma Myeloma & Leukemia;0
-;Historia Mathematica;0
-;International Journal of Integrated Care;0
-;Biochimica et Biophysica Acta-Bioenergetics;0
-;National Medical Journal of India;0
-;Bauingenieur;0
-;Journal of Islamic Studies;0
-;Asian Philosophy;0
-;Symposium-A Quarterly Journal in Modern Literatures;0
-;Journal of Hip Preservation Surgery;0
-;Religious Studies Review;0
-;London Journal;0
-;Scandinavian Studies;0
-;Biblische Zeitschrift;0
-;Zeitschrift fuer Germanistik;0
-;Science & Society;0
-;Environment Protection Engineering;0
-;Literature & History-Third Series;0
-;Medieval History Journal;0
-;Physiology;0
-;Comitatus-A Journal of Medieval and Renaissance Studies;0
-;Mediterranean Historical Review;0
-;Missouri Review;0
-;International Journal of Human Genetics;0
-;Textile History;0
-;Screen;0
-;Indian Journal of Traditional Knowledge;0
-;International Journal of the History of Sport;0
-;Theological Studies;0
-;Keats-Shelley Review;0
-;Seminar-A Journal of Germanic Studies;0
-;Theory of Computing;0
-;Journal of Design History;0
-;Shakespeare Quarterly;0
-;Central European History;0
-;Slavic Review;0
-;Chaucer Review;0
-;Eire-Ireland;0
-;Byzantine and Modern Greek Studies;0
-;Guerres Mondiales et Conflits Contemporains;0
-;Feminist Theology;0
-;Surgery for Obesity and Related Diseases;0
-;Social History;0
-;Europe-Asia Studies;0
-;Third Text;0
-;British Dental Journal;0
-;Internationales Archiv fuer Sozialgeschichte der Deutschen Literatur;0
-;Bulletin de la Societe Mathematique de France;0
-;British Journal for the History of Science;0
-;Medical Research Archives;0
-;Sen-i Gakkaishi;0
-;Andamios;0
-;Theatre Research International;0
-;Gender and History;0
-;Sociologie du Travail;0
-;Zeitschrift der Deutschen Morgenlandischen Gesellschaft;0
-;Physics World;0
-;Revista de Indias;0
-;International Journal on Criminology;0
-;Environment and History;0
-;Studies in Christian Ethics;0
-;Revista de Literatura;0
-;Studies in History and Theory of Architecture-Studii de Istoria Si Teoria Arhitecturii;0
-;Imago Mundi-The International Journal for the History of Cartography;0
-;Revista Iberoamericana;0
-;Art Bulletin;0
-;Journal of Medieval History;0
-;History of Photography;0
-;Revue de Geographie Alpine-Journal of Alpine Research;0
-;Journal of Minimally Invasive Gynecology;0
-;RLC-Revue de Litterature Comparee;0
-;Philologus;0
-;Philosophisches Jahrbuch;0
-;Journal of Heart and Lung Transplantation;0
-;Religious Education;0
-;Utopian Studies;0
-;Renaissance Quarterly;0
-;Journal of the American Society of Nephrology;0
-;Physiotherapy;0
-;Proceedings of the Nutrition Society;0
-;Journal of Roman Archaeology;0
-;Oceania;0
-;Mitteilungen der Osterreichischen Geographischen Gesellschaft;0
-;Political Science Quarterly;0
-;Contemporary Theatre Review;0
-;Historia Mexicana;0
-;Revista Fitotecnia Mexicana;0
-;Praktische Metallographie-Practical Metallography;0
-;Pmla-Publications of the Modern Language Association of America;0
-;International Journal of Nautical Archaeology;0
-;Pacific Historical Review;0
-;Asclepio-Revista de Historia de la Medicina y de la Ciencia;0
-;Przemysl Chemiczny;0
-;Gastroenterologia y Hepatologia;0
-;Atlantis-Journal of the Spanish Association of Anglo-American Studies;0
-;Anuario Musical;0
-;Revista Espanola de Derecho Constitucional;0
-;History of European Ideas;0
-;Dynamis;0
-;IEEE Annals of the History of Computing;0
-;Revista de Historia Economica;0
-;American Catholic Philosophical Quarterly;0
-;RILCE-Revista de Filologia Hispanica;0
-;Annals of Science;0
-;Transfusion Clinique et Biologique;0
-;GLQ-A Journal of Lesbian and Gay Studies;0
-;Petrophysics;0
-;Critical Quarterly;0
-;Esprit;0
-;Atenea;0
-;Critique;0
-;Annales d'Endocrinologie;0
-;Ethics;0
-;Neuro-Oncology;0
-;Annales Medico-Psychologiques;0
-;Cinemas d'Amerique Latine;0
-;Ethnomusicology;0
-;Etudes Anglaises;0
-;Magallania;0
-;International Journal of Middle East Studies;0
-;Etudes Germaniques;0
-;Revista 180;0
-;Comparative Critical Studies;0
-;Etudes Philosophiques;0
-;Revista de Filosofia;0
-;Victorian Poetry;0
-;Victorian Literature and Culture;0
-;Oral Surgery Oral Medicine Oral Pathology Oral Radiology;0
-;International Insolvency Review;0
-;Nuncius-Journal of the History of Science;0
-;Revue Francaise d'Etudes Americaines;0
-;Literary Imagination;0
-;Fortschritte der Neurologie Psychiatrie;0
-;Deutsche Medizinische Wochenschrift;0
-;IEEE Control Systems Magazine;0
-;Deutsche Zeitschrift fuer Philosophie;0
-;International Review of Social History;0
-;Chemistry & Industry;0
-;Transactions of the American Entomological Society;0
-;New Review of Film and Television Studies;0
-;Journal of Anglican Studies;0
-;Diabetes;0
-;Jahrbuch fuer Internationale Germanistik;0
-;European Journal of English Studies;0
-;Journal of Postcolonial Writing;0
-;Feministische Studien;0
-;Iranian Studies;0
-;Ceska A Slovenska Neurologie A Neurochirurgie;0
-;Review-Literature and Arts of the Americas;0
-;Gruppenpsychotherapie und Gruppendynamik;0
-;Isegoria;0
-;Dialog-A Journal of Theology;0
-;Chinese Studies in History;0
-;Archiv fuer Geschichte der Philosophie;0
-;Shakespeare;0
-;Zeitschrift fuer Psychosomatische Medizin und Psychotherapie;0
-;Irish University Review;0
-;American Journal of Clinical Pathology;0
-;Circulation;0
-;Archives of American Art Journal;0
-;Journal of Contemporary History;0
-;Zivot Umjetnosti;0
-;Cirugia Espanola;0
-;Studia Theologica-Czech Republic;0
-;Journal of the American Academy of Child and Adolescent Psychiatry;0
-;Classical Philology;0
-;Early Science and Medicine;0
-;Problemos;0
-;Classical Review;0
-;Grey Room;0
-;Clinical Chemistry;0
-;Perinola-Revista de Investigacion Quevediana;0
-;Litteratures;0
-;Toxicology Letters;0
-;Journal of Speculative Philosophy;0
-;Economic Record;0
-;Alea-Estudos Neolatinos;0
-;American Literature;0
-;Arabica;0
-;Nineteenth-Century Literature;0
-;PAJ-A Journal of Performance and Art;0
-;Muzikoloski Zbornik;0
-;IEEE Microwave Magazine;0
-;Journal of Cold War Studies;0
-;AIBR-Revista de Antropologia Iberoamericana;0
-;Comparative Literature;0
-;Journal of American Folklore;0
-;Journal of the American Psychoanalytic Association;0
-;Journal of American Studies;0
-;Labour-Le Travail;0
-;Journal of World History;0
-;European Heart Journal Supplements;0
-;American Scientist;0
-;Endoscopy;0
-;Victorian Periodicals Review;0
-;Acta Poloniae Pharmaceutica;0
-;Acadiensis;0
-;English;0
-;Technical Physics Letters;0
-;Americas;0
-;English Language Notes;0
-;Contemporary Physics;0
-;Material Religion;0
-;English Studies;0
-;Revista Chilena de Infectologia;0
-;Topological Methods in Nonlinear Analysis;0
-;Alpha-Revista de Artes Letras y Filosofia;0
-;Biography-An Interdisciplinary Quarterly;0
-;Filozofia Nauki;0
-;Aktuelle Urologie;0
-;Journal of the Anatomical Society of India;0
-;Journal of Sexual Medicine;0
-;International Journal of American Linguistics;0
-;Journal of Asian History;0
-;arq;0
-;Journal of Neurological Surgery Part B-Skull Base;0
-;Chungara-Revista de Antropologia Chilena;0
-;History;0
-;Religion and the Arts;0
-;Dress-The Journal of the Costume Society of America;0
-;English Studies in Canada;0
-;Folklore;0
-;Exemplaria-Medieval Early Modern Theory;0
-;Partial Answers-Journal of Literature and the History of Ideas;0
-;Configurations;0
-;International Journal of the Classical Tradition;0
-;Lion and the Unicorn;0
-;MFS-Modern Fiction Studies;0
-;Folklore-Electronic Journal of Folklore;0
-;Brazilian Journal of Physical Therapy;0
-;French Historical Studies;0
-;Traditio-Studies in Ancient and Medieval History Thought and Religion;0
-;Radiotherapy and Oncology;0
-;James Joyce Quarterly;0
-;Studies in Nonlinear Dynamics and Econometrics;0
-;Brazilian Journal of Infectious Diseases;0
-;Gastroenterology;0
-;Geburtshilfe und Frauenheilkunde;0
-;Genetics Research;0
-;BMGN-The Low Countries Historical Review;0
-;Common Market Law Review;0
-;Journal of Family History;0
-;Aktuelle Rheumatologie;0
-;Iberoromania;0
-;Journal of Medieval and Early Modern Studies;0
-;IEEE Industrial Electronics Magazine;0
-;Expressions Maghrebines;0
-;Indian Economic and Social History Review;0
-;Lit-Literature Interpretation Theory;0
-;Journal of English and Germanic Philology;0
-;Mathematical Intelligencer;0
-;Australian Historical Studies;0
-;Journal of Australian Studies;0
-;Early Modern Women-An Interdisciplinary Journal;0
-;Indo-Iranian Journal;0
-;German Quarterly;0
-;Rijksmuseum Bulletin;0
-;Asian Studies Review;0
-;Gradevinar;0
-;Journal of Gemmology;0
-;Geodetski Vestnik;0
-;Giornale Storico Della Letteratura Italiana;0
-;Exchange-Journal of Contemporary Christianities in Context;0
-;European Legacy-Toward New Paradigms;0
-;Acta Clinica Croatica;0
-;Studies in the Novel;0
-;Life Writing;0
-;Jung Journal-Culture & Psyche;0
-;Holocaust and Genocide Studies;0
-;Neotestamentica;0
-;Sewanee Review;0
-;Evolution Psychiatrique;0
-;Turkish Neurosurgery;0
-;Journal of Cardiovascular Computed Tomography;0
-;Klinische Neurophysiologie;0
-;Indian Journal of Animal Research;0
-;Tieraerztliche Praxis Ausgabe Kleintiere Heimtiere;0
-;ESQ-A Journal of Nineteenth-Century American Literature and Culture;0
-;Explicator;0
-;International Review of Hydrobiology;0
-;Hand Surgery & Rehabilitation;0
-;Expository Times;0
-;Fabula;0
-;Hispania Sacra;0
-;Thoracic and Cardiovascular Surgeon;0
-;Internasjonal Politikk;0
-;Historia-Zeitschrift fuer Alte Geschichte;0
-;Historical Journal;0
-;Film Quarterly;0
-;Ben Jonson Journal;0
-;Historische Zeitschrift;0
